year,state,industry,startups_ recognized
2025,Assam,Analytics,4
2025,Assam,Advertising,5
2025,Assam,Architecture Interior Design,2
2025,Assam,AR VR (Augmented + Virtual Reality),1
2025,Assam,Automotive,7
2025,Assam,Art & Photography,3
2025,Assam,Animation,1
2025,Assam,Chemicals,3
2025,Assam,Telecommunication & Networking,6
2025,Assam,Construction,78
2025,Assam,Agriculture,44
2025,Assam,Aeronautics Aerospace & Defence,1
2025,Assam,AI,14
2025,Assam,Green Technology,15
2025,Assam,Events,2
2025,Assam,Fashion,5
2025,Assam,Finance Technology,14
2025,Assam,Enterprise Software,6
2025,Assam,Food & Beverages,32
2025,Assam,Design,1
2025,Assam,Education,27
2025,Assam,Renewable Energy,10
2025,Assam,Technology Hardware,15
2025,Assam,Healthcare & Lifesciences,57
2025,Assam,Internet of Things,3
2025,Assam,IT Services,33
2025,Assam,Human Resources,9
2025,Assam,Marketing,8
2025,Assam,Non- Renewable Energy,2
2025,Assam,Pets & Animals,3
2025,Assam,Media & Entertainment,4
2025,Assam,Retail,12
2025,Assam,House-Hold Services,6
2025,Assam,Professional & Commercial Services,26
2025,Assam,Sports,1
2025,Assam,Social Impact,9
2025,Assam,Textiles & Apparel,10
2025,Assam,Indic Language Startups,2
2025,Assam,Transportation & Storage,3
2025,Assam,Logistics,9
2025,Assam,Travel & Tourism,17
2025,Assam,Security Solutions,1
2025,Assam,Real Estate,1
2025,Assam,Other Specialty Retailers,5
2025,Assam,Biotechnology,2
2025,Assam,Waste Management,6
2025,Assam,Toys and Games,3
2025,Chandigarh,Analytics,1
2025,Chandigarh,Advertising,1
2025,Chandigarh,Automotive,5
2025,Chandigarh,Chemicals,1
2025,Chandigarh,Telecommunication & Networking,3
2025,Chandigarh,Construction,4
2025,Chandigarh,Agriculture,7
2025,Chandigarh,Aeronautics Aerospace & Defence,2
2025,Chandigarh,AI,14
2025,Chandigarh,Green Technology,2
2025,Chandigarh,Events,1
2025,Chandigarh,Fashion,1
2025,Chandigarh,Finance Technology,3
2025,Chandigarh,Enterprise Software,3
2025,Chandigarh,Food & Beverages,7
2025,Chandigarh,Education,5
2025,Chandigarh,Renewable Energy,4
2025,Chandigarh,Technology Hardware,2
2025,Chandigarh,Healthcare & Lifesciences,17
2025,Chandigarh,Internet of Things,2
2025,Chandigarh,IT Services,5
2025,Chandigarh,Human Resources,1
2025,Chandigarh,Marketing,2
2025,Chandigarh,Nanotechnology,1
2025,Chandigarh,Pets & Animals,1
2025,Chandigarh,Media & Entertainment,2
2025,Chandigarh,Retail,2
2025,Chandigarh,House-Hold Services,1
2025,Chandigarh,Professional & Commercial Services,6
2025,Chandigarh,Sports,2
2025,Chandigarh,Social Impact,3
2025,Chandigarh,Textiles & Apparel,3
2025,Chandigarh,Transportation & Storage,1
2025,Chandigarh,Logistics,1
2025,Chandigarh,Travel & Tourism,4
2025,Chandigarh,Security Solutions,1
2025,Chandigarh,Real Estate,3
2025,Chandigarh,Robotics,1
2025,Chandigarh,Biotechnology,3
2025,Goa,Analytics,2
2025,Goa,Architecture Interior Design,1
2025,Goa,Automotive,3
2025,Goa,Construction,9
2025,Goa,Agriculture,5
2025,Goa,AI,8
2025,Goa,Green Technology,6
2025,Goa,Events,6
2025,Goa,Fashion,2
2025,Goa,Finance Technology,7
2025,Goa,Enterprise Software,3
2025,Goa,Food & Beverages,22
2025,Goa,Design,1
2025,Goa,Education,6
2025,Goa,Renewable Energy,3
2025,Goa,Technology Hardware,2
2025,Goa,Healthcare & Lifesciences,6
2025,Goa,Internet of Things,1
2025,Goa,IT Services,22
2025,Goa,Human Resources,2
2025,Goa,Marketing,5
2025,Goa,Non- Renewable Energy,2
2025,Goa,Media & Entertainment,2
2025,Goa,Retail,4
2025,Goa,House-Hold Services,2
2025,Goa,Professional & Commercial Services,10
2025,Goa,Sports,2
2025,Goa,Social Impact,2
2025,Goa,Social Network,1
2025,Goa,Textiles & Apparel,2
2025,Goa,Transportation & Storage,5
2025,Goa,Travel & Tourism,16
2025,Goa,Real Estate,5
2025,Goa,Other Specialty Retailers,4
2025,Goa,Robotics,2
2025,Goa,Biotechnology,2
2025,Goa,Waste Management,2
2025,Goa,Toys and Games,1
2025,Delhi,Analytics,15
2025,Delhi,Advertising,28
2025,Delhi,Architecture Interior Design,38
2025,Delhi,AR VR (Augmented + Virtual Reality),10
2025,Delhi,Automotive,68
2025,Delhi,Art & Photography,12
2025,Delhi,Animation,4
2025,Delhi,Chemicals,38
2025,Delhi,Computer Vision,7
2025,Delhi,Telecommunication & Networking,41
2025,Delhi,Construction,186
2025,Delhi,Agriculture,98
2025,Delhi,Aeronautics Aerospace & Defence,48
2025,Delhi,AI,166
2025,Delhi,Green Technology,76
2025,Delhi,Events,39
2025,Delhi,Fashion,95
2025,Delhi,Finance Technology,97
2025,Delhi,Enterprise Software,31
2025,Delhi,Food & Beverages,250
2025,Delhi,Design,22
2025,Delhi,Dating Matrimonial,1
2025,Delhi,Education,186
2025,Delhi,Renewable Energy,84
2025,Delhi,Technology Hardware,134
2025,Delhi,Healthcare & Lifesciences,366
2025,Delhi,Internet of Things,20
2025,Delhi,IT Services,366
2025,Delhi,Human Resources,144
2025,Delhi,Marketing,65
2025,Delhi,Nanotechnology,4
2025,Delhi,Non- Renewable Energy,8
2025,Delhi,Pets & Animals,15
2025,Delhi,Media & Entertainment,53
2025,Delhi,Retail,98
2025,Delhi,House-Hold Services,41
2025,Delhi,Professional & Commercial Services,213
2025,Delhi,Sports,34
2025,Delhi,Social Impact,39
2025,Delhi,Social Network,13
2025,Delhi,Textiles & Apparel,104
2025,Delhi,Indic Language Startups,3
2025,Delhi,Transportation & Storage,45
2025,Delhi,Logistics,37
2025,Delhi,Travel & Tourism,102
2025,Delhi,Security Solutions,87
2025,Delhi,Airport Operations,3
2025,Delhi,Real Estate,49
2025,Delhi,Other Specialty Retailers,65
2025,Delhi,Safety,14
2025,Delhi,Robotics,9
2025,Delhi,Passenger Experience,1
2025,Delhi,Biotechnology,15
2025,Delhi,Waste Management,41
2025,Delhi,Toys and Games,9
2025,Gujarat,Analytics,16
2025,Gujarat,Advertising,18
2025,Gujarat,Architecture Interior Design,32
2025,Gujarat,AR VR (Augmented + Virtual Reality),9
2025,Gujarat,Automotive,115
2025,Gujarat,Art & Photography,14
2025,Gujarat,Animation,2
2025,Gujarat,Chemicals,118
2025,Gujarat,Computer Vision,8
2025,Gujarat,Telecommunication & Networking,19
2025,Gujarat,Construction,306
2025,Gujarat,Agriculture,328
2025,Gujarat,Aeronautics Aerospace & Defence,32
2025,Gujarat,AI,138
2025,Gujarat,Green Technology,99
2025,Gujarat,Events,14
2025,Gujarat,Fashion,145
2025,Gujarat,Finance Technology,113
2025,Gujarat,Enterprise Software,66
2025,Gujarat,Food & Beverages,257
2025,Gujarat,Design,30
2025,Gujarat,Education,105
2025,Gujarat,Renewable Energy,251
2025,Gujarat,Technology Hardware,203
2025,Gujarat,Healthcare & Lifesciences,437
2025,Gujarat,Internet of Things,14
2025,Gujarat,IT Services,359
2025,Gujarat,Human Resources,84
2025,Gujarat,Marketing,49
2025,Gujarat,Nanotechnology,4
2025,Gujarat,Non- Renewable Energy,28
2025,Gujarat,Pets & Animals,8
2025,Gujarat,Media & Entertainment,37
2025,Gujarat,Retail,66
2025,Gujarat,House-Hold Services,38
2025,Gujarat,Professional & Commercial Services,332
2025,Gujarat,Sports,14
2025,Gujarat,Social Impact,20
2025,Gujarat,Social Network,4
2025,Gujarat,Textiles & Apparel,163
2025,Gujarat,Indic Language Startups,11
2025,Gujarat,Transportation & Storage,61
2025,Gujarat,Logistics,49
2025,Gujarat,Travel & Tourism,64
2025,Gujarat,Security Solutions,44
2025,Gujarat,Airport Operations,1
2025,Gujarat,Real Estate,49
2025,Gujarat,Other Specialty Retailers,102
2025,Gujarat,Safety,14
2025,Gujarat,Robotics,11
2025,Gujarat,Biotechnology,25
2025,Gujarat,Waste Management,87
2025,Gujarat,Toys and Games,24
2025,Himachal Pradesh,Advertising,1
2025,Himachal Pradesh,Automotive,1
2025,Himachal Pradesh,Construction,29
2025,Himachal Pradesh,Agriculture,30
2025,Himachal Pradesh,Aeronautics Aerospace & Defence,2
2025,Himachal Pradesh,AI,5
2025,Himachal Pradesh,Green Technology,3
2025,Himachal Pradesh,Fashion,2
2025,Himachal Pradesh,Finance Technology,2
2025,Himachal Pradesh,Enterprise Software,1
2025,Himachal Pradesh,Food & Beverages,8
2025,Himachal Pradesh,Design,1
2025,Himachal Pradesh,Education,10
2025,Himachal Pradesh,Renewable Energy,5
2025,Himachal Pradesh,Technology Hardware,1
2025,Himachal Pradesh,Healthcare & Lifesciences,22
2025,Himachal Pradesh,Internet of Things,1
2025,Himachal Pradesh,IT Services,17
2025,Himachal Pradesh,Human Resources,4
2025,Himachal Pradesh,Marketing,2
2025,Himachal Pradesh,Media & Entertainment,3
2025,Himachal Pradesh,Retail,5
2025,Himachal Pradesh,House-Hold Services,2
2025,Himachal Pradesh,Professional & Commercial Services,6
2025,Himachal Pradesh,Social Impact,1
2025,Himachal Pradesh,Textiles & Apparel,3
2025,Himachal Pradesh,Logistics,1
2025,Himachal Pradesh,Travel & Tourism,16
2025,Himachal Pradesh,Security Solutions,6
2025,Himachal Pradesh,Real Estate,3
2025,Himachal Pradesh,Other Specialty Retailers,1
2025,Himachal Pradesh,Biotechnology,2
2025,Himachal Pradesh,Waste Management,3
2025,Haryana,Analytics,10
2025,Haryana,Advertising,24
2025,Haryana,Architecture Interior Design,24
2025,Haryana,AR VR (Augmented + Virtual Reality),4
2025,Haryana,Automotive,66
2025,Haryana,Art & Photography,5
2025,Haryana,Animation,1
2025,Haryana,Chemicals,22
2025,Haryana,Computer Vision,4
2025,Haryana,Telecommunication & Networking,19
2025,Haryana,Construction,117
2025,Haryana,Agriculture,94
2025,Haryana,Aeronautics Aerospace & Defence,35
2025,Haryana,AI,153
2025,Haryana,Green Technology,52
2025,Haryana,Events,16
2025,Haryana,Fashion,56
2025,Haryana,Finance Technology,68
2025,Haryana,Enterprise Software,26
2025,Haryana,Food & Beverages,162
2025,Haryana,Design,11
2025,Haryana,Dating Matrimonial,2
2025,Haryana,Education,125
2025,Haryana,Renewable Energy,73
2025,Haryana,Technology Hardware,73
2025,Haryana,Healthcare & Lifesciences,244
2025,Haryana,Internet of Things,14
2025,Haryana,IT Services,251
2025,Haryana,Human Resources,51
2025,Haryana,Marketing,36
2025,Haryana,Nanotechnology,1
2025,Haryana,Non- Renewable Energy,11
2025,Haryana,Pets & Animals,18
2025,Haryana,Media & Entertainment,27
2025,Haryana,Retail,69
2025,Haryana,House-Hold Services,31
2025,Haryana,Professional & Commercial Services,107
2025,Haryana,Sports,19
2025,Haryana,Social Impact,17
2025,Haryana,Social Network,10
2025,Haryana,Textiles & Apparel,79
2025,Haryana,Indic Language Startups,5
2025,Haryana,Transportation & Storage,31
2025,Haryana,Logistics,23
2025,Haryana,Travel & Tourism,50
2025,Haryana,Security Solutions,32
2025,Haryana,Airport Operations,2
2025,Haryana,Real Estate,42
2025,Haryana,Other Specialty Retailers,41
2025,Haryana,Safety,7
2025,Haryana,Robotics,8
2025,Haryana,Biotechnology,10
2025,Haryana,Waste Management,35
2025,Haryana,Toys and Games,6
2025,Jammu and Kashmir,Analytics,2
2025,Jammu and Kashmir,Architecture Interior Design,1
2025,Jammu and Kashmir,Automotive,3
2025,Jammu and Kashmir,Art & Photography,3
2025,Jammu and Kashmir,Chemicals,1
2025,Jammu and Kashmir,Telecommunication & Networking,5
2025,Jammu and Kashmir,Construction,110
2025,Jammu and Kashmir,Agriculture,32
2025,Jammu and Kashmir,Aeronautics Aerospace & Defence,3
2025,Jammu and Kashmir,AI,3
2025,Jammu and Kashmir,Green Technology,6
2025,Jammu and Kashmir,Events,3
2025,Jammu and Kashmir,Fashion,6
2025,Jammu and Kashmir,Finance Technology,1
2025,Jammu and Kashmir,Enterprise Software,4
2025,Jammu and Kashmir,Food & Beverages,22
2025,Jammu and Kashmir,Design,3
2025,Jammu and Kashmir,Education,25
2025,Jammu and Kashmir,Renewable Energy,14
2025,Jammu and Kashmir,Technology Hardware,3
2025,Jammu and Kashmir,Healthcare & Lifesciences,23
2025,Jammu and Kashmir,Internet of Things,1
2025,Jammu and Kashmir,IT Services,37
2025,Jammu and Kashmir,Human Resources,15
2025,Jammu and Kashmir,Marketing,1
2025,Jammu and Kashmir,Pets & Animals,2
2025,Jammu and Kashmir,Media & Entertainment,2
2025,Jammu and Kashmir,Retail,2
2025,Jammu and Kashmir,House-Hold Services,4
2025,Jammu and Kashmir,Professional & Commercial Services,17
2025,Jammu and Kashmir,Sports,2
2025,Jammu and Kashmir,Social Impact,3
2025,Jammu and Kashmir,Social Network,1
2025,Jammu and Kashmir,Textiles & Apparel,5
2025,Jammu and Kashmir,Indic Language Startups,4
2025,Jammu and Kashmir,Travel & Tourism,22
2025,Jammu and Kashmir,Security Solutions,4
2025,Jammu and Kashmir,Real Estate,4
2025,Jammu and Kashmir,Other Specialty Retailers,5
2025,Jammu and Kashmir,Biotechnology,3
2025,Jammu and Kashmir,Waste Management,4
2025,Jammu and Kashmir,Toys and Games,1
2025,Jharkhand,Analytics,1
2025,Jharkhand,Advertising,5
2025,Jharkhand,Architecture Interior Design,4
2025,Jharkhand,AR VR (Augmented + Virtual Reality),1
2025,Jharkhand,Automotive,12
2025,Jharkhand,Art & Photography,3
2025,Jharkhand,Chemicals,5
2025,Jharkhand,Telecommunication & Networking,3
2025,Jharkhand,Construction,55
2025,Jharkhand,Agriculture,32
2025,Jharkhand,Aeronautics Aerospace & Defence,7
2025,Jharkhand,AI,22
2025,Jharkhand,Green Technology,8
2025,Jharkhand,Events,2
2025,Jharkhand,Fashion,2
2025,Jharkhand,Finance Technology,6
2025,Jharkhand,Enterprise Software,4
2025,Jharkhand,Food & Beverages,25
2025,Jharkhand,Dating Matrimonial,1
2025,Jharkhand,Education,19
2025,Jharkhand,Renewable Energy,17
2025,Jharkhand,Technology Hardware,12
2025,Jharkhand,Healthcare & Lifesciences,20
2025,Jharkhand,IT Services,49
2025,Jharkhand,Human Resources,19
2025,Jharkhand,Marketing,9
2025,Jharkhand,Nanotechnology,1
2025,Jharkhand,Non- Renewable Energy,3
2025,Jharkhand,Media & Entertainment,3
2025,Jharkhand,Retail,17
2025,Jharkhand,House-Hold Services,2
2025,Jharkhand,Professional & Commercial Services,20
2025,Jharkhand,Sports,1
2025,Jharkhand,Social Impact,14
2025,Jharkhand,Social Network,1
2025,Jharkhand,Textiles & Apparel,16
2025,Jharkhand,Indic Language Startups,1
2025,Jharkhand,Transportation & Storage,9
2025,Jharkhand,Logistics,2
2025,Jharkhand,Travel & Tourism,6
2025,Jharkhand,Security Solutions,5
2025,Jharkhand,Real Estate,12
2025,Jharkhand,Other Specialty Retailers,5
2025,Jharkhand,Safety,1
2025,Jharkhand,Robotics,3
2025,Jharkhand,Waste Management,2
2025,Bihar,Analytics,4
2025,Bihar,Advertising,14
2025,Bihar,Architecture Interior Design,7
2025,Bihar,AR VR (Augmented + Virtual Reality),6
2025,Bihar,Automotive,24
2025,Bihar,Art & Photography,2
2025,Bihar,Chemicals,3
2025,Bihar,Telecommunication & Networking,6
2025,Bihar,Construction,243
2025,Bihar,Agriculture,112
2025,Bihar,Aeronautics Aerospace & Defence,4
2025,Bihar,AI,24
2025,Bihar,Green Technology,9
2025,Bihar,Events,8
2025,Bihar,Fashion,20
2025,Bihar,Finance Technology,29
2025,Bihar,Enterprise Software,15
2025,Bihar,Food & Beverages,111
2025,Bihar,Design,4
2025,Bihar,Dating Matrimonial,1
2025,Bihar,Education,93
2025,Bihar,Renewable Energy,41
2025,Bihar,Technology Hardware,15
2025,Bihar,Healthcare & Lifesciences,95
2025,Bihar,Internet of Things,11
2025,Bihar,IT Services,121
2025,Bihar,Human Resources,50
2025,Bihar,Marketing,17
2025,Bihar,Nanotechnology,2
2025,Bihar,Non- Renewable Energy,2
2025,Bihar,Pets & Animals,5
2025,Bihar,Media & Entertainment,15
2025,Bihar,Retail,24
2025,Bihar,House-Hold Services,14
2025,Bihar,Professional & Commercial Services,44
2025,Bihar,Sports,8
2025,Bihar,Social Impact,18
2025,Bihar,Social Network,5
2025,Bihar,Textiles & Apparel,24
2025,Bihar,Indic Language Startups,2
2025,Bihar,Transportation & Storage,15
2025,Bihar,Logistics,9
2025,Bihar,Travel & Tourism,19
2025,Bihar,Security Solutions,22
2025,Bihar,Real Estate,24
2025,Bihar,Other Specialty Retailers,11
2025,Bihar,Safety,5
2025,Bihar,Robotics,3
2025,Bihar,Biotechnology,3
2025,Bihar,Waste Management,12
2025,Bihar,Toys and Games,1
2025,Kerala,Analytics,8
2025,Kerala,Advertising,34
2025,Kerala,Architecture Interior Design,16
2025,Kerala,AR VR (Augmented + Virtual Reality),6
2025,Kerala,Automotive,28
2025,Kerala,Art & Photography,2
2025,Kerala,Animation,4
2025,Kerala,Chemicals,9
2025,Kerala,Computer Vision,1
2025,Kerala,Telecommunication & Networking,6
2025,Kerala,Construction,73
2025,Kerala,Agriculture,62
2025,Kerala,Aeronautics Aerospace & Defence,16
2025,Kerala,AI,90
2025,Kerala,Green Technology,24
2025,Kerala,Events,8
2025,Kerala,Fashion,34
2025,Kerala,Finance Technology,35
2025,Kerala,Enterprise Software,45
2025,Kerala,Food & Beverages,113
2025,Kerala,Design,7
2025,Kerala,Dating Matrimonial,1
2025,Kerala,Education,151
2025,Kerala,Renewable Energy,40
2025,Kerala,Technology Hardware,44
2025,Kerala,Healthcare & Lifesciences,167
2025,Kerala,Internet of Things,15
2025,Kerala,IT Services,227
2025,Kerala,Human Resources,21
2025,Kerala,Marketing,28
2025,Kerala,Nanotechnology,3
2025,Kerala,Non- Renewable Energy,8
2025,Kerala,Pets & Animals,5
2025,Kerala,Media & Entertainment,28
2025,Kerala,Retail,45
2025,Kerala,House-Hold Services,9
2025,Kerala,Professional & Commercial Services,57
2025,Kerala,Sports,15
2025,Kerala,Social Impact,6
2025,Kerala,Social Network,6
2025,Kerala,Textiles & Apparel,28
2025,Kerala,Indic Language Startups,3
2025,Kerala,Transportation & Storage,23
2025,Kerala,Logistics,12
2025,Kerala,Travel & Tourism,60
2025,Kerala,Security Solutions,12
2025,Kerala,Airport Operations,2
2025,Kerala,Real Estate,11
2025,Kerala,Other Specialty Retailers,16
2025,Kerala,Safety,2
2025,Kerala,Robotics,23
2025,Kerala,Passenger Experience,3
2025,Kerala,Biotechnology,16
2025,Kerala,Waste Management,19
2025,Kerala,Toys and Games,2
2025,Karnataka,Analytics,20
2025,Karnataka,Advertising,28
2025,Karnataka,Architecture Interior Design,43
2025,Karnataka,AR VR (Augmented + Virtual Reality),18
2025,Karnataka,Automotive,77
2025,Karnataka,Art & Photography,13
2025,Karnataka,Animation,6
2025,Karnataka,Chemicals,24
2025,Karnataka,Computer Vision,3
2025,Karnataka,Telecommunication & Networking,29
2025,Karnataka,Construction,196
2025,Karnataka,Agriculture,173
2025,Karnataka,Aeronautics Aerospace & Defence,93
2025,Karnataka,AI,396
2025,Karnataka,Green Technology,77
2025,Karnataka,Events,33
2025,Karnataka,Fashion,70
2025,Karnataka,Finance Technology,157
2025,Karnataka,Enterprise Software,96
2025,Karnataka,Food & Beverages,288
2025,Karnataka,Design,16
2025,Karnataka,Dating Matrimonial,4
2025,Karnataka,Education,248
2025,Karnataka,Renewable Energy,83
2025,Karnataka,Technology Hardware,164
2025,Karnataka,Healthcare & Lifesciences,386
2025,Karnataka,Internet of Things,38
2025,Karnataka,IT Services,621
2025,Karnataka,Human Resources,79
2025,Karnataka,Marketing,67
2025,Karnataka,Nanotechnology,5
2025,Karnataka,Non- Renewable Energy,7
2025,Karnataka,Pets & Animals,21
2025,Karnataka,Media & Entertainment,42
2025,Karnataka,Retail,112
2025,Karnataka,House-Hold Services,28
2025,Karnataka,Professional & Commercial Services,155
2025,Karnataka,Sports,36
2025,Karnataka,Social Impact,19
2025,Karnataka,Social Network,22
2025,Karnataka,Textiles & Apparel,68
2025,Karnataka,Indic Language Startups,15
2025,Karnataka,Transportation & Storage,37
2025,Karnataka,Logistics,27
2025,Karnataka,Travel & Tourism,81
2025,Karnataka,Security Solutions,41
2025,Karnataka,Real Estate,90
2025,Karnataka,Other Specialty Retailers,46
2025,Karnataka,Safety,7
2025,Karnataka,Robotics,31
2025,Karnataka,Biotechnology,40
2025,Karnataka,Waste Management,37
2025,Karnataka,Others,1
2025,Karnataka,Toys and Games,27
2025,Chhattisgarh,Analytics,1
2025,Chhattisgarh,Advertising,6
2025,Chhattisgarh,Architecture Interior Design,2
2025,Chhattisgarh,AR VR (Augmented + Virtual Reality),1
2025,Chhattisgarh,Automotive,9
2025,Chhattisgarh,Art & Photography,2
2025,Chhattisgarh,Chemicals,5
2025,Chhattisgarh,Computer Vision,1
2025,Chhattisgarh,Telecommunication & Networking,2
2025,Chhattisgarh,Construction,45
2025,Chhattisgarh,Agriculture,43
2025,Chhattisgarh,Aeronautics Aerospace & Defence,2
2025,Chhattisgarh,AI,22
2025,Chhattisgarh,Green Technology,10
2025,Chhattisgarh,Fashion,9
2025,Chhattisgarh,Finance Technology,13
2025,Chhattisgarh,Enterprise Software,5
2025,Chhattisgarh,Food & Beverages,45
2025,Chhattisgarh,Design,3
2025,Chhattisgarh,Dating Matrimonial,1
2025,Chhattisgarh,Education,24
2025,Chhattisgarh,Renewable Energy,26
2025,Chhattisgarh,Technology Hardware,13
2025,Chhattisgarh,Healthcare & Lifesciences,39
2025,Chhattisgarh,Internet of Things,1
2025,Chhattisgarh,IT Services,46
2025,Chhattisgarh,Human Resources,8
2025,Chhattisgarh,Marketing,10
2025,Chhattisgarh,Non- Renewable Energy,7
2025,Chhattisgarh,Media & Entertainment,7
2025,Chhattisgarh,Retail,11
2025,Chhattisgarh,House-Hold Services,5
2025,Chhattisgarh,Professional & Commercial Services,31
2025,Chhattisgarh,Social Impact,2
2025,Chhattisgarh,Social Network,2
2025,Chhattisgarh,Textiles & Apparel,8
2025,Chhattisgarh,Indic Language Startups,2
2025,Chhattisgarh,Transportation & Storage,4
2025,Chhattisgarh,Logistics,6
2025,Chhattisgarh,Travel & Tourism,2
2025,Chhattisgarh,Security Solutions,4
2025,Chhattisgarh,Real Estate,5
2025,Chhattisgarh,Other Specialty Retailers,6
2025,Chhattisgarh,Safety,1
2025,Chhattisgarh,Robotics,1
2025,Chhattisgarh,Biotechnology,3
2025,Chhattisgarh,Waste Management,7
2025,Andhra Pradesh,Analytics,1
2025,Andhra Pradesh,Advertising,4
2025,Andhra Pradesh,Architecture Interior Design,3
2025,Andhra Pradesh,AR VR (Augmented + Virtual Reality),5
2025,Andhra Pradesh,Automotive,15
2025,Andhra Pradesh,Art & Photography,1
2025,Andhra Pradesh,Animation,3
2025,Andhra Pradesh,Chemicals,8
2025,Andhra Pradesh,Computer Vision,2
2025,Andhra Pradesh,Telecommunication & Networking,8
2025,Andhra Pradesh,Construction,116
2025,Andhra Pradesh,Agriculture,115
2025,Andhra Pradesh,Aeronautics Aerospace & Defence,25
2025,Andhra Pradesh,AI,86
2025,Andhra Pradesh,Green Technology,19
2025,Andhra Pradesh,Events,4
2025,Andhra Pradesh,Fashion,10
2025,Andhra Pradesh,Finance Technology,26
2025,Andhra Pradesh,Enterprise Software,25
2025,Andhra Pradesh,Food & Beverages,78
2025,Andhra Pradesh,Design,5
2025,Andhra Pradesh,Education,87
2025,Andhra Pradesh,Renewable Energy,36
2025,Andhra Pradesh,Technology Hardware,38
2025,Andhra Pradesh,Healthcare & Lifesciences,115
2025,Andhra Pradesh,Internet of Things,9
2025,Andhra Pradesh,IT Services,198
2025,Andhra Pradesh,Human Resources,27
2025,Andhra Pradesh,Marketing,12
2025,Andhra Pradesh,Non- Renewable Energy,5
2025,Andhra Pradesh,Pets & Animals,2
2025,Andhra Pradesh,Media & Entertainment,13
2025,Andhra Pradesh,Retail,21
2025,Andhra Pradesh,House-Hold Services,8
2025,Andhra Pradesh,Professional & Commercial Services,35
2025,Andhra Pradesh,Sports,5
2025,Andhra Pradesh,Social Impact,6
2025,Andhra Pradesh,Social Network,2
2025,Andhra Pradesh,Textiles & Apparel,12
2025,Andhra Pradesh,Indic Language Startups,5
2025,Andhra Pradesh,Transportation & Storage,16
2025,Andhra Pradesh,Logistics,15
2025,Andhra Pradesh,Travel & Tourism,16
2025,Andhra Pradesh,Security Solutions,6
2025,Andhra Pradesh,Airport Operations,2
2025,Andhra Pradesh,Real Estate,14
2025,Andhra Pradesh,Other Specialty Retailers,21
2025,Andhra Pradesh,Safety,4
2025,Andhra Pradesh,Robotics,16
2025,Andhra Pradesh,Biotechnology,10
2025,Andhra Pradesh,Waste Management,14
2025,Andhra Pradesh,Toys and Games,4
2025,Arunachal Pradesh,Art & Photography,1
2025,Arunachal Pradesh,Chemicals,1
2025,Arunachal Pradesh,Construction,6
2025,Arunachal Pradesh,Agriculture,13
2025,Arunachal Pradesh,Fashion,1
2025,Arunachal Pradesh,Food & Beverages,1
2025,Arunachal Pradesh,Renewable Energy,1
2025,Arunachal Pradesh,Healthcare & Lifesciences,3
2025,Arunachal Pradesh,Marketing,1
2025,Arunachal Pradesh,Pets & Animals,1
2025,Arunachal Pradesh,House-Hold Services,1
2025,Arunachal Pradesh,Social Impact,1
2025,Arunachal Pradesh,Logistics,1
2025,Arunachal Pradesh,Travel & Tourism,2
2025,Arunachal Pradesh,Security Solutions,1
2025,Arunachal Pradesh,Other Specialty Retailers,1
2025,Arunachal Pradesh,Waste Management,1
2025,Andaman and Nicobar Islands,Construction,5
2025,Andaman and Nicobar Islands,Aeronautics Aerospace & Defence,1
2025,Andaman and Nicobar Islands,Food & Beverages,1
2025,Andaman and Nicobar Islands,Technology Hardware,1
2025,Andaman and Nicobar Islands,Healthcare & Lifesciences,1
2025,Andaman and Nicobar Islands,Professional & Commercial Services,3
2025,Andaman and Nicobar Islands,Transportation & Storage,2
2025,Andaman and Nicobar Islands,Logistics,1
2025,Andaman and Nicobar Islands,Travel & Tourism,3
2025,Manipur,Analytics,1
2025,Manipur,Art & Photography,1
2025,Manipur,Construction,11
2025,Manipur,Agriculture,10
2025,Manipur,Aeronautics Aerospace & Defence,1
2025,Manipur,Green Technology,1
2025,Manipur,Finance Technology,2
2025,Manipur,Food & Beverages,13
2025,Manipur,Education,6
2025,Manipur,Renewable Energy,1
2025,Manipur,Technology Hardware,2
2025,Manipur,Healthcare & Lifesciences,5
2025,Manipur,IT Services,2
2025,Manipur,Human Resources,2
2025,Manipur,Marketing,1
2025,Manipur,Retail,2
2025,Manipur,Professional & Commercial Services,1
2025,Manipur,Sports,1
2025,Manipur,Social Impact,2
2025,Manipur,Travel & Tourism,2
2025,Manipur,Security Solutions,1
2025,Manipur,Biotechnology,2
2025,Manipur,Waste Management,1
2025,Manipur,Toys and Games,1
2025,Mizoram,AR VR (Augmented + Virtual Reality),1
2025,Mizoram,Construction,1
2025,Mizoram,Agriculture,6
2025,Mizoram,AI,2
2025,Mizoram,Fashion,1
2025,Mizoram,Food & Beverages,1
2025,Mizoram,Renewable Energy,1
2025,Mizoram,Healthcare & Lifesciences,1
2025,Mizoram,IT Services,3
2025,Mizoram,Marketing,1
2025,Mizoram,Retail,1
2025,Mizoram,Sports,1
2025,Mizoram,Textiles & Apparel,1
2025,Rajasthan,Analytics,6
2025,Rajasthan,Advertising,12
2025,Rajasthan,Architecture Interior Design,8
2025,Rajasthan,AR VR (Augmented + Virtual Reality),7
2025,Rajasthan,Automotive,23
2025,Rajasthan,Art & Photography,14
2025,Rajasthan,Animation,2
2025,Rajasthan,Chemicals,19
2025,Rajasthan,Computer Vision,4
2025,Rajasthan,Telecommunication & Networking,4
2025,Rajasthan,Construction,128
2025,Rajasthan,Agriculture,113
2025,Rajasthan,Aeronautics Aerospace & Defence,14
2025,Rajasthan,AI,73
2025,Rajasthan,Green Technology,34
2025,Rajasthan,Events,15
2025,Rajasthan,Fashion,59
2025,Rajasthan,Finance Technology,78
2025,Rajasthan,Enterprise Software,30
2025,Rajasthan,Food & Beverages,121
2025,Rajasthan,Design,4
2025,Rajasthan,Dating Matrimonial,2
2025,Rajasthan,Education,98
2025,Rajasthan,Renewable Energy,120
2025,Rajasthan,Technology Hardware,35
2025,Rajasthan,Healthcare & Lifesciences,152
2025,Rajasthan,Internet of Things,12
2025,Rajasthan,IT Services,195
2025,Rajasthan,Human Resources,28
2025,Rajasthan,Marketing,31
2025,Rajasthan,Nanotechnology,1
2025,Rajasthan,Non- Renewable Energy,5
2025,Rajasthan,Pets & Animals,3
2025,Rajasthan,Media & Entertainment,23
2025,Rajasthan,Retail,43
2025,Rajasthan,House-Hold Services,20
2025,Rajasthan,Professional & Commercial Services,66
2025,Rajasthan,Sports,12
2025,Rajasthan,Social Impact,35
2025,Rajasthan,Social Network,8
2025,Rajasthan,Textiles & Apparel,56
2025,Rajasthan,Indic Language Startups,5
2025,Rajasthan,Transportation & Storage,30
2025,Rajasthan,Logistics,10
2025,Rajasthan,Travel & Tourism,49
2025,Rajasthan,Security Solutions,12
2025,Rajasthan,Real Estate,25
2025,Rajasthan,Other Specialty Retailers,27
2025,Rajasthan,Safety,4
2025,Rajasthan,Robotics,5
2025,Rajasthan,Biotechnology,5
2025,Rajasthan,Waste Management,33
2025,Rajasthan,Toys and Games,7
2025,Sikkim,Construction,1
2025,Sikkim,Food & Beverages,2
2025,Sikkim,Media & Entertainment,1
2025,Sikkim,Travel & Tourism,2
2025,Tamil Nadu,Analytics,18
2025,Tamil Nadu,Advertising,18
2025,Tamil Nadu,Architecture Interior Design,23
2025,Tamil Nadu,AR VR (Augmented + Virtual Reality),13
2025,Tamil Nadu,Automotive,83
2025,Tamil Nadu,Art & Photography,11
2025,Tamil Nadu,Animation,5
2025,Tamil Nadu,Chemicals,23
2025,Tamil Nadu,Computer Vision,9
2025,Tamil Nadu,Telecommunication & Networking,22
2025,Tamil Nadu,Construction,146
2025,Tamil Nadu,Agriculture,203
2025,Tamil Nadu,Aeronautics Aerospace & Defence,57
2025,Tamil Nadu,AI,186
2025,Tamil Nadu,Green Technology,70
2025,Tamil Nadu,Events,6
2025,Tamil Nadu,Fashion,47
2025,Tamil Nadu,Finance Technology,88
2025,Tamil Nadu,Enterprise Software,72
2025,Tamil Nadu,Food & Beverages,179
2025,Tamil Nadu,Design,16
2025,Tamil Nadu,Dating Matrimonial,2
2025,Tamil Nadu,Education,183
2025,Tamil Nadu,Renewable Energy,116
2025,Tamil Nadu,Technology Hardware,108
2025,Tamil Nadu,Healthcare & Lifesciences,261
2025,Tamil Nadu,Internet of Things,46
2025,Tamil Nadu,IT Services,411
2025,Tamil Nadu,Human Resources,41
2025,Tamil Nadu,Marketing,35
2025,Tamil Nadu,Nanotechnology,4
2025,Tamil Nadu,Non- Renewable Energy,9
2025,Tamil Nadu,Pets & Animals,6
2025,Tamil Nadu,Media & Entertainment,39
2025,Tamil Nadu,Retail,70
2025,Tamil Nadu,House-Hold Services,22
2025,Tamil Nadu,Professional & Commercial Services,125
2025,Tamil Nadu,Sports,12
2025,Tamil Nadu,Social Impact,13
2025,Tamil Nadu,Social Network,6
2025,Tamil Nadu,Textiles & Apparel,65
2025,Tamil Nadu,Indic Language Startups,9
2025,Tamil Nadu,Transportation & Storage,32
2025,Tamil Nadu,Logistics,39
2025,Tamil Nadu,Travel & Tourism,44
2025,Tamil Nadu,Security Solutions,18
2025,Tamil Nadu,Airport Operations,1
2025,Tamil Nadu,Real Estate,20
2025,Tamil Nadu,Other Specialty Retailers,34
2025,Tamil Nadu,Safety,4
2025,Tamil Nadu,Robotics,28
2025,Tamil Nadu,Passenger Experience,2
2025,Tamil Nadu,Biotechnology,42
2025,Tamil Nadu,Waste Management,51
2025,Tamil Nadu,Toys and Games,8
2025,Madhya Pradesh,Analytics,6
2025,Madhya Pradesh,Advertising,9
2025,Madhya Pradesh,Architecture Interior Design,4
2025,Madhya Pradesh,AR VR (Augmented + Virtual Reality),2
2025,Madhya Pradesh,Automotive,26
2025,Madhya Pradesh,Art & Photography,2
2025,Madhya Pradesh,Animation,3
2025,Madhya Pradesh,Chemicals,16
2025,Madhya Pradesh,Computer Vision,3
2025,Madhya Pradesh,Telecommunication & Networking,18
2025,Madhya Pradesh,Construction,162
2025,Madhya Pradesh,Agriculture,147
2025,Madhya Pradesh,Aeronautics Aerospace & Defence,14
2025,Madhya Pradesh,AI,64
2025,Madhya Pradesh,Green Technology,33
2025,Madhya Pradesh,Events,7
2025,Madhya Pradesh,Fashion,22
2025,Madhya Pradesh,Finance Technology,40
2025,Madhya Pradesh,Enterprise Software,18
2025,Madhya Pradesh,Food & Beverages,104
2025,Madhya Pradesh,Design,2
2025,Madhya Pradesh,Dating Matrimonial,1
2025,Madhya Pradesh,Education,57
2025,Madhya Pradesh,Renewable Energy,83
2025,Madhya Pradesh,Technology Hardware,51
2025,Madhya Pradesh,Healthcare & Lifesciences,140
2025,Madhya Pradesh,Internet of Things,9
2025,Madhya Pradesh,IT Services,173
2025,Madhya Pradesh,Human Resources,68
2025,Madhya Pradesh,Marketing,18
2025,Madhya Pradesh,Nanotechnology,1
2025,Madhya Pradesh,Non- Renewable Energy,9
2025,Madhya Pradesh,Pets & Animals,3
2025,Madhya Pradesh,Media & Entertainment,23
2025,Madhya Pradesh,Retail,40
2025,Madhya Pradesh,House-Hold Services,13
2025,Madhya Pradesh,Professional & Commercial Services,85
2025,Madhya Pradesh,Sports,3
2025,Madhya Pradesh,Social Impact,15
2025,Madhya Pradesh,Social Network,7
2025,Madhya Pradesh,Textiles & Apparel,31
2025,Madhya Pradesh,Indic Language Startups,2
2025,Madhya Pradesh,Transportation & Storage,16
2025,Madhya Pradesh,Logistics,16
2025,Madhya Pradesh,Travel & Tourism,32
2025,Madhya Pradesh,Security Solutions,36
2025,Madhya Pradesh,Real Estate,26
2025,Madhya Pradesh,Other Specialty Retailers,20
2025,Madhya Pradesh,Safety,4
2025,Madhya Pradesh,Robotics,4
2025,Madhya Pradesh,Passenger Experience,1
2025,Madhya Pradesh,Biotechnology,6
2025,Madhya Pradesh,Waste Management,24
2025,Madhya Pradesh,Toys and Games,5
2025,Tripura,Architecture Interior Design,1
2025,Tripura,Automotive,1
2025,Tripura,Art & Photography,1
2025,Tripura,Telecommunication & Networking,1
2025,Tripura,Construction,5
2025,Tripura,Agriculture,12
2025,Tripura,AI,2
2025,Tripura,Events,1
2025,Tripura,Fashion,2
2025,Tripura,Food & Beverages,3
2025,Tripura,Education,3
2025,Tripura,Renewable Energy,3
2025,Tripura,Technology Hardware,1
2025,Tripura,Healthcare & Lifesciences,2
2025,Tripura,Internet of Things,1
2025,Tripura,IT Services,4
2025,Tripura,Marketing,1
2025,Tripura,Professional & Commercial Services,2
2025,Tripura,Transportation & Storage,1
2025,Tripura,Other Specialty Retailers,1
2025,Tripura,Robotics,2
2025,Nagaland,Automotive,1
2025,Nagaland,Art & Photography,1
2025,Nagaland,Construction,1
2025,Nagaland,Agriculture,7
2025,Nagaland,AI,1
2025,Nagaland,Green Technology,1
2025,Nagaland,Finance Technology,3
2025,Nagaland,Enterprise Software,1
2025,Nagaland,Education,3
2025,Nagaland,Renewable Energy,1
2025,Nagaland,IT Services,3
2025,Nagaland,Media & Entertainment,1
2025,Nagaland,Sports,1
2025,Nagaland,Textiles & Apparel,1
2025,Nagaland,Transportation & Storage,1
2025,Nagaland,Travel & Tourism,1
2025,Nagaland,Other Specialty Retailers,2
2025,Telangana,Analytics,17
2025,Telangana,Advertising,21
2025,Telangana,Architecture Interior Design,28
2025,Telangana,AR VR (Augmented + Virtual Reality),13
2025,Telangana,Automotive,54
2025,Telangana,Art & Photography,4
2025,Telangana,Animation,6
2025,Telangana,Chemicals,29
2025,Telangana,Computer Vision,8
2025,Telangana,Telecommunication & Networking,16
2025,Telangana,Construction,136
2025,Telangana,Agriculture,165
2025,Telangana,Aeronautics Aerospace & Defence,75
2025,Telangana,AI,220
2025,Telangana,Green Technology,47
2025,Telangana,Events,15
2025,Telangana,Fashion,55
2025,Telangana,Finance Technology,60
2025,Telangana,Enterprise Software,77
2025,Telangana,Food & Beverages,173
2025,Telangana,Design,16
2025,Telangana,Education,175
2025,Telangana,Renewable Energy,83
2025,Telangana,Technology Hardware,99
2025,Telangana,Healthcare & Lifesciences,346
2025,Telangana,Internet of Things,22
2025,Telangana,IT Services,518
2025,Telangana,Human Resources,47
2025,Telangana,Marketing,37
2025,Telangana,Nanotechnology,6
2025,Telangana,Non- Renewable Energy,6
2025,Telangana,Pets & Animals,6
2025,Telangana,Media & Entertainment,51
2025,Telangana,Retail,72
2025,Telangana,House-Hold Services,22
2025,Telangana,Professional & Commercial Services,91
2025,Telangana,Sports,13
2025,Telangana,Social Impact,21
2025,Telangana,Social Network,12
2025,Telangana,Textiles & Apparel,39
2025,Telangana,Indic Language Startups,6
2025,Telangana,Transportation & Storage,27
2025,Telangana,Logistics,27
2025,Telangana,Travel & Tourism,42
2025,Telangana,Security Solutions,16
2025,Telangana,Real Estate,40
2025,Telangana,Other Specialty Retailers,40
2025,Telangana,Safety,5
2025,Telangana,Robotics,21
2025,Telangana,Biotechnology,28
2025,Telangana,Waste Management,27
2025,Telangana,Toys and Games,12
2025,Uttarakhand,Analytics,2
2025,Uttarakhand,Advertising,3
2025,Uttarakhand,Architecture Interior Design,1
2025,Uttarakhand,AR VR (Augmented + Virtual Reality),1
2025,Uttarakhand,Automotive,10
2025,Uttarakhand,Art & Photography,4
2025,Uttarakhand,Chemicals,3
2025,Uttarakhand,Computer Vision,2
2025,Uttarakhand,Telecommunication & Networking,1
2025,Uttarakhand,Construction,35
2025,Uttarakhand,Agriculture,27
2025,Uttarakhand,Aeronautics Aerospace & Defence,2
2025,Uttarakhand,AI,18
2025,Uttarakhand,Green Technology,10
2025,Uttarakhand,Events,3
2025,Uttarakhand,Fashion,9
2025,Uttarakhand,Finance Technology,6
2025,Uttarakhand,Enterprise Software,2
2025,Uttarakhand,Food & Beverages,34
2025,Uttarakhand,Design,2
2025,Uttarakhand,Dating Matrimonial,2
2025,Uttarakhand,Education,23
2025,Uttarakhand,Renewable Energy,9
2025,Uttarakhand,Technology Hardware,7
2025,Uttarakhand,Healthcare & Lifesciences,46
2025,Uttarakhand,Internet of Things,2
2025,Uttarakhand,IT Services,37
2025,Uttarakhand,Human Resources,10
2025,Uttarakhand,Marketing,7
2025,Uttarakhand,Non- Renewable Energy,1
2025,Uttarakhand,Pets & Animals,1
2025,Uttarakhand,Media & Entertainment,4
2025,Uttarakhand,Retail,17
2025,Uttarakhand,Professional & Commercial Services,18
2025,Uttarakhand,Sports,4
2025,Uttarakhand,Social Impact,9
2025,Uttarakhand,Social Network,1
2025,Uttarakhand,Textiles & Apparel,10
2025,Uttarakhand,Indic Language Startups,2
2025,Uttarakhand,Transportation & Storage,2
2025,Uttarakhand,Logistics,4
2025,Uttarakhand,Travel & Tourism,27
2025,Uttarakhand,Security Solutions,4
2025,Uttarakhand,Real Estate,1
2025,Uttarakhand,Other Specialty Retailers,2
2025,Uttarakhand,Robotics,2
2025,Uttarakhand,Biotechnology,3
2025,Uttarakhand,Waste Management,9
2025,Uttarakhand,Toys and Games,1
2025,West Bengal,Analytics,4
2025,West Bengal,Advertising,14
2025,West Bengal,Architecture Interior Design,9
2025,West Bengal,AR VR (Augmented + Virtual Reality),3
2025,West Bengal,Automotive,21
2025,West Bengal,Art & Photography,4
2025,West Bengal,Chemicals,18
2025,West Bengal,Computer Vision,1
2025,West Bengal,Telecommunication & Networking,14
2025,West Bengal,Construction,104
2025,West Bengal,Agriculture,91
2025,West Bengal,Aeronautics Aerospace & Defence,14
2025,West Bengal,AI,54
2025,West Bengal,Green Technology,28
2025,West Bengal,Events,7
2025,West Bengal,Fashion,46
2025,West Bengal,Finance Technology,62
2025,West Bengal,Enterprise Software,18
2025,West Bengal,Food & Beverages,100
2025,West Bengal,Design,8
2025,West Bengal,Dating Matrimonial,2
2025,West Bengal,Education,85
2025,West Bengal,Renewable Energy,47
2025,West Bengal,Technology Hardware,48
2025,West Bengal,Healthcare & Lifesciences,149
2025,West Bengal,Internet of Things,8
2025,West Bengal,IT Services,162
2025,West Bengal,Human Resources,20
2025,West Bengal,Marketing,27
2025,West Bengal,Nanotechnology,2
2025,West Bengal,Non- Renewable Energy,4
2025,West Bengal,Pets & Animals,6
2025,West Bengal,Media & Entertainment,23
2025,West Bengal,Retail,46
2025,West Bengal,House-Hold Services,15
2025,West Bengal,Professional & Commercial Services,83
2025,West Bengal,Sports,4
2025,West Bengal,Social Impact,20
2025,West Bengal,Social Network,2
2025,West Bengal,Textiles & Apparel,35
2025,West Bengal,Indic Language Startups,11
2025,West Bengal,Transportation & Storage,28
2025,West Bengal,Logistics,12
2025,West Bengal,Travel & Tourism,50
2025,West Bengal,Security Solutions,18
2025,West Bengal,Real Estate,17
2025,West Bengal,Other Specialty Retailers,23
2025,West Bengal,Safety,5
2025,West Bengal,Robotics,2
2025,West Bengal,Biotechnology,10
2025,West Bengal,Waste Management,15
2025,West Bengal,Toys and Games,4
2025,Uttar Pradesh,Analytics,8
2025,Uttar Pradesh,Advertising,46
2025,Uttar Pradesh,Architecture Interior Design,35
2025,Uttar Pradesh,AR VR (Augmented + Virtual Reality),15
2025,Uttar Pradesh,Automotive,63
2025,Uttar Pradesh,Art & Photography,17
2025,Uttar Pradesh,Animation,4
2025,Uttar Pradesh,Chemicals,45
2025,Uttar Pradesh,Computer Vision,3
2025,Uttar Pradesh,Telecommunication & Networking,38
2025,Uttar Pradesh,Construction,452
2025,Uttar Pradesh,Agriculture,245
2025,Uttar Pradesh,Aeronautics Aerospace & Defence,45
2025,Uttar Pradesh,AI,220
2025,Uttar Pradesh,Green Technology,70
2025,Uttar Pradesh,Events,23
2025,Uttar Pradesh,Fashion,106
2025,Uttar Pradesh,Finance Technology,106
2025,Uttar Pradesh,Enterprise Software,62
2025,Uttar Pradesh,Food & Beverages,325
2025,Uttar Pradesh,Design,20
2025,Uttar Pradesh,Dating Matrimonial,4
2025,Uttar Pradesh,Education,318
2025,Uttar Pradesh,Renewable Energy,179
2025,Uttar Pradesh,Technology Hardware,167
2025,Uttar Pradesh,Healthcare & Lifesciences,466
2025,Uttar Pradesh,Internet of Things,24
2025,Uttar Pradesh,IT Services,564
2025,Uttar Pradesh,Human Resources,176
2025,Uttar Pradesh,Marketing,66
2025,Uttar Pradesh,Nanotechnology,6
2025,Uttar Pradesh,Non- Renewable Energy,16
2025,Uttar Pradesh,Pets & Animals,19
2025,Uttar Pradesh,Media & Entertainment,66
2025,Uttar Pradesh,Retail,90
2025,Uttar Pradesh,House-Hold Services,38
2025,Uttar Pradesh,Professional & Commercial Services,272
2025,Uttar Pradesh,Sports,19
2025,Uttar Pradesh,Social Impact,36
2025,Uttar Pradesh,Social Network,17
2025,Uttar Pradesh,Textiles & Apparel,119
2025,Uttar Pradesh,Indic Language Startups,9
2025,Uttar Pradesh,Transportation & Storage,39
2025,Uttar Pradesh,Logistics,34
2025,Uttar Pradesh,Travel & Tourism,79
2025,Uttar Pradesh,Security Solutions,67
2025,Uttar Pradesh,Airport Operations,1
2025,Uttar Pradesh,Real Estate,87
2025,Uttar Pradesh,Other Specialty Retailers,72
2025,Uttar Pradesh,Safety,13
2025,Uttar Pradesh,Robotics,20
2025,Uttar Pradesh,Passenger Experience,2
2025,Uttar Pradesh,Biotechnology,25
2025,Uttar Pradesh,Waste Management,71
2025,Uttar Pradesh,Toys and Games,12
2025,Ladakh,Construction,4
2025,Ladakh,Social Network,1
2025,Ladakh,Textiles & Apparel,1
2025,Ladakh,Travel & Tourism,1
2025,Maharashtra,Analytics,40
2025,Maharashtra,Advertising,64
2025,Maharashtra,Architecture Interior Design,68
2025,Maharashtra,AR VR (Augmented + Virtual Reality),13
2025,Maharashtra,Automotive,184
2025,Maharashtra,Art & Photography,22
2025,Maharashtra,Animation,11
2025,Maharashtra,Chemicals,114
2025,Maharashtra,Computer Vision,5
2025,Maharashtra,Telecommunication & Networking,36
2025,Maharashtra,Construction,422
2025,Maharashtra,Agriculture,524
2025,Maharashtra,Aeronautics Aerospace & Defence,79
2025,Maharashtra,AI,325
2025,Maharashtra,Green Technology,163
2025,Maharashtra,Events,43
2025,Maharashtra,Fashion,170
2025,Maharashtra,Finance Technology,252
2025,Maharashtra,Enterprise Software,105
2025,Maharashtra,Food & Beverages,566
2025,Maharashtra,Design,52
2025,Maharashtra,Dating Matrimonial,8
2025,Maharashtra,Education,328
2025,Maharashtra,Renewable Energy,301
2025,Maharashtra,Technology Hardware,280
2025,Maharashtra,Healthcare & Lifesciences,791
2025,Maharashtra,Internet of Things,55
2025,Maharashtra,IT Services,767
2025,Maharashtra,Human Resources,146
2025,Maharashtra,Marketing,125
2025,Maharashtra,Nanotechnology,9
2025,Maharashtra,Non- Renewable Energy,33
2025,Maharashtra,Pets & Animals,26
2025,Maharashtra,Media & Entertainment,130
2025,Maharashtra,Retail,146
2025,Maharashtra,House-Hold Services,70
2025,Maharashtra,Professional & Commercial Services,352
2025,Maharashtra,Sports,54
2025,Maharashtra,Social Impact,76
2025,Maharashtra,Social Network,30
2025,Maharashtra,Textiles & Apparel,154
2025,Maharashtra,Indic Language Startups,19
2025,Maharashtra,Transportation & Storage,111
2025,Maharashtra,Logistics,92
2025,Maharashtra,Travel & Tourism,128
2025,Maharashtra,Security Solutions,78
2025,Maharashtra,Airport Operations,2
2025,Maharashtra,Real Estate,124
2025,Maharashtra,Other Specialty Retailers,107
2025,Maharashtra,Safety,25
2025,Maharashtra,Robotics,42
2025,Maharashtra,Passenger Experience,3
2025,Maharashtra,Biotechnology,50
2025,Maharashtra,Waste Management,102
2025,Maharashtra,Toys and Games,45
2025,Dadra and Nagar Haveli and Daman and Diu,Advertising,1
2025,Dadra and Nagar Haveli and Daman and Diu,Chemicals,1
2025,Dadra and Nagar Haveli and Daman and Diu,Construction,2
2025,Dadra and Nagar Haveli and Daman and Diu,Agriculture,5
2025,Dadra and Nagar Haveli and Daman and Diu,Food & Beverages,1
2025,Dadra and Nagar Haveli and Daman and Diu,Education,1
2025,Dadra and Nagar Haveli and Daman and Diu,Technology Hardware,2
2025,Dadra and Nagar Haveli and Daman and Diu,Human Resources,2
2025,Dadra and Nagar Haveli and Daman and Diu,Non- Renewable Energy,1
2025,Dadra and Nagar Haveli and Daman and Diu,Retail,2
2025,Dadra and Nagar Haveli and Daman and Diu,Professional & Commercial Services,1
2025,Dadra and Nagar Haveli and Daman and Diu,Textiles & Apparel,1
2025,Dadra and Nagar Haveli and Daman and Diu,Travel & Tourism,2
2025,Dadra and Nagar Haveli and Daman and Diu,Real Estate,1
2025,Dadra and Nagar Haveli and Daman and Diu,Biotechnology,1
2025,Dadra and Nagar Haveli and Daman and Diu,Waste Management,1
2025,Puducherry,Analytics,1
2025,Puducherry,Automotive,2
2025,Puducherry,Chemicals,1
2025,Puducherry,Construction,2
2025,Puducherry,Agriculture,4
2025,Puducherry,AI,4
2025,Puducherry,Green Technology,1
2025,Puducherry,Food & Beverages,3
2025,Puducherry,Education,3
2025,Puducherry,Renewable Energy,2
2025,Puducherry,Technology Hardware,1
2025,Puducherry,Healthcare & Lifesciences,5
2025,Puducherry,IT Services,10
2025,Puducherry,Marketing,1
2025,Puducherry,Retail,2
2025,Puducherry,House-Hold Services,1
2025,Puducherry,Professional & Commercial Services,7
2025,Puducherry,Textiles & Apparel,1
2025,Puducherry,Indic Language Startups,1
2025,Puducherry,Travel & Tourism,2
2025,Puducherry,Security Solutions,2
2025,Puducherry,Biotechnology,1
2025,Puducherry,Waste Management,2
2025,Meghalaya,Construction,1
2025,Meghalaya,Agriculture,2
2025,Meghalaya,Finance Technology,1
2025,Meghalaya,Food & Beverages,3
2025,Meghalaya,Design,1
2025,Meghalaya,Education,3
2025,Meghalaya,Renewable Energy,1
2025,Meghalaya,Healthcare & Lifesciences,1
2025,Meghalaya,IT Services,1
2025,Meghalaya,Marketing,1
2025,Meghalaya,Media & Entertainment,2
2025,Meghalaya,Retail,1
2025,Meghalaya,Professional & Commercial Services,1
2025,Meghalaya,Textiles & Apparel,1
2025,Meghalaya,Travel & Tourism,3
2025,Meghalaya,Real Estate,1
2025,Meghalaya,Other Specialty Retailers,2
2025,Meghalaya,Waste Management,1
2025,Odisha,Analytics,2
2025,Odisha,Advertising,6
2025,Odisha,Architecture Interior Design,5
2025,Odisha,AR VR (Augmented + Virtual Reality),1
2025,Odisha,Automotive,15
2025,Odisha,Art & Photography,7
2025,Odisha,Animation,1
2025,Odisha,Chemicals,3
2025,Odisha,Computer Vision,2
2025,Odisha,Telecommunication & Networking,6
2025,Odisha,Construction,46
2025,Odisha,Agriculture,64
2025,Odisha,Aeronautics Aerospace & Defence,12
2025,Odisha,AI,33
2025,Odisha,Green Technology,14
2025,Odisha,Events,3
2025,Odisha,Fashion,6
2025,Odisha,Finance Technology,18
2025,Odisha,Enterprise Software,9
2025,Odisha,Food & Beverages,46
2025,Odisha,Design,2
2025,Odisha,Education,36
2025,Odisha,Renewable Energy,30
2025,Odisha,Technology Hardware,23
2025,Odisha,Healthcare & Lifesciences,73
2025,Odisha,Internet of Things,5
2025,Odisha,IT Services,105
2025,Odisha,Human Resources,18
2025,Odisha,Marketing,13
2025,Odisha,Non- Renewable Energy,2
2025,Odisha,Pets & Animals,1
2025,Odisha,Media & Entertainment,12
2025,Odisha,Retail,16
2025,Odisha,House-Hold Services,7
2025,Odisha,Professional & Commercial Services,36
2025,Odisha,Sports,4
2025,Odisha,Social Impact,14
2025,Odisha,Social Network,3
2025,Odisha,Textiles & Apparel,20
2025,Odisha,Indic Language Startups,2
2025,Odisha,Transportation & Storage,4
2025,Odisha,Logistics,2
2025,Odisha,Travel & Tourism,20
2025,Odisha,Security Solutions,11
2025,Odisha,Real Estate,22
2025,Odisha,Other Specialty Retailers,7
2025,Odisha,Safety,1
2025,Odisha,Robotics,8
2025,Odisha,Passenger Experience,2
2025,Odisha,Biotechnology,9
2025,Odisha,Waste Management,12
2025,Punjab,Analytics,1
2025,Punjab,Advertising,3
2025,Punjab,Architecture Interior Design,3
2025,Punjab,AR VR (Augmented + Virtual Reality),1
2025,Punjab,Automotive,14
2025,Punjab,Art & Photography,3
2025,Punjab,Animation,1
2025,Punjab,Chemicals,3
2025,Punjab,Telecommunication & Networking,2
2025,Punjab,Construction,36
2025,Punjab,Agriculture,42
2025,Punjab,Aeronautics Aerospace & Defence,3
2025,Punjab,AI,17
2025,Punjab,Green Technology,10
2025,Punjab,Events,1
2025,Punjab,Fashion,14
2025,Punjab,Finance Technology,8
2025,Punjab,Enterprise Software,8
2025,Punjab,Food & Beverages,40
2025,Punjab,Design,1
2025,Punjab,Dating Matrimonial,1
2025,Punjab,Education,29
2025,Punjab,Renewable Energy,22
2025,Punjab,Technology Hardware,16
2025,Punjab,Healthcare & Lifesciences,59
2025,Punjab,Internet of Things,6
2025,Punjab,IT Services,65
2025,Punjab,Human Resources,10
2025,Punjab,Marketing,13
2025,Punjab,Non- Renewable Energy,2
2025,Punjab,Media & Entertainment,11
2025,Punjab,Retail,10
2025,Punjab,House-Hold Services,6
2025,Punjab,Professional & Commercial Services,18
2025,Punjab,Sports,6
2025,Punjab,Social Impact,6
2025,Punjab,Social Network,1
2025,Punjab,Textiles & Apparel,16
2025,Punjab,Indic Language Startups,2
2025,Punjab,Transportation & Storage,8
2025,Punjab,Logistics,2
2025,Punjab,Travel & Tourism,14
2025,Punjab,Security Solutions,3
2025,Punjab,Real Estate,3
2025,Punjab,Other Specialty Retailers,6
2025,Punjab,Safety,1
2025,Punjab,Robotics,4
2025,Punjab,Biotechnology,3
2025,Punjab,Waste Management,8
2025,Punjab,Toys and Games,4
2024,Assam,Advertising,1
2024,Assam,Architecture Interior Design,1
2024,Assam,Automotive,3
2024,Assam,Chemicals,3
2024,Assam,Telecommunication & Networking,2
2024,Assam,Construction,59
2024,Assam,Agriculture,41
2024,Assam,Aeronautics Aerospace & Defence,1
2024,Assam,AI,9
2024,Assam,Green Technology,10
2024,Assam,Fashion,5
2024,Assam,Finance Technology,8
2024,Assam,Food & Beverages,15
2024,Assam,Design,6
2024,Assam,Education,16
2024,Assam,Renewable Energy,6
2024,Assam,Technology Hardware,8
2024,Assam,Healthcare & Lifesciences,35
2024,Assam,Internet of Things,1
2024,Assam,IT Services,24
2024,Assam,Human Resources,2
2024,Assam,Marketing,6
2024,Assam,Non- Renewable Energy,3
2024,Assam,Pets & Animals,1
2024,Assam,Media & Entertainment,11
2024,Assam,Retail,6
2024,Assam,House-Hold Services,6
2024,Assam,Professional & Commercial Services,13
2024,Assam,Sports,1
2024,Assam,Social Impact,3
2024,Assam,Social Network,1
2024,Assam,Textiles & Apparel,7
2024,Assam,Indic Language Startups,1
2024,Assam,Transportation & Storage,7
2024,Assam,Logistics,2
2024,Assam,Travel & Tourism,12
2024,Assam,Security Solutions,4
2024,Assam,Real Estate,1
2024,Assam,Other Specialty Retailers,1
2024,Assam,Waste Management,3
2024,Assam,Toys and Games,2
2024,Chandigarh,Analytics,1
2024,Chandigarh,AR VR (Augmented + Virtual Reality),1
2024,Chandigarh,Automotive,2
2024,Chandigarh,Chemicals,2
2024,Chandigarh,Construction,5
2024,Chandigarh,Agriculture,4
2024,Chandigarh,AI,1
2024,Chandigarh,Green Technology,2
2024,Chandigarh,Events,2
2024,Chandigarh,Fashion,7
2024,Chandigarh,Finance Technology,4
2024,Chandigarh,Enterprise Software,1
2024,Chandigarh,Food & Beverages,1
2024,Chandigarh,Education,10
2024,Chandigarh,Renewable Energy,1
2024,Chandigarh,Technology Hardware,4
2024,Chandigarh,Healthcare & Lifesciences,16
2024,Chandigarh,IT Services,13
2024,Chandigarh,Human Resources,2
2024,Chandigarh,Media & Entertainment,4
2024,Chandigarh,Retail,1
2024,Chandigarh,Professional & Commercial Services,4
2024,Chandigarh,Sports,1
2024,Chandigarh,Social Network,1
2024,Chandigarh,Textiles & Apparel,4
2024,Chandigarh,Transportation & Storage,1
2024,Chandigarh,Travel & Tourism,3
2024,Chandigarh,Security Solutions,1
2024,Chandigarh,Real Estate,2
2024,Chandigarh,Biotechnology,1
2024,Goa,Architecture Interior Design,1
2024,Goa,Automotive,2
2024,Goa,Chemicals,1
2024,Goa,Telecommunication & Networking,1
2024,Goa,Construction,8
2024,Goa,Agriculture,2
2024,Goa,Aeronautics Aerospace & Defence,1
2024,Goa,AI,4
2024,Goa,Green Technology,2
2024,Goa,Events,5
2024,Goa,Fashion,4
2024,Goa,Finance Technology,2
2024,Goa,Enterprise Software,3
2024,Goa,Food & Beverages,12
2024,Goa,Education,6
2024,Goa,Renewable Energy,5
2024,Goa,Technology Hardware,5
2024,Goa,Healthcare & Lifesciences,9
2024,Goa,Internet of Things,2
2024,Goa,IT Services,8
2024,Goa,Human Resources,1
2024,Goa,Marketing,2
2024,Goa,Pets & Animals,1
2024,Goa,Media & Entertainment,5
2024,Goa,Retail,1
2024,Goa,Professional & Commercial Services,6
2024,Goa,Sports,1
2024,Goa,Textiles & Apparel,1
2024,Goa,Indic Language Startups,1
2024,Goa,Transportation & Storage,6
2024,Goa,Logistics,1
2024,Goa,Travel & Tourism,9
2024,Goa,Security Solutions,3
2024,Goa,Real Estate,2
2024,Goa,Other Specialty Retailers,2
2024,Delhi,Analytics,8
2024,Delhi,Advertising,28
2024,Delhi,Architecture Interior Design,27
2024,Delhi,AR VR (Augmented + Virtual Reality),8
2024,Delhi,Automotive,56
2024,Delhi,Art & Photography,8
2024,Delhi,Animation,2
2024,Delhi,Chemicals,19
2024,Delhi,Computer Vision,4
2024,Delhi,Telecommunication & Networking,33
2024,Delhi,Construction,123
2024,Delhi,Agriculture,70
2024,Delhi,Aeronautics Aerospace & Defence,25
2024,Delhi,AI,62
2024,Delhi,Green Technology,61
2024,Delhi,Events,32
2024,Delhi,Fashion,90
2024,Delhi,Finance Technology,85
2024,Delhi,Enterprise Software,33
2024,Delhi,Food & Beverages,158
2024,Delhi,Design,13
2024,Delhi,Dating Matrimonial,2
2024,Delhi,Education,124
2024,Delhi,Renewable Energy,72
2024,Delhi,Technology Hardware,97
2024,Delhi,Healthcare & Lifesciences,292
2024,Delhi,Internet of Things,17
2024,Delhi,IT Services,251
2024,Delhi,Human Resources,96
2024,Delhi,Marketing,53
2024,Delhi,Nanotechnology,4
2024,Delhi,Non- Renewable Energy,12
2024,Delhi,Pets & Animals,6
2024,Delhi,Media & Entertainment,56
2024,Delhi,Retail,85
2024,Delhi,House-Hold Services,30
2024,Delhi,Professional & Commercial Services,211
2024,Delhi,Sports,15
2024,Delhi,Social Impact,22
2024,Delhi,Social Network,11
2024,Delhi,Textiles & Apparel,61
2024,Delhi,Indic Language Startups,10
2024,Delhi,Transportation & Storage,40
2024,Delhi,Logistics,34
2024,Delhi,Travel & Tourism,67
2024,Delhi,Security Solutions,68
2024,Delhi,Airport Operations,3
2024,Delhi,Real Estate,40
2024,Delhi,Other Specialty Retailers,45
2024,Delhi,Safety,6
2024,Delhi,Robotics,14
2024,Delhi,Passenger Experience,1
2024,Delhi,Biotechnology,9
2024,Delhi,Waste Management,40
2024,Delhi,Toys and Games,14
2024,Gujarat,Analytics,13
2024,Gujarat,Advertising,12
2024,Gujarat,Architecture Interior Design,24
2024,Gujarat,AR VR (Augmented + Virtual Reality),11
2024,Gujarat,Automotive,90
2024,Gujarat,Art & Photography,13
2024,Gujarat,Animation,2
2024,Gujarat,Chemicals,108
2024,Gujarat,Computer Vision,1
2024,Gujarat,Telecommunication & Networking,19
2024,Gujarat,Construction,244
2024,Gujarat,Agriculture,248
2024,Gujarat,Aeronautics Aerospace & Defence,22
2024,Gujarat,AI,38
2024,Gujarat,Green Technology,75
2024,Gujarat,Events,13
2024,Gujarat,Fashion,117
2024,Gujarat,Finance Technology,93
2024,Gujarat,Enterprise Software,37
2024,Gujarat,Food & Beverages,184
2024,Gujarat,Design,14
2024,Gujarat,Dating Matrimonial,2
2024,Gujarat,Education,95
2024,Gujarat,Renewable Energy,154
2024,Gujarat,Technology Hardware,195
2024,Gujarat,Healthcare & Lifesciences,322
2024,Gujarat,Internet of Things,18
2024,Gujarat,IT Services,289
2024,Gujarat,Human Resources,38
2024,Gujarat,Marketing,46
2024,Gujarat,Nanotechnology,6
2024,Gujarat,Non- Renewable Energy,31
2024,Gujarat,Pets & Animals,5
2024,Gujarat,Media & Entertainment,22
2024,Gujarat,Retail,55
2024,Gujarat,House-Hold Services,26
2024,Gujarat,Professional & Commercial Services,247
2024,Gujarat,Sports,10
2024,Gujarat,Social Impact,10
2024,Gujarat,Social Network,2
2024,Gujarat,Textiles & Apparel,135
2024,Gujarat,Indic Language Startups,13
2024,Gujarat,Transportation & Storage,61
2024,Gujarat,Logistics,24
2024,Gujarat,Travel & Tourism,53
2024,Gujarat,Security Solutions,21
2024,Gujarat,Airport Operations,1
2024,Gujarat,Real Estate,28
2024,Gujarat,Other Specialty Retailers,52
2024,Gujarat,Safety,16
2024,Gujarat,Robotics,11
2024,Gujarat,Biotechnology,15
2024,Gujarat,Waste Management,48
2024,Gujarat,Toys and Games,16
2024,Himachal Pradesh,Automotive,2
2024,Himachal Pradesh,Art & Photography,1
2024,Himachal Pradesh,Telecommunication & Networking,1
2024,Himachal Pradesh,Construction,20
2024,Himachal Pradesh,Agriculture,16
2024,Himachal Pradesh,Aeronautics Aerospace & Defence,3
2024,Himachal Pradesh,AI,2
2024,Himachal Pradesh,Fashion,2
2024,Himachal Pradesh,Finance Technology,1
2024,Himachal Pradesh,Enterprise Software,1
2024,Himachal Pradesh,Food & Beverages,10
2024,Himachal Pradesh,Design,1
2024,Himachal Pradesh,Education,8
2024,Himachal Pradesh,Renewable Energy,4
2024,Himachal Pradesh,Technology Hardware,6
2024,Himachal Pradesh,Healthcare & Lifesciences,15
2024,Himachal Pradesh,Internet of Things,1
2024,Himachal Pradesh,IT Services,8
2024,Himachal Pradesh,Human Resources,4
2024,Himachal Pradesh,Marketing,2
2024,Himachal Pradesh,Media & Entertainment,1
2024,Himachal Pradesh,Retail,5
2024,Himachal Pradesh,House-Hold Services,1
2024,Himachal Pradesh,Professional & Commercial Services,8
2024,Himachal Pradesh,Social Network,1
2024,Himachal Pradesh,Textiles & Apparel,1
2024,Himachal Pradesh,Indic Language Startups,1
2024,Himachal Pradesh,Transportation & Storage,3
2024,Himachal Pradesh,Travel & Tourism,11
2024,Himachal Pradesh,Real Estate,1
2024,Himachal Pradesh,Other Specialty Retailers,3
2024,Himachal Pradesh,Waste Management,1
2024,Haryana,Analytics,5
2024,Haryana,Advertising,17
2024,Haryana,Architecture Interior Design,18
2024,Haryana,AR VR (Augmented + Virtual Reality),5
2024,Haryana,Automotive,49
2024,Haryana,Art & Photography,6
2024,Haryana,Chemicals,17
2024,Haryana,Computer Vision,2
2024,Haryana,Telecommunication & Networking,15
2024,Haryana,Construction,112
2024,Haryana,Agriculture,71
2024,Haryana,Aeronautics Aerospace & Defence,24
2024,Haryana,AI,46
2024,Haryana,Green Technology,31
2024,Haryana,Events,10
2024,Haryana,Fashion,44
2024,Haryana,Finance Technology,50
2024,Haryana,Enterprise Software,33
2024,Haryana,Food & Beverages,90
2024,Haryana,Design,4
2024,Haryana,Dating Matrimonial,2
2024,Haryana,Education,91
2024,Haryana,Renewable Energy,46
2024,Haryana,Technology Hardware,58
2024,Haryana,Healthcare & Lifesciences,167
2024,Haryana,Internet of Things,10
2024,Haryana,IT Services,147
2024,Haryana,Human Resources,38
2024,Haryana,Marketing,39
2024,Haryana,Nanotechnology,1
2024,Haryana,Non- Renewable Energy,7
2024,Haryana,Pets & Animals,9
2024,Haryana,Media & Entertainment,20
2024,Haryana,Retail,46
2024,Haryana,House-Hold Services,18
2024,Haryana,Professional & Commercial Services,100
2024,Haryana,Sports,11
2024,Haryana,Social Impact,6
2024,Haryana,Social Network,9
2024,Haryana,Textiles & Apparel,46
2024,Haryana,Indic Language Startups,4
2024,Haryana,Transportation & Storage,28
2024,Haryana,Logistics,19
2024,Haryana,Travel & Tourism,33
2024,Haryana,Security Solutions,17
2024,Haryana,Real Estate,23
2024,Haryana,Other Specialty Retailers,32
2024,Haryana,Safety,3
2024,Haryana,Robotics,3
2024,Haryana,Passenger Experience,2
2024,Haryana,Biotechnology,6
2024,Haryana,Waste Management,27
2024,Haryana,Toys and Games,13
2024,Jammu and Kashmir,Architecture Interior Design,2
2024,Jammu and Kashmir,Automotive,8
2024,Jammu and Kashmir,Art & Photography,1
2024,Jammu and Kashmir,Chemicals,1
2024,Jammu and Kashmir,Construction,87
2024,Jammu and Kashmir,Agriculture,23
2024,Jammu and Kashmir,Aeronautics Aerospace & Defence,1
2024,Jammu and Kashmir,AI,4
2024,Jammu and Kashmir,Green Technology,4
2024,Jammu and Kashmir,Events,1
2024,Jammu and Kashmir,Fashion,4
2024,Jammu and Kashmir,Enterprise Software,2
2024,Jammu and Kashmir,Food & Beverages,15
2024,Jammu and Kashmir,Education,6
2024,Jammu and Kashmir,Renewable Energy,7
2024,Jammu and Kashmir,Technology Hardware,5
2024,Jammu and Kashmir,Healthcare & Lifesciences,13
2024,Jammu and Kashmir,IT Services,21
2024,Jammu and Kashmir,Human Resources,9
2024,Jammu and Kashmir,Marketing,3
2024,Jammu and Kashmir,Media & Entertainment,5
2024,Jammu and Kashmir,Professional & Commercial Services,15
2024,Jammu and Kashmir,Social Impact,1
2024,Jammu and Kashmir,Textiles & Apparel,5
2024,Jammu and Kashmir,Transportation & Storage,5
2024,Jammu and Kashmir,Logistics,1
2024,Jammu and Kashmir,Travel & Tourism,12
2024,Jammu and Kashmir,Security Solutions,6
2024,Jammu and Kashmir,Real Estate,2
2024,Jammu and Kashmir,Safety,1
2024,Jammu and Kashmir,Biotechnology,1
2024,Jammu and Kashmir,Waste Management,2
2024,Jharkhand,Analytics,1
2024,Jharkhand,Advertising,1
2024,Jharkhand,Architecture Interior Design,3
2024,Jharkhand,AR VR (Augmented + Virtual Reality),1
2024,Jharkhand,Automotive,7
2024,Jharkhand,Art & Photography,1
2024,Jharkhand,Chemicals,4
2024,Jharkhand,Telecommunication & Networking,3
2024,Jharkhand,Construction,39
2024,Jharkhand,Agriculture,32
2024,Jharkhand,Aeronautics Aerospace & Defence,1
2024,Jharkhand,AI,11
2024,Jharkhand,Green Technology,6
2024,Jharkhand,Events,2
2024,Jharkhand,Fashion,5
2024,Jharkhand,Finance Technology,3
2024,Jharkhand,Enterprise Software,1
2024,Jharkhand,Food & Beverages,20
2024,Jharkhand,Design,1
2024,Jharkhand,Education,18
2024,Jharkhand,Renewable Energy,13
2024,Jharkhand,Technology Hardware,11
2024,Jharkhand,Healthcare & Lifesciences,23
2024,Jharkhand,Internet of Things,2
2024,Jharkhand,IT Services,33
2024,Jharkhand,Human Resources,9
2024,Jharkhand,Marketing,3
2024,Jharkhand,Non- Renewable Energy,3
2024,Jharkhand,Pets & Animals,1
2024,Jharkhand,Media & Entertainment,2
2024,Jharkhand,Retail,2
2024,Jharkhand,House-Hold Services,2
2024,Jharkhand,Professional & Commercial Services,23
2024,Jharkhand,Sports,2
2024,Jharkhand,Social Impact,2
2024,Jharkhand,Textiles & Apparel,5
2024,Jharkhand,Indic Language Startups,2
2024,Jharkhand,Transportation & Storage,4
2024,Jharkhand,Logistics,1
2024,Jharkhand,Travel & Tourism,2
2024,Jharkhand,Security Solutions,7
2024,Jharkhand,Real Estate,7
2024,Jharkhand,Other Specialty Retailers,3
2024,Jharkhand,Safety,2
2024,Jharkhand,Robotics,2
2024,Jharkhand,Biotechnology,1
2024,Jharkhand,Waste Management,3
2024,Jharkhand,Toys and Games,1
2024,Bihar,Analytics,1
2024,Bihar,Advertising,10
2024,Bihar,Architecture Interior Design,4
2024,Bihar,Automotive,10
2024,Bihar,Art & Photography,4
2024,Bihar,Animation,1
2024,Bihar,Chemicals,4
2024,Bihar,Telecommunication & Networking,7
2024,Bihar,Construction,183
2024,Bihar,Agriculture,61
2024,Bihar,Aeronautics Aerospace & Defence,7
2024,Bihar,AI,11
2024,Bihar,Green Technology,7
2024,Bihar,Events,7
2024,Bihar,Fashion,15
2024,Bihar,Finance Technology,22
2024,Bihar,Enterprise Software,3
2024,Bihar,Food & Beverages,51
2024,Bihar,Dating Matrimonial,1
2024,Bihar,Education,57
2024,Bihar,Renewable Energy,15
2024,Bihar,Technology Hardware,15
2024,Bihar,Healthcare & Lifesciences,52
2024,Bihar,Internet of Things,1
2024,Bihar,IT Services,50
2024,Bihar,Human Resources,45
2024,Bihar,Marketing,9
2024,Bihar,Non- Renewable Energy,5
2024,Bihar,Pets & Animals,2
2024,Bihar,Media & Entertainment,9
2024,Bihar,Retail,14
2024,Bihar,House-Hold Services,11
2024,Bihar,Professional & Commercial Services,48
2024,Bihar,Social Impact,4
2024,Bihar,Textiles & Apparel,14
2024,Bihar,Indic Language Startups,3
2024,Bihar,Transportation & Storage,8
2024,Bihar,Logistics,2
2024,Bihar,Travel & Tourism,10
2024,Bihar,Security Solutions,20
2024,Bihar,Real Estate,12
2024,Bihar,Other Specialty Retailers,8
2024,Bihar,Safety,1
2024,Bihar,Robotics,4
2024,Bihar,Biotechnology,3
2024,Bihar,Waste Management,7
2024,Bihar,Toys and Games,3
2024,Kerala,Analytics,1
2024,Kerala,Advertising,11
2024,Kerala,Architecture Interior Design,10
2024,Kerala,AR VR (Augmented + Virtual Reality),9
2024,Kerala,Automotive,22
2024,Kerala,Art & Photography,3
2024,Kerala,Animation,1
2024,Kerala,Chemicals,9
2024,Kerala,Computer Vision,1
2024,Kerala,Telecommunication & Networking,7
2024,Kerala,Construction,69
2024,Kerala,Agriculture,41
2024,Kerala,Aeronautics Aerospace & Defence,12
2024,Kerala,AI,44
2024,Kerala,Green Technology,20
2024,Kerala,Events,9
2024,Kerala,Fashion,15
2024,Kerala,Finance Technology,22
2024,Kerala,Enterprise Software,20
2024,Kerala,Food & Beverages,74
2024,Kerala,Design,11
2024,Kerala,Education,100
2024,Kerala,Renewable Energy,28
2024,Kerala,Technology Hardware,31
2024,Kerala,Healthcare & Lifesciences,102
2024,Kerala,Internet of Things,10
2024,Kerala,IT Services,166
2024,Kerala,Human Resources,17
2024,Kerala,Marketing,21
2024,Kerala,Nanotechnology,1
2024,Kerala,Non- Renewable Energy,7
2024,Kerala,Pets & Animals,3
2024,Kerala,Media & Entertainment,14
2024,Kerala,Retail,28
2024,Kerala,House-Hold Services,6
2024,Kerala,Professional & Commercial Services,39
2024,Kerala,Sports,5
2024,Kerala,Social Impact,4
2024,Kerala,Social Network,4
2024,Kerala,Textiles & Apparel,13
2024,Kerala,Indic Language Startups,2
2024,Kerala,Transportation & Storage,8
2024,Kerala,Logistics,12
2024,Kerala,Travel & Tourism,46
2024,Kerala,Security Solutions,9
2024,Kerala,Real Estate,9
2024,Kerala,Other Specialty Retailers,14
2024,Kerala,Safety,2
2024,Kerala,Robotics,8
2024,Kerala,Passenger Experience,2
2024,Kerala,Biotechnology,10
2024,Kerala,Waste Management,16
2024,Kerala,Toys and Games,7
2024,Karnataka,Analytics,22
2024,Karnataka,Advertising,20
2024,Karnataka,Architecture Interior Design,41
2024,Karnataka,AR VR (Augmented + Virtual Reality),11
2024,Karnataka,Automotive,63
2024,Karnataka,Art & Photography,12
2024,Karnataka,Animation,3
2024,Karnataka,Chemicals,19
2024,Karnataka,Computer Vision,13
2024,Karnataka,Telecommunication & Networking,18
2024,Karnataka,Construction,121
2024,Karnataka,Agriculture,128
2024,Karnataka,Aeronautics Aerospace & Defence,57
2024,Karnataka,AI,177
2024,Karnataka,Green Technology,70
2024,Karnataka,Events,15
2024,Karnataka,Fashion,63
2024,Karnataka,Finance Technology,115
2024,Karnataka,Enterprise Software,84
2024,Karnataka,Food & Beverages,157
2024,Karnataka,Design,28
2024,Karnataka,Dating Matrimonial,4
2024,Karnataka,Education,195
2024,Karnataka,Renewable Energy,68
2024,Karnataka,Technology Hardware,119
2024,Karnataka,Healthcare & Lifesciences,244
2024,Karnataka,Internet of Things,31
2024,Karnataka,IT Services,447
2024,Karnataka,Human Resources,69
2024,Karnataka,Marketing,50
2024,Karnataka,Nanotechnology,9
2024,Karnataka,Non- Renewable Energy,12
2024,Karnataka,Pets & Animals,14
2024,Karnataka,Media & Entertainment,33
2024,Karnataka,Retail,53
2024,Karnataka,House-Hold Services,22
2024,Karnataka,Professional & Commercial Services,120
2024,Karnataka,Sports,21
2024,Karnataka,Social Impact,10
2024,Karnataka,Social Network,21
2024,Karnataka,Textiles & Apparel,50
2024,Karnataka,Indic Language Startups,16
2024,Karnataka,Transportation & Storage,32
2024,Karnataka,Logistics,15
2024,Karnataka,Travel & Tourism,62
2024,Karnataka,Security Solutions,32
2024,Karnataka,Airport Operations,1
2024,Karnataka,Real Estate,50
2024,Karnataka,Other Specialty Retailers,39
2024,Karnataka,Safety,5
2024,Karnataka,Robotics,23
2024,Karnataka,Passenger Experience,1
2024,Karnataka,Biotechnology,20
2024,Karnataka,Waste Management,30
2024,Karnataka,Toys and Games,19
2024,Chhattisgarh,Analytics,1
2024,Chhattisgarh,Advertising,3
2024,Chhattisgarh,Architecture Interior Design,1
2024,Chhattisgarh,AR VR (Augmented + Virtual Reality),1
2024,Chhattisgarh,Automotive,9
2024,Chhattisgarh,Art & Photography,2
2024,Chhattisgarh,Chemicals,8
2024,Chhattisgarh,Telecommunication & Networking,3
2024,Chhattisgarh,Construction,50
2024,Chhattisgarh,Agriculture,60
2024,Chhattisgarh,Aeronautics Aerospace & Defence,4
2024,Chhattisgarh,AI,6
2024,Chhattisgarh,Green Technology,9
2024,Chhattisgarh,Events,1
2024,Chhattisgarh,Fashion,3
2024,Chhattisgarh,Finance Technology,11
2024,Chhattisgarh,Enterprise Software,1
2024,Chhattisgarh,Food & Beverages,35
2024,Chhattisgarh,Design,2
2024,Chhattisgarh,Education,30
2024,Chhattisgarh,Renewable Energy,14
2024,Chhattisgarh,Technology Hardware,18
2024,Chhattisgarh,Healthcare & Lifesciences,32
2024,Chhattisgarh,Internet of Things,1
2024,Chhattisgarh,IT Services,36
2024,Chhattisgarh,Human Resources,3
2024,Chhattisgarh,Marketing,5
2024,Chhattisgarh,Media & Entertainment,6
2024,Chhattisgarh,Retail,5
2024,Chhattisgarh,House-Hold Services,2
2024,Chhattisgarh,Professional & Commercial Services,20
2024,Chhattisgarh,Sports,1
2024,Chhattisgarh,Social Impact,5
2024,Chhattisgarh,Social Network,2
2024,Chhattisgarh,Textiles & Apparel,14
2024,Chhattisgarh,Indic Language Startups,1
2024,Chhattisgarh,Transportation & Storage,13
2024,Chhattisgarh,Logistics,7
2024,Chhattisgarh,Travel & Tourism,3
2024,Chhattisgarh,Security Solutions,4
2024,Chhattisgarh,Real Estate,4
2024,Chhattisgarh,Other Specialty Retailers,13
2024,Chhattisgarh,Safety,1
2024,Chhattisgarh,Robotics,1
2024,Chhattisgarh,Biotechnology,3
2024,Chhattisgarh,Waste Management,4
2024,Chhattisgarh,Toys and Games,2
2024,Andhra Pradesh,Analytics,2
2024,Andhra Pradesh,Advertising,3
2024,Andhra Pradesh,Architecture Interior Design,5
2024,Andhra Pradesh,Automotive,18
2024,Andhra Pradesh,Art & Photography,2
2024,Andhra Pradesh,Animation,1
2024,Andhra Pradesh,Chemicals,8
2024,Andhra Pradesh,Computer Vision,1
2024,Andhra Pradesh,Telecommunication & Networking,3
2024,Andhra Pradesh,Construction,42
2024,Andhra Pradesh,Agriculture,57
2024,Andhra Pradesh,Aeronautics Aerospace & Defence,8
2024,Andhra Pradesh,AI,24
2024,Andhra Pradesh,Green Technology,8
2024,Andhra Pradesh,Events,1
2024,Andhra Pradesh,Fashion,5
2024,Andhra Pradesh,Finance Technology,17
2024,Andhra Pradesh,Enterprise Software,6
2024,Andhra Pradesh,Food & Beverages,46
2024,Andhra Pradesh,Design,2
2024,Andhra Pradesh,Education,32
2024,Andhra Pradesh,Renewable Energy,15
2024,Andhra Pradesh,Technology Hardware,16
2024,Andhra Pradesh,Healthcare & Lifesciences,48
2024,Andhra Pradesh,Internet of Things,8
2024,Andhra Pradesh,IT Services,81
2024,Andhra Pradesh,Human Resources,10
2024,Andhra Pradesh,Marketing,11
2024,Andhra Pradesh,Non- Renewable Energy,4
2024,Andhra Pradesh,Media & Entertainment,8
2024,Andhra Pradesh,Retail,8
2024,Andhra Pradesh,House-Hold Services,5
2024,Andhra Pradesh,Professional & Commercial Services,28
2024,Andhra Pradesh,Sports,1
2024,Andhra Pradesh,Social Impact,5
2024,Andhra Pradesh,Social Network,2
2024,Andhra Pradesh,Textiles & Apparel,9
2024,Andhra Pradesh,Transportation & Storage,7
2024,Andhra Pradesh,Logistics,2
2024,Andhra Pradesh,Travel & Tourism,6
2024,Andhra Pradesh,Security Solutions,4
2024,Andhra Pradesh,Real Estate,4
2024,Andhra Pradesh,Other Specialty Retailers,9
2024,Andhra Pradesh,Safety,1
2024,Andhra Pradesh,Robotics,2
2024,Andhra Pradesh,Biotechnology,9
2024,Andhra Pradesh,Waste Management,8
2024,Andhra Pradesh,Others,1
2024,Andhra Pradesh,Toys and Games,3
2024,Arunachal Pradesh,Chemicals,1
2024,Arunachal Pradesh,Construction,1
2024,Arunachal Pradesh,Agriculture,4
2024,Arunachal Pradesh,Fashion,1
2024,Arunachal Pradesh,Finance Technology,1
2024,Arunachal Pradesh,Food & Beverages,2
2024,Arunachal Pradesh,Education,2
2024,Arunachal Pradesh,Biotechnology,1
2024,Andaman and Nicobar Islands,Automotive,1
2024,Andaman and Nicobar Islands,Construction,2
2024,Andaman and Nicobar Islands,Agriculture,3
2024,Andaman and Nicobar Islands,Food & Beverages,3
2024,Andaman and Nicobar Islands,Marketing,1
2024,Andaman and Nicobar Islands,Retail,1
2024,Andaman and Nicobar Islands,Professional & Commercial Services,2
2024,Andaman and Nicobar Islands,Travel & Tourism,6
2024,Andaman and Nicobar Islands,Other Specialty Retailers,1
2024,Manipur,Automotive,1
2024,Manipur,Construction,4
2024,Manipur,Agriculture,13
2024,Manipur,Aeronautics Aerospace & Defence,1
2024,Manipur,Green Technology,1
2024,Manipur,Food & Beverages,3
2024,Manipur,Education,7
2024,Manipur,Healthcare & Lifesciences,3
2024,Manipur,IT Services,3
2024,Manipur,Human Resources,1
2024,Manipur,Marketing,1
2024,Manipur,Non- Renewable Energy,1
2024,Manipur,Media & Entertainment,4
2024,Manipur,House-Hold Services,1
2024,Manipur,Professional & Commercial Services,1
2024,Manipur,Social Impact,2
2024,Manipur,Indic Language Startups,1
2024,Manipur,Transportation & Storage,1
2024,Manipur,Logistics,1
2024,Manipur,Travel & Tourism,1
2024,Manipur,Security Solutions,1
2024,Manipur,Real Estate,2
2024,Manipur,Other Specialty Retailers,1
2024,Mizoram,Construction,1
2024,Mizoram,Agriculture,5
2024,Mizoram,Food & Beverages,2
2024,Mizoram,Education,1
2024,Mizoram,Healthcare & Lifesciences,1
2024,Mizoram,IT Services,2
2024,Mizoram,House-Hold Services,1
2024,Mizoram,Textiles & Apparel,1
2024,Mizoram,Travel & Tourism,1
2024,Mizoram,Real Estate,1
2024,Rajasthan,Analytics,3
2024,Rajasthan,Advertising,10
2024,Rajasthan,Architecture Interior Design,10
2024,Rajasthan,AR VR (Augmented + Virtual Reality),4
2024,Rajasthan,Automotive,22
2024,Rajasthan,Art & Photography,11
2024,Rajasthan,Chemicals,17
2024,Rajasthan,Computer Vision,2
2024,Rajasthan,Telecommunication & Networking,7
2024,Rajasthan,Construction,101
2024,Rajasthan,Agriculture,99
2024,Rajasthan,Aeronautics Aerospace & Defence,9
2024,Rajasthan,AI,25
2024,Rajasthan,Green Technology,16
2024,Rajasthan,Events,5
2024,Rajasthan,Fashion,43
2024,Rajasthan,Finance Technology,34
2024,Rajasthan,Enterprise Software,18
2024,Rajasthan,Food & Beverages,62
2024,Rajasthan,Design,5
2024,Rajasthan,Education,61
2024,Rajasthan,Renewable Energy,59
2024,Rajasthan,Technology Hardware,30
2024,Rajasthan,Healthcare & Lifesciences,97
2024,Rajasthan,Internet of Things,1
2024,Rajasthan,IT Services,128
2024,Rajasthan,Human Resources,22
2024,Rajasthan,Marketing,25
2024,Rajasthan,Nanotechnology,1
2024,Rajasthan,Non- Renewable Energy,14
2024,Rajasthan,Pets & Animals,4
2024,Rajasthan,Media & Entertainment,15
2024,Rajasthan,Retail,20
2024,Rajasthan,House-Hold Services,11
2024,Rajasthan,Professional & Commercial Services,77
2024,Rajasthan,Sports,4
2024,Rajasthan,Social Impact,12
2024,Rajasthan,Social Network,9
2024,Rajasthan,Textiles & Apparel,27
2024,Rajasthan,Indic Language Startups,8
2024,Rajasthan,Transportation & Storage,20
2024,Rajasthan,Logistics,5
2024,Rajasthan,Travel & Tourism,19
2024,Rajasthan,Security Solutions,14
2024,Rajasthan,Real Estate,10
2024,Rajasthan,Other Specialty Retailers,18
2024,Rajasthan,Safety,3
2024,Rajasthan,Robotics,1
2024,Rajasthan,Passenger Experience,1
2024,Rajasthan,Biotechnology,3
2024,Rajasthan,Waste Management,18
2024,Rajasthan,Toys and Games,6
2024,Tamil Nadu,Analytics,16
2024,Tamil Nadu,Advertising,12
2024,Tamil Nadu,Architecture Interior Design,22
2024,Tamil Nadu,AR VR (Augmented + Virtual Reality),15
2024,Tamil Nadu,Automotive,78
2024,Tamil Nadu,Art & Photography,6
2024,Tamil Nadu,Animation,3
2024,Tamil Nadu,Chemicals,29
2024,Tamil Nadu,Computer Vision,4
2024,Tamil Nadu,Telecommunication & Networking,11
2024,Tamil Nadu,Construction,127
2024,Tamil Nadu,Agriculture,174
2024,Tamil Nadu,Aeronautics Aerospace & Defence,35
2024,Tamil Nadu,AI,90
2024,Tamil Nadu,Green Technology,60
2024,Tamil Nadu,Events,8
2024,Tamil Nadu,Fashion,40
2024,Tamil Nadu,Finance Technology,80
2024,Tamil Nadu,Enterprise Software,52
2024,Tamil Nadu,Food & Beverages,150
2024,Tamil Nadu,Design,21
2024,Tamil Nadu,Dating Matrimonial,1
2024,Tamil Nadu,Education,125
2024,Tamil Nadu,Renewable Energy,101
2024,Tamil Nadu,Technology Hardware,107
2024,Tamil Nadu,Healthcare & Lifesciences,218
2024,Tamil Nadu,Internet of Things,27
2024,Tamil Nadu,IT Services,319
2024,Tamil Nadu,Human Resources,32
2024,Tamil Nadu,Marketing,52
2024,Tamil Nadu,Nanotechnology,1
2024,Tamil Nadu,Non- Renewable Energy,18
2024,Tamil Nadu,Pets & Animals,8
2024,Tamil Nadu,Media & Entertainment,32
2024,Tamil Nadu,Retail,45
2024,Tamil Nadu,House-Hold Services,13
2024,Tamil Nadu,Professional & Commercial Services,121
2024,Tamil Nadu,Sports,12
2024,Tamil Nadu,Social Impact,17
2024,Tamil Nadu,Social Network,7
2024,Tamil Nadu,Textiles & Apparel,67
2024,Tamil Nadu,Indic Language Startups,11
2024,Tamil Nadu,Transportation & Storage,43
2024,Tamil Nadu,Logistics,31
2024,Tamil Nadu,Travel & Tourism,35
2024,Tamil Nadu,Security Solutions,18
2024,Tamil Nadu,Real Estate,33
2024,Tamil Nadu,Other Specialty Retailers,33
2024,Tamil Nadu,Safety,2
2024,Tamil Nadu,Robotics,21
2024,Tamil Nadu,Biotechnology,27
2024,Tamil Nadu,Waste Management,38
2024,Tamil Nadu,Toys and Games,8
2024,Madhya Pradesh,Analytics,2
2024,Madhya Pradesh,Advertising,19
2024,Madhya Pradesh,Architecture Interior Design,8
2024,Madhya Pradesh,AR VR (Augmented + Virtual Reality),4
2024,Madhya Pradesh,Automotive,14
2024,Madhya Pradesh,Art & Photography,3
2024,Madhya Pradesh,Animation,3
2024,Madhya Pradesh,Chemicals,14
2024,Madhya Pradesh,Computer Vision,1
2024,Madhya Pradesh,Telecommunication & Networking,15
2024,Madhya Pradesh,Construction,97
2024,Madhya Pradesh,Agriculture,105
2024,Madhya Pradesh,Aeronautics Aerospace & Defence,12
2024,Madhya Pradesh,AI,21
2024,Madhya Pradesh,Green Technology,18
2024,Madhya Pradesh,Events,3
2024,Madhya Pradesh,Fashion,25
2024,Madhya Pradesh,Finance Technology,34
2024,Madhya Pradesh,Enterprise Software,15
2024,Madhya Pradesh,Food & Beverages,70
2024,Madhya Pradesh,Design,3
2024,Madhya Pradesh,Dating Matrimonial,1
2024,Madhya Pradesh,Education,35
2024,Madhya Pradesh,Renewable Energy,62
2024,Madhya Pradesh,Technology Hardware,32
2024,Madhya Pradesh,Healthcare & Lifesciences,106
2024,Madhya Pradesh,Internet of Things,4
2024,Madhya Pradesh,IT Services,116
2024,Madhya Pradesh,Human Resources,67
2024,Madhya Pradesh,Marketing,15
2024,Madhya Pradesh,Nanotechnology,1
2024,Madhya Pradesh,Non- Renewable Energy,6
2024,Madhya Pradesh,Pets & Animals,5
2024,Madhya Pradesh,Media & Entertainment,9
2024,Madhya Pradesh,Retail,13
2024,Madhya Pradesh,House-Hold Services,9
2024,Madhya Pradesh,Professional & Commercial Services,64
2024,Madhya Pradesh,Sports,3
2024,Madhya Pradesh,Social Impact,8
2024,Madhya Pradesh,Social Network,2
2024,Madhya Pradesh,Textiles & Apparel,23
2024,Madhya Pradesh,Indic Language Startups,3
2024,Madhya Pradesh,Transportation & Storage,11
2024,Madhya Pradesh,Logistics,5
2024,Madhya Pradesh,Travel & Tourism,21
2024,Madhya Pradesh,Security Solutions,22
2024,Madhya Pradesh,Real Estate,23
2024,Madhya Pradesh,Other Specialty Retailers,8
2024,Madhya Pradesh,Safety,4
2024,Madhya Pradesh,Robotics,1
2024,Madhya Pradesh,Passenger Experience,1
2024,Madhya Pradesh,Biotechnology,8
2024,Madhya Pradesh,Waste Management,18
2024,Madhya Pradesh,Toys and Games,2
2024,Tripura,Construction,4
2024,Tripura,Agriculture,5
2024,Tripura,AI,1
2024,Tripura,Green Technology,1
2024,Tripura,Enterprise Software,1
2024,Tripura,Food & Beverages,1
2024,Tripura,Design,1
2024,Tripura,Education,3
2024,Tripura,Renewable Energy,2
2024,Tripura,Technology Hardware,2
2024,Tripura,Healthcare & Lifesciences,3
2024,Tripura,IT Services,4
2024,Tripura,Human Resources,2
2024,Tripura,Marketing,1
2024,Tripura,Media & Entertainment,2
2024,Tripura,Retail,2
2024,Tripura,Professional & Commercial Services,3
2024,Tripura,Social Network,1
2024,Tripura,Textiles & Apparel,2
2024,Tripura,Logistics,1
2024,Tripura,Travel & Tourism,1
2024,Tripura,Security Solutions,1
2024,Tripura,Biotechnology,1
2024,Nagaland,Automotive,1
2024,Nagaland,Construction,1
2024,Nagaland,Agriculture,14
2024,Nagaland,Green Technology,1
2024,Nagaland,Fashion,2
2024,Nagaland,Enterprise Software,1
2024,Nagaland,Food & Beverages,4
2024,Nagaland,Education,1
2024,Nagaland,Healthcare & Lifesciences,2
2024,Nagaland,IT Services,1
2024,Nagaland,Human Resources,1
2024,Nagaland,Media & Entertainment,2
2024,Nagaland,Retail,1
2024,Nagaland,Travel & Tourism,1
2024,Nagaland,Real Estate,1
2024,Nagaland,Toys and Games,1
2024,Telangana,Analytics,6
2024,Telangana,Advertising,12
2024,Telangana,Architecture Interior Design,13
2024,Telangana,AR VR (Augmented + Virtual Reality),13
2024,Telangana,Automotive,20
2024,Telangana,Art & Photography,9
2024,Telangana,Animation,2
2024,Telangana,Chemicals,19
2024,Telangana,Computer Vision,4
2024,Telangana,Telecommunication & Networking,14
2024,Telangana,Construction,78
2024,Telangana,Agriculture,82
2024,Telangana,Aeronautics Aerospace & Defence,47
2024,Telangana,AI,87
2024,Telangana,Green Technology,29
2024,Telangana,Events,11
2024,Telangana,Fashion,26
2024,Telangana,Finance Technology,52
2024,Telangana,Enterprise Software,41
2024,Telangana,Food & Beverages,88
2024,Telangana,Design,8
2024,Telangana,Education,98
2024,Telangana,Renewable Energy,54
2024,Telangana,Technology Hardware,48
2024,Telangana,Healthcare & Lifesciences,189
2024,Telangana,Internet of Things,10
2024,Telangana,IT Services,282
2024,Telangana,Human Resources,38
2024,Telangana,Marketing,27
2024,Telangana,Non- Renewable Energy,15
2024,Telangana,Pets & Animals,3
2024,Telangana,Media & Entertainment,32
2024,Telangana,Retail,38
2024,Telangana,House-Hold Services,12
2024,Telangana,Professional & Commercial Services,82
2024,Telangana,Sports,13
2024,Telangana,Social Impact,10
2024,Telangana,Social Network,11
2024,Telangana,Textiles & Apparel,19
2024,Telangana,Indic Language Startups,8
2024,Telangana,Transportation & Storage,27
2024,Telangana,Logistics,11
2024,Telangana,Travel & Tourism,21
2024,Telangana,Security Solutions,14
2024,Telangana,Real Estate,27
2024,Telangana,Other Specialty Retailers,15
2024,Telangana,Safety,3
2024,Telangana,Robotics,5
2024,Telangana,Biotechnology,12
2024,Telangana,Waste Management,18
2024,Telangana,Toys and Games,6
2024,Uttarakhand,Architecture Interior Design,1
2024,Uttarakhand,Automotive,3
2024,Uttarakhand,Art & Photography,1
2024,Uttarakhand,Chemicals,4
2024,Uttarakhand,Telecommunication & Networking,3
2024,Uttarakhand,Construction,24
2024,Uttarakhand,Agriculture,17
2024,Uttarakhand,Aeronautics Aerospace & Defence,2
2024,Uttarakhand,AI,8
2024,Uttarakhand,Green Technology,9
2024,Uttarakhand,Fashion,1
2024,Uttarakhand,Finance Technology,7
2024,Uttarakhand,Enterprise Software,5
2024,Uttarakhand,Food & Beverages,15
2024,Uttarakhand,Education,19
2024,Uttarakhand,Renewable Energy,10
2024,Uttarakhand,Technology Hardware,9
2024,Uttarakhand,Healthcare & Lifesciences,33
2024,Uttarakhand,Internet of Things,3
2024,Uttarakhand,IT Services,21
2024,Uttarakhand,Human Resources,6
2024,Uttarakhand,Marketing,7
2024,Uttarakhand,Non- Renewable Energy,1
2024,Uttarakhand,Pets & Animals,1
2024,Uttarakhand,Media & Entertainment,2
2024,Uttarakhand,Retail,5
2024,Uttarakhand,House-Hold Services,1
2024,Uttarakhand,Professional & Commercial Services,14
2024,Uttarakhand,Textiles & Apparel,7
2024,Uttarakhand,Indic Language Startups,2
2024,Uttarakhand,Transportation & Storage,2
2024,Uttarakhand,Logistics,1
2024,Uttarakhand,Travel & Tourism,9
2024,Uttarakhand,Security Solutions,3
2024,Uttarakhand,Real Estate,4
2024,Uttarakhand,Other Specialty Retailers,4
2024,Uttarakhand,Biotechnology,4
2024,Uttarakhand,Waste Management,2
2024,West Bengal,Analytics,4
2024,West Bengal,Advertising,6
2024,West Bengal,Architecture Interior Design,7
2024,West Bengal,AR VR (Augmented + Virtual Reality),3
2024,West Bengal,Automotive,20
2024,West Bengal,Art & Photography,3
2024,West Bengal,Chemicals,18
2024,West Bengal,Computer Vision,1
2024,West Bengal,Telecommunication & Networking,5
2024,West Bengal,Construction,75
2024,West Bengal,Agriculture,94
2024,West Bengal,Aeronautics Aerospace & Defence,7
2024,West Bengal,AI,21
2024,West Bengal,Green Technology,20
2024,West Bengal,Events,5
2024,West Bengal,Fashion,30
2024,West Bengal,Finance Technology,39
2024,West Bengal,Enterprise Software,13
2024,West Bengal,Food & Beverages,76
2024,West Bengal,Design,3
2024,West Bengal,Dating Matrimonial,1
2024,West Bengal,Education,52
2024,West Bengal,Renewable Energy,26
2024,West Bengal,Technology Hardware,35
2024,West Bengal,Healthcare & Lifesciences,98
2024,West Bengal,Internet of Things,9
2024,West Bengal,IT Services,102
2024,West Bengal,Human Resources,15
2024,West Bengal,Marketing,14
2024,West Bengal,Nanotechnology,1
2024,West Bengal,Non- Renewable Energy,4
2024,West Bengal,Pets & Animals,1
2024,West Bengal,Media & Entertainment,13
2024,West Bengal,Retail,21
2024,West Bengal,House-Hold Services,10
2024,West Bengal,Professional & Commercial Services,79
2024,West Bengal,Sports,5
2024,West Bengal,Social Impact,4
2024,West Bengal,Social Network,2
2024,West Bengal,Textiles & Apparel,43
2024,West Bengal,Indic Language Startups,3
2024,West Bengal,Transportation & Storage,17
2024,West Bengal,Logistics,7
2024,West Bengal,Travel & Tourism,24
2024,West Bengal,Security Solutions,8
2024,West Bengal,Real Estate,21
2024,West Bengal,Other Specialty Retailers,15
2024,West Bengal,Safety,2
2024,West Bengal,Robotics,2
2024,West Bengal,Biotechnology,3
2024,West Bengal,Waste Management,11
2024,West Bengal,Toys and Games,9
2024,Uttar Pradesh,Analytics,10
2024,Uttar Pradesh,Advertising,30
2024,Uttar Pradesh,Architecture Interior Design,32
2024,Uttar Pradesh,AR VR (Augmented + Virtual Reality),11
2024,Uttar Pradesh,Automotive,67
2024,Uttar Pradesh,Art & Photography,22
2024,Uttar Pradesh,Animation,4
2024,Uttar Pradesh,Chemicals,35
2024,Uttar Pradesh,Computer Vision,1
2024,Uttar Pradesh,Telecommunication & Networking,35
2024,Uttar Pradesh,Construction,368
2024,Uttar Pradesh,Agriculture,186
2024,Uttar Pradesh,Aeronautics Aerospace & Defence,45
2024,Uttar Pradesh,AI,73
2024,Uttar Pradesh,Green Technology,47
2024,Uttar Pradesh,Events,23
2024,Uttar Pradesh,Fashion,80
2024,Uttar Pradesh,Finance Technology,103
2024,Uttar Pradesh,Enterprise Software,33
2024,Uttar Pradesh,Food & Beverages,188
2024,Uttar Pradesh,Design,16
2024,Uttar Pradesh,Dating Matrimonial,1
2024,Uttar Pradesh,Education,182
2024,Uttar Pradesh,Renewable Energy,111
2024,Uttar Pradesh,Technology Hardware,119
2024,Uttar Pradesh,Healthcare & Lifesciences,277
2024,Uttar Pradesh,Internet of Things,9
2024,Uttar Pradesh,IT Services,357
2024,Uttar Pradesh,Human Resources,146
2024,Uttar Pradesh,Marketing,48
2024,Uttar Pradesh,Nanotechnology,1
2024,Uttar Pradesh,Non- Renewable Energy,11
2024,Uttar Pradesh,Pets & Animals,10
2024,Uttar Pradesh,Media & Entertainment,31
2024,Uttar Pradesh,Retail,65
2024,Uttar Pradesh,House-Hold Services,28
2024,Uttar Pradesh,Professional & Commercial Services,209
2024,Uttar Pradesh,Sports,17
2024,Uttar Pradesh,Social Impact,18
2024,Uttar Pradesh,Social Network,11
2024,Uttar Pradesh,Textiles & Apparel,79
2024,Uttar Pradesh,Indic Language Startups,9
2024,Uttar Pradesh,Transportation & Storage,30
2024,Uttar Pradesh,Logistics,18
2024,Uttar Pradesh,Travel & Tourism,52
2024,Uttar Pradesh,Security Solutions,35
2024,Uttar Pradesh,Real Estate,53
2024,Uttar Pradesh,Other Specialty Retailers,58
2024,Uttar Pradesh,Safety,9
2024,Uttar Pradesh,Robotics,12
2024,Uttar Pradesh,Passenger Experience,4
2024,Uttar Pradesh,Biotechnology,15
2024,Uttar Pradesh,Waste Management,44
2024,Uttar Pradesh,Toys and Games,8
2024,Ladakh,Construction,2
2024,Ladakh,Agriculture,2
2024,Ladakh,Food & Beverages,1
2024,Maharashtra,Analytics,20
2024,Maharashtra,Advertising,50
2024,Maharashtra,Architecture Interior Design,51
2024,Maharashtra,AR VR (Augmented + Virtual Reality),7
2024,Maharashtra,Automotive,154
2024,Maharashtra,Art & Photography,20
2024,Maharashtra,Animation,8
2024,Maharashtra,Chemicals,96
2024,Maharashtra,Computer Vision,6
2024,Maharashtra,Telecommunication & Networking,39
2024,Maharashtra,Construction,363
2024,Maharashtra,Agriculture,437
2024,Maharashtra,Aeronautics Aerospace & Defence,51
2024,Maharashtra,AI,139
2024,Maharashtra,Green Technology,99
2024,Maharashtra,Events,31
2024,Maharashtra,Fashion,135
2024,Maharashtra,Finance Technology,219
2024,Maharashtra,Enterprise Software,70
2024,Maharashtra,Food & Beverages,345
2024,Maharashtra,Design,43
2024,Maharashtra,Dating Matrimonial,5
2024,Maharashtra,Education,230
2024,Maharashtra,Renewable Energy,180
2024,Maharashtra,Technology Hardware,190
2024,Maharashtra,Healthcare & Lifesciences,544
2024,Maharashtra,Internet of Things,31
2024,Maharashtra,IT Services,514
2024,Maharashtra,Human Resources,134
2024,Maharashtra,Marketing,103
2024,Maharashtra,Nanotechnology,7
2024,Maharashtra,Non- Renewable Energy,38
2024,Maharashtra,Pets & Animals,14
2024,Maharashtra,Media & Entertainment,113
2024,Maharashtra,Retail,109
2024,Maharashtra,House-Hold Services,44
2024,Maharashtra,Professional & Commercial Services,293
2024,Maharashtra,Sports,40
2024,Maharashtra,Social Impact,34
2024,Maharashtra,Social Network,19
2024,Maharashtra,Textiles & Apparel,100
2024,Maharashtra,Indic Language Startups,23
2024,Maharashtra,Transportation & Storage,85
2024,Maharashtra,Logistics,50
2024,Maharashtra,Travel & Tourism,86
2024,Maharashtra,Security Solutions,51
2024,Maharashtra,Airport Operations,5
2024,Maharashtra,Real Estate,71
2024,Maharashtra,Other Specialty Retailers,83
2024,Maharashtra,Safety,17
2024,Maharashtra,Robotics,29
2024,Maharashtra,Passenger Experience,1
2024,Maharashtra,Biotechnology,23
2024,Maharashtra,Waste Management,55
2024,Maharashtra,Toys and Games,32
2024,Dadra and Nagar Haveli and Daman and Diu,Chemicals,1
2024,Dadra and Nagar Haveli and Daman and Diu,Green Technology,1
2024,Dadra and Nagar Haveli and Daman and Diu,Fashion,1
2024,Dadra and Nagar Haveli and Daman and Diu,Finance Technology,1
2024,Dadra and Nagar Haveli and Daman and Diu,Food & Beverages,4
2024,Dadra and Nagar Haveli and Daman and Diu,Technology Hardware,1
2024,Dadra and Nagar Haveli and Daman and Diu,Healthcare & Lifesciences,1
2024,Dadra and Nagar Haveli and Daman and Diu,Internet of Things,1
2024,Dadra and Nagar Haveli and Daman and Diu,IT Services,1
2024,Dadra and Nagar Haveli and Daman and Diu,Professional & Commercial Services,1
2024,Dadra and Nagar Haveli and Daman and Diu,Textiles & Apparel,1
2024,Dadra and Nagar Haveli and Daman and Diu,Logistics,1
2024,Dadra and Nagar Haveli and Daman and Diu,Other Specialty Retailers,1
2024,Puducherry,Construction,4
2024,Puducherry,Agriculture,1
2024,Puducherry,AI,2
2024,Puducherry,Green Technology,2
2024,Puducherry,Food & Beverages,2
2024,Puducherry,Education,2
2024,Puducherry,Renewable Energy,1
2024,Puducherry,Technology Hardware,1
2024,Puducherry,Healthcare & Lifesciences,2
2024,Puducherry,IT Services,5
2024,Puducherry,Professional & Commercial Services,1
2024,Puducherry,Transportation & Storage,1
2024,Puducherry,Travel & Tourism,1
2024,Puducherry,Security Solutions,1
2024,Puducherry,Waste Management,1
2024,Meghalaya,Construction,1
2024,Meghalaya,Agriculture,2
2024,Meghalaya,Events,1
2024,Meghalaya,Food & Beverages,2
2024,Meghalaya,Education,2
2024,Meghalaya,Healthcare & Lifesciences,1
2024,Meghalaya,Marketing,2
2024,Meghalaya,Retail,1
2024,Meghalaya,Social Impact,1
2024,Meghalaya,Transportation & Storage,1
2024,Meghalaya,Logistics,1
2024,Meghalaya,Travel & Tourism,2
2024,Odisha,Analytics,3
2024,Odisha,Advertising,4
2024,Odisha,Architecture Interior Design,4
2024,Odisha,AR VR (Augmented + Virtual Reality),4
2024,Odisha,Automotive,6
2024,Odisha,Art & Photography,8
2024,Odisha,Chemicals,2
2024,Odisha,Computer Vision,1
2024,Odisha,Telecommunication & Networking,5
2024,Odisha,Construction,36
2024,Odisha,Agriculture,31
2024,Odisha,Aeronautics Aerospace & Defence,5
2024,Odisha,AI,15
2024,Odisha,Green Technology,7
2024,Odisha,Events,4
2024,Odisha,Fashion,16
2024,Odisha,Finance Technology,10
2024,Odisha,Enterprise Software,4
2024,Odisha,Food & Beverages,28
2024,Odisha,Design,2
2024,Odisha,Education,20
2024,Odisha,Renewable Energy,20
2024,Odisha,Technology Hardware,12
2024,Odisha,Healthcare & Lifesciences,53
2024,Odisha,Internet of Things,6
2024,Odisha,IT Services,58
2024,Odisha,Human Resources,12
2024,Odisha,Marketing,7
2024,Odisha,Non- Renewable Energy,5
2024,Odisha,Pets & Animals,2
2024,Odisha,Media & Entertainment,6
2024,Odisha,Retail,8
2024,Odisha,House-Hold Services,4
2024,Odisha,Professional & Commercial Services,26
2024,Odisha,Sports,4
2024,Odisha,Social Impact,7
2024,Odisha,Social Network,2
2024,Odisha,Textiles & Apparel,12
2024,Odisha,Indic Language Startups,1
2024,Odisha,Transportation & Storage,15
2024,Odisha,Logistics,4
2024,Odisha,Travel & Tourism,11
2024,Odisha,Security Solutions,10
2024,Odisha,Real Estate,12
2024,Odisha,Other Specialty Retailers,12
2024,Odisha,Safety,1
2024,Odisha,Robotics,2
2024,Odisha,Biotechnology,10
2024,Odisha,Waste Management,10
2024,Odisha,Toys and Games,1
2024,Punjab,Analytics,1
2024,Punjab,Advertising,4
2024,Punjab,Architecture Interior Design,1
2024,Punjab,AR VR (Augmented + Virtual Reality),1
2024,Punjab,Automotive,16
2024,Punjab,Art & Photography,4
2024,Punjab,Chemicals,8
2024,Punjab,Computer Vision,1
2024,Punjab,Telecommunication & Networking,2
2024,Punjab,Construction,25
2024,Punjab,Agriculture,26
2024,Punjab,Aeronautics Aerospace & Defence,2
2024,Punjab,AI,10
2024,Punjab,Green Technology,6
2024,Punjab,Events,1
2024,Punjab,Fashion,11
2024,Punjab,Finance Technology,9
2024,Punjab,Enterprise Software,3
2024,Punjab,Food & Beverages,25
2024,Punjab,Education,22
2024,Punjab,Renewable Energy,11
2024,Punjab,Technology Hardware,11
2024,Punjab,Healthcare & Lifesciences,37
2024,Punjab,Internet of Things,2
2024,Punjab,IT Services,45
2024,Punjab,Human Resources,8
2024,Punjab,Marketing,5
2024,Punjab,Nanotechnology,2
2024,Punjab,Non- Renewable Energy,2
2024,Punjab,Pets & Animals,1
2024,Punjab,Media & Entertainment,9
2024,Punjab,Retail,12
2024,Punjab,House-Hold Services,1
2024,Punjab,Professional & Commercial Services,17
2024,Punjab,Sports,1
2024,Punjab,Social Impact,2
2024,Punjab,Social Network,1
2024,Punjab,Textiles & Apparel,19
2024,Punjab,Indic Language Startups,1
2024,Punjab,Transportation & Storage,7
2024,Punjab,Logistics,3
2024,Punjab,Travel & Tourism,8
2024,Punjab,Security Solutions,3
2024,Punjab,Real Estate,6
2024,Punjab,Other Specialty Retailers,4
2024,Punjab,Safety,1
2024,Punjab,Robotics,1
2024,Punjab,Passenger Experience,1
2024,Punjab,Biotechnology,3
2024,Punjab,Waste Management,3
2024,Punjab,Toys and Games,1
2023,Assam,Analytics,1
2023,Assam,Advertising,3
2023,Assam,AR VR (Augmented + Virtual Reality),1
2023,Assam,Automotive,9
2023,Assam,Animation,1
2023,Assam,Chemicals,4
2023,Assam,Telecommunication & Networking,2
2023,Assam,Construction,69
2023,Assam,Agriculture,34
2023,Assam,Aeronautics Aerospace & Defence,1
2023,Assam,AI,1
2023,Assam,Green Technology,4
2023,Assam,Events,2
2023,Assam,Fashion,3
2023,Assam,Finance Technology,4
2023,Assam,Enterprise Software,3
2023,Assam,Food & Beverages,28
2023,Assam,Education,21
2023,Assam,Renewable Energy,7
2023,Assam,Technology Hardware,3
2023,Assam,Healthcare & Lifesciences,40
2023,Assam,Internet of Things,2
2023,Assam,IT Services,18
2023,Assam,Human Resources,3
2023,Assam,Marketing,4
2023,Assam,Nanotechnology,1
2023,Assam,Non- Renewable Energy,2
2023,Assam,Pets & Animals,1
2023,Assam,Media & Entertainment,3
2023,Assam,Retail,6
2023,Assam,House-Hold Services,2
2023,Assam,Professional & Commercial Services,19
2023,Assam,Sports,2
2023,Assam,Social Impact,5
2023,Assam,Social Network,1
2023,Assam,Textiles & Apparel,8
2023,Assam,Indic Language Startups,1
2023,Assam,Transportation & Storage,8
2023,Assam,Travel & Tourism,14
2023,Assam,Security Solutions,6
2023,Assam,Real Estate,3
2023,Assam,Other Specialty Retailers,4
2023,Assam,Safety,1
2023,Assam,Passenger Experience,1
2023,Assam,Biotechnology,4
2023,Assam,Waste Management,1
2023,Chandigarh,Analytics,1
2023,Chandigarh,Architecture Interior Design,1
2023,Chandigarh,Automotive,2
2023,Chandigarh,Chemicals,1
2023,Chandigarh,Telecommunication & Networking,2
2023,Chandigarh,Construction,6
2023,Chandigarh,Agriculture,7
2023,Chandigarh,Aeronautics Aerospace & Defence,1
2023,Chandigarh,AI,2
2023,Chandigarh,Green Technology,1
2023,Chandigarh,Fashion,1
2023,Chandigarh,Finance Technology,5
2023,Chandigarh,Food & Beverages,2
2023,Chandigarh,Education,10
2023,Chandigarh,Renewable Energy,4
2023,Chandigarh,Technology Hardware,3
2023,Chandigarh,Healthcare & Lifesciences,24
2023,Chandigarh,Internet of Things,2
2023,Chandigarh,IT Services,10
2023,Chandigarh,Human Resources,2
2023,Chandigarh,Marketing,1
2023,Chandigarh,Non- Renewable Energy,2
2023,Chandigarh,Pets & Animals,1
2023,Chandigarh,Media & Entertainment,3
2023,Chandigarh,Retail,4
2023,Chandigarh,House-Hold Services,4
2023,Chandigarh,Professional & Commercial Services,6
2023,Chandigarh,Textiles & Apparel,4
2023,Chandigarh,Transportation & Storage,2
2023,Chandigarh,Logistics,1
2023,Chandigarh,Travel & Tourism,2
2023,Chandigarh,Security Solutions,4
2023,Chandigarh,Real Estate,2
2023,Chandigarh,Waste Management,2
2023,Chandigarh,Others,1
2023,Goa,Advertising,1
2023,Goa,Automotive,3
2023,Goa,Chemicals,2
2023,Goa,Computer Vision,1
2023,Goa,Telecommunication & Networking,1
2023,Goa,Construction,5
2023,Goa,Agriculture,1
2023,Goa,Aeronautics Aerospace & Defence,2
2023,Goa,Green Technology,2
2023,Goa,Events,1
2023,Goa,Fashion,3
2023,Goa,Finance Technology,4
2023,Goa,Enterprise Software,1
2023,Goa,Food & Beverages,16
2023,Goa,Design,1
2023,Goa,Education,4
2023,Goa,Renewable Energy,1
2023,Goa,Technology Hardware,2
2023,Goa,Healthcare & Lifesciences,7
2023,Goa,Internet of Things,1
2023,Goa,IT Services,8
2023,Goa,Human Resources,1
2023,Goa,Marketing,2
2023,Goa,Pets & Animals,1
2023,Goa,Media & Entertainment,2
2023,Goa,Retail,2
2023,Goa,Professional & Commercial Services,6
2023,Goa,Textiles & Apparel,1
2023,Goa,Travel & Tourism,11
2023,Goa,Other Specialty Retailers,1
2023,Goa,Robotics,1
2023,Goa,Waste Management,1
2023,Goa,Others,1
2023,Goa,Toys and Games,1
2023,Delhi,Analytics,11
2023,Delhi,Advertising,47
2023,Delhi,Architecture Interior Design,15
2023,Delhi,AR VR (Augmented + Virtual Reality),9
2023,Delhi,Automotive,80
2023,Delhi,Art & Photography,5
2023,Delhi,Animation,3
2023,Delhi,Chemicals,33
2023,Delhi,Computer Vision,6
2023,Delhi,Telecommunication & Networking,35
2023,Delhi,Construction,153
2023,Delhi,Agriculture,76
2023,Delhi,Aeronautics Aerospace & Defence,40
2023,Delhi,AI,53
2023,Delhi,Green Technology,65
2023,Delhi,Events,24
2023,Delhi,Fashion,93
2023,Delhi,Finance Technology,110
2023,Delhi,Enterprise Software,31
2023,Delhi,Food & Beverages,156
2023,Delhi,Design,14
2023,Delhi,Dating Matrimonial,3
2023,Delhi,Education,158
2023,Delhi,Renewable Energy,78
2023,Delhi,Technology Hardware,102
2023,Delhi,Healthcare & Lifesciences,340
2023,Delhi,Internet of Things,13
2023,Delhi,IT Services,315
2023,Delhi,Human Resources,146
2023,Delhi,Marketing,62
2023,Delhi,Nanotechnology,2
2023,Delhi,Non- Renewable Energy,11
2023,Delhi,Pets & Animals,9
2023,Delhi,Media & Entertainment,58
2023,Delhi,Retail,75
2023,Delhi,House-Hold Services,32
2023,Delhi,Professional & Commercial Services,172
2023,Delhi,Sports,12
2023,Delhi,Social Impact,17
2023,Delhi,Social Network,14
2023,Delhi,Textiles & Apparel,74
2023,Delhi,Indic Language Startups,13
2023,Delhi,Transportation & Storage,44
2023,Delhi,Logistics,28
2023,Delhi,Travel & Tourism,74
2023,Delhi,Security Solutions,67
2023,Delhi,Airport Operations,1
2023,Delhi,Real Estate,34
2023,Delhi,Other Specialty Retailers,39
2023,Delhi,Safety,13
2023,Delhi,Robotics,6
2023,Delhi,Biotechnology,9
2023,Delhi,Waste Management,37
2023,Delhi,Others,22
2023,Delhi,Toys and Games,20
2023,Gujarat,Analytics,9
2023,Gujarat,Advertising,19
2023,Gujarat,Architecture Interior Design,30
2023,Gujarat,AR VR (Augmented + Virtual Reality),8
2023,Gujarat,Automotive,92
2023,Gujarat,Art & Photography,10
2023,Gujarat,Chemicals,95
2023,Gujarat,Computer Vision,5
2023,Gujarat,Telecommunication & Networking,20
2023,Gujarat,Construction,205
2023,Gujarat,Agriculture,229
2023,Gujarat,Aeronautics Aerospace & Defence,38
2023,Gujarat,AI,27
2023,Gujarat,Green Technology,62
2023,Gujarat,Events,5
2023,Gujarat,Fashion,104
2023,Gujarat,Finance Technology,78
2023,Gujarat,Enterprise Software,38
2023,Gujarat,Food & Beverages,186
2023,Gujarat,Design,28
2023,Gujarat,Dating Matrimonial,1
2023,Gujarat,Education,98
2023,Gujarat,Renewable Energy,145
2023,Gujarat,Technology Hardware,205
2023,Gujarat,Healthcare & Lifesciences,331
2023,Gujarat,Internet of Things,20
2023,Gujarat,IT Services,287
2023,Gujarat,Human Resources,35
2023,Gujarat,Marketing,55
2023,Gujarat,Nanotechnology,4
2023,Gujarat,Non- Renewable Energy,46
2023,Gujarat,Pets & Animals,5
2023,Gujarat,Media & Entertainment,30
2023,Gujarat,Retail,57
2023,Gujarat,House-Hold Services,42
2023,Gujarat,Professional & Commercial Services,190
2023,Gujarat,Sports,14
2023,Gujarat,Social Impact,13
2023,Gujarat,Social Network,8
2023,Gujarat,Textiles & Apparel,114
2023,Gujarat,Indic Language Startups,20
2023,Gujarat,Transportation & Storage,38
2023,Gujarat,Logistics,20
2023,Gujarat,Travel & Tourism,37
2023,Gujarat,Security Solutions,20
2023,Gujarat,Real Estate,26
2023,Gujarat,Other Specialty Retailers,33
2023,Gujarat,Safety,12
2023,Gujarat,Robotics,11
2023,Gujarat,Biotechnology,13
2023,Gujarat,Waste Management,44
2023,Gujarat,Others,20
2023,Gujarat,Toys and Games,13
2023,Himachal Pradesh,Analytics,1
2023,Himachal Pradesh,Architecture Interior Design,1
2023,Himachal Pradesh,Art & Photography,1
2023,Himachal Pradesh,Chemicals,2
2023,Himachal Pradesh,Construction,17
2023,Himachal Pradesh,Agriculture,28
2023,Himachal Pradesh,AI,1
2023,Himachal Pradesh,Green Technology,1
2023,Himachal Pradesh,Events,1
2023,Himachal Pradesh,Fashion,1
2023,Himachal Pradesh,Finance Technology,1
2023,Himachal Pradesh,Enterprise Software,2
2023,Himachal Pradesh,Food & Beverages,7
2023,Himachal Pradesh,Education,5
2023,Himachal Pradesh,Renewable Energy,5
2023,Himachal Pradesh,Technology Hardware,9
2023,Himachal Pradesh,Healthcare & Lifesciences,18
2023,Himachal Pradesh,IT Services,5
2023,Himachal Pradesh,Human Resources,2
2023,Himachal Pradesh,Marketing,3
2023,Himachal Pradesh,Media & Entertainment,6
2023,Himachal Pradesh,Retail,3
2023,Himachal Pradesh,House-Hold Services,1
2023,Himachal Pradesh,Professional & Commercial Services,7
2023,Himachal Pradesh,Social Impact,1
2023,Himachal Pradesh,Transportation & Storage,1
2023,Himachal Pradesh,Travel & Tourism,6
2023,Himachal Pradesh,Security Solutions,1
2023,Himachal Pradesh,Other Specialty Retailers,5
2023,Himachal Pradesh,Waste Management,1
2023,Himachal Pradesh,Toys and Games,1
2023,Haryana,Analytics,5
2023,Haryana,Advertising,15
2023,Haryana,Architecture Interior Design,11
2023,Haryana,AR VR (Augmented + Virtual Reality),7
2023,Haryana,Automotive,70
2023,Haryana,Art & Photography,6
2023,Haryana,Animation,1
2023,Haryana,Chemicals,23
2023,Haryana,Computer Vision,3
2023,Haryana,Telecommunication & Networking,16
2023,Haryana,Construction,103
2023,Haryana,Agriculture,74
2023,Haryana,Aeronautics Aerospace & Defence,20
2023,Haryana,AI,33
2023,Haryana,Green Technology,37
2023,Haryana,Events,7
2023,Haryana,Fashion,33
2023,Haryana,Finance Technology,60
2023,Haryana,Enterprise Software,28
2023,Haryana,Food & Beverages,87
2023,Haryana,Design,7
2023,Haryana,Dating Matrimonial,2
2023,Haryana,Education,87
2023,Haryana,Renewable Energy,49
2023,Haryana,Technology Hardware,56
2023,Haryana,Healthcare & Lifesciences,163
2023,Haryana,Internet of Things,10
2023,Haryana,IT Services,188
2023,Haryana,Human Resources,55
2023,Haryana,Marketing,34
2023,Haryana,Non- Renewable Energy,7
2023,Haryana,Pets & Animals,9
2023,Haryana,Media & Entertainment,30
2023,Haryana,Retail,40
2023,Haryana,House-Hold Services,24
2023,Haryana,Professional & Commercial Services,79
2023,Haryana,Sports,12
2023,Haryana,Social Impact,12
2023,Haryana,Social Network,6
2023,Haryana,Textiles & Apparel,43
2023,Haryana,Indic Language Startups,2
2023,Haryana,Transportation & Storage,28
2023,Haryana,Logistics,12
2023,Haryana,Travel & Tourism,26
2023,Haryana,Security Solutions,17
2023,Haryana,Airport Operations,1
2023,Haryana,Real Estate,29
2023,Haryana,Other Specialty Retailers,18
2023,Haryana,Safety,9
2023,Haryana,Robotics,7
2023,Haryana,Passenger Experience,1
2023,Haryana,Biotechnology,3
2023,Haryana,Waste Management,26
2023,Haryana,Others,7
2023,Haryana,Toys and Games,5
2023,Jammu and Kashmir,Architecture Interior Design,1
2023,Jammu and Kashmir,Automotive,1
2023,Jammu and Kashmir,Art & Photography,3
2023,Jammu and Kashmir,Telecommunication & Networking,3
2023,Jammu and Kashmir,Construction,71
2023,Jammu and Kashmir,Agriculture,20
2023,Jammu and Kashmir,Aeronautics Aerospace & Defence,1
2023,Jammu and Kashmir,AI,1
2023,Jammu and Kashmir,Green Technology,3
2023,Jammu and Kashmir,Events,1
2023,Jammu and Kashmir,Fashion,3
2023,Jammu and Kashmir,Finance Technology,2
2023,Jammu and Kashmir,Food & Beverages,12
2023,Jammu and Kashmir,Design,4
2023,Jammu and Kashmir,Education,19
2023,Jammu and Kashmir,Renewable Energy,4
2023,Jammu and Kashmir,Technology Hardware,4
2023,Jammu and Kashmir,Healthcare & Lifesciences,13
2023,Jammu and Kashmir,Internet of Things,2
2023,Jammu and Kashmir,IT Services,13
2023,Jammu and Kashmir,Human Resources,5
2023,Jammu and Kashmir,Marketing,2
2023,Jammu and Kashmir,Non- Renewable Energy,4
2023,Jammu and Kashmir,Media & Entertainment,1
2023,Jammu and Kashmir,Retail,2
2023,Jammu and Kashmir,House-Hold Services,1
2023,Jammu and Kashmir,Professional & Commercial Services,13
2023,Jammu and Kashmir,Sports,1
2023,Jammu and Kashmir,Social Impact,1
2023,Jammu and Kashmir,Textiles & Apparel,4
2023,Jammu and Kashmir,Indic Language Startups,3
2023,Jammu and Kashmir,Transportation & Storage,4
2023,Jammu and Kashmir,Logistics,2
2023,Jammu and Kashmir,Travel & Tourism,11
2023,Jammu and Kashmir,Security Solutions,5
2023,Jammu and Kashmir,Real Estate,2
2023,Jammu and Kashmir,Other Specialty Retailers,2
2023,Jammu and Kashmir,Safety,2
2023,Jharkhand,Analytics,2
2023,Jharkhand,Advertising,2
2023,Jharkhand,Architecture Interior Design,1
2023,Jharkhand,AR VR (Augmented + Virtual Reality),2
2023,Jharkhand,Automotive,9
2023,Jharkhand,Art & Photography,1
2023,Jharkhand,Chemicals,10
2023,Jharkhand,Computer Vision,1
2023,Jharkhand,Telecommunication & Networking,1
2023,Jharkhand,Construction,40
2023,Jharkhand,Agriculture,18
2023,Jharkhand,Aeronautics Aerospace & Defence,1
2023,Jharkhand,AI,3
2023,Jharkhand,Green Technology,2
2023,Jharkhand,Events,2
2023,Jharkhand,Fashion,4
2023,Jharkhand,Finance Technology,8
2023,Jharkhand,Enterprise Software,5
2023,Jharkhand,Food & Beverages,19
2023,Jharkhand,Education,14
2023,Jharkhand,Renewable Energy,13
2023,Jharkhand,Technology Hardware,8
2023,Jharkhand,Healthcare & Lifesciences,28
2023,Jharkhand,Internet of Things,1
2023,Jharkhand,IT Services,33
2023,Jharkhand,Human Resources,12
2023,Jharkhand,Marketing,6
2023,Jharkhand,Nanotechnology,2
2023,Jharkhand,Non- Renewable Energy,3
2023,Jharkhand,Pets & Animals,1
2023,Jharkhand,Media & Entertainment,6
2023,Jharkhand,Retail,8
2023,Jharkhand,House-Hold Services,3
2023,Jharkhand,Professional & Commercial Services,19
2023,Jharkhand,Sports,4
2023,Jharkhand,Social Impact,1
2023,Jharkhand,Social Network,1
2023,Jharkhand,Textiles & Apparel,5
2023,Jharkhand,Indic Language Startups,2
2023,Jharkhand,Transportation & Storage,2
2023,Jharkhand,Logistics,2
2023,Jharkhand,Travel & Tourism,6
2023,Jharkhand,Security Solutions,8
2023,Jharkhand,Real Estate,5
2023,Jharkhand,Other Specialty Retailers,2
2023,Jharkhand,Safety,1
2023,Jharkhand,Waste Management,2
2023,Jharkhand,Others,7
2023,Jharkhand,Toys and Games,1
2023,Bihar,Advertising,5
2023,Bihar,Architecture Interior Design,4
2023,Bihar,Automotive,10
2023,Bihar,Art & Photography,3
2023,Bihar,Chemicals,6
2023,Bihar,Computer Vision,1
2023,Bihar,Telecommunication & Networking,8
2023,Bihar,Construction,166
2023,Bihar,Agriculture,72
2023,Bihar,Aeronautics Aerospace & Defence,4
2023,Bihar,AI,2
2023,Bihar,Green Technology,10
2023,Bihar,Events,6
2023,Bihar,Fashion,12
2023,Bihar,Finance Technology,13
2023,Bihar,Enterprise Software,4
2023,Bihar,Food & Beverages,60
2023,Bihar,Design,1
2023,Bihar,Dating Matrimonial,2
2023,Bihar,Education,54
2023,Bihar,Renewable Energy,13
2023,Bihar,Technology Hardware,22
2023,Bihar,Healthcare & Lifesciences,73
2023,Bihar,Internet of Things,5
2023,Bihar,IT Services,54
2023,Bihar,Human Resources,28
2023,Bihar,Marketing,15
2023,Bihar,Nanotechnology,1
2023,Bihar,Non- Renewable Energy,8
2023,Bihar,Media & Entertainment,13
2023,Bihar,Retail,15
2023,Bihar,House-Hold Services,1
2023,Bihar,Professional & Commercial Services,36
2023,Bihar,Sports,1
2023,Bihar,Social Impact,6
2023,Bihar,Textiles & Apparel,9
2023,Bihar,Indic Language Startups,5
2023,Bihar,Transportation & Storage,5
2023,Bihar,Logistics,1
2023,Bihar,Travel & Tourism,12
2023,Bihar,Security Solutions,11
2023,Bihar,Real Estate,13
2023,Bihar,Other Specialty Retailers,6
2023,Bihar,Safety,2
2023,Bihar,Robotics,1
2023,Bihar,Passenger Experience,1
2023,Bihar,Biotechnology,1
2023,Bihar,Waste Management,9
2023,Bihar,Others,2
2023,Lakshadweep,Construction,1
2023,Lakshadweep,Travel & Tourism,1
2023,Kerala,Analytics,5
2023,Kerala,Advertising,17
2023,Kerala,Architecture Interior Design,15
2023,Kerala,AR VR (Augmented + Virtual Reality),7
2023,Kerala,Automotive,23
2023,Kerala,Art & Photography,6
2023,Kerala,Animation,5
2023,Kerala,Chemicals,8
2023,Kerala,Computer Vision,2
2023,Kerala,Telecommunication & Networking,12
2023,Kerala,Construction,68
2023,Kerala,Agriculture,52
2023,Kerala,Aeronautics Aerospace & Defence,15
2023,Kerala,AI,20
2023,Kerala,Green Technology,22
2023,Kerala,Events,5
2023,Kerala,Fashion,16
2023,Kerala,Finance Technology,28
2023,Kerala,Enterprise Software,36
2023,Kerala,Food & Beverages,75
2023,Kerala,Design,8
2023,Kerala,Dating Matrimonial,2
2023,Kerala,Education,116
2023,Kerala,Renewable Energy,24
2023,Kerala,Technology Hardware,51
2023,Kerala,Healthcare & Lifesciences,110
2023,Kerala,Internet of Things,14
2023,Kerala,IT Services,191
2023,Kerala,Human Resources,20
2023,Kerala,Marketing,29
2023,Kerala,Nanotechnology,3
2023,Kerala,Non- Renewable Energy,13
2023,Kerala,Pets & Animals,1
2023,Kerala,Media & Entertainment,24
2023,Kerala,Retail,31
2023,Kerala,House-Hold Services,10
2023,Kerala,Professional & Commercial Services,57
2023,Kerala,Sports,5
2023,Kerala,Social Impact,9
2023,Kerala,Social Network,10
2023,Kerala,Textiles & Apparel,9
2023,Kerala,Indic Language Startups,2
2023,Kerala,Transportation & Storage,5
2023,Kerala,Logistics,6
2023,Kerala,Travel & Tourism,38
2023,Kerala,Security Solutions,7
2023,Kerala,Real Estate,7
2023,Kerala,Other Specialty Retailers,1
2023,Kerala,Safety,3
2023,Kerala,Robotics,9
2023,Kerala,Biotechnology,9
2023,Kerala,Waste Management,17
2023,Kerala,Others,10
2023,Kerala,Toys and Games,8
2023,Karnataka,Analytics,27
2023,Karnataka,Advertising,24
2023,Karnataka,Architecture Interior Design,28
2023,Karnataka,AR VR (Augmented + Virtual Reality),13
2023,Karnataka,Automotive,77
2023,Karnataka,Art & Photography,10
2023,Karnataka,Animation,5
2023,Karnataka,Chemicals,14
2023,Karnataka,Computer Vision,4
2023,Karnataka,Telecommunication & Networking,19
2023,Karnataka,Construction,118
2023,Karnataka,Agriculture,163
2023,Karnataka,Aeronautics Aerospace & Defence,60
2023,Karnataka,AI,96
2023,Karnataka,Green Technology,71
2023,Karnataka,Events,13
2023,Karnataka,Fashion,68
2023,Karnataka,Finance Technology,116
2023,Karnataka,Enterprise Software,78
2023,Karnataka,Food & Beverages,186
2023,Karnataka,Design,19
2023,Karnataka,Dating Matrimonial,3
2023,Karnataka,Education,160
2023,Karnataka,Renewable Energy,62
2023,Karnataka,Technology Hardware,112
2023,Karnataka,Healthcare & Lifesciences,258
2023,Karnataka,Internet of Things,23
2023,Karnataka,IT Services,408
2023,Karnataka,Human Resources,54
2023,Karnataka,Marketing,40
2023,Karnataka,Nanotechnology,5
2023,Karnataka,Non- Renewable Energy,12
2023,Karnataka,Pets & Animals,20
2023,Karnataka,Media & Entertainment,35
2023,Karnataka,Retail,81
2023,Karnataka,House-Hold Services,11
2023,Karnataka,Professional & Commercial Services,114
2023,Karnataka,Sports,16
2023,Karnataka,Social Impact,15
2023,Karnataka,Social Network,16
2023,Karnataka,Textiles & Apparel,38
2023,Karnataka,Indic Language Startups,7
2023,Karnataka,Transportation & Storage,32
2023,Karnataka,Logistics,30
2023,Karnataka,Travel & Tourism,46
2023,Karnataka,Security Solutions,29
2023,Karnataka,Airport Operations,2
2023,Karnataka,Real Estate,40
2023,Karnataka,Other Specialty Retailers,33
2023,Karnataka,Safety,6
2023,Karnataka,Robotics,9
2023,Karnataka,Passenger Experience,1
2023,Karnataka,Biotechnology,28
2023,Karnataka,Waste Management,31
2023,Karnataka,Others,29
2023,Karnataka,Toys and Games,19
2023,Chhattisgarh,Advertising,3
2023,Chhattisgarh,Architecture Interior Design,1
2023,Chhattisgarh,Automotive,9
2023,Chhattisgarh,Art & Photography,1
2023,Chhattisgarh,Animation,2
2023,Chhattisgarh,Chemicals,5
2023,Chhattisgarh,Computer Vision,2
2023,Chhattisgarh,Telecommunication & Networking,6
2023,Chhattisgarh,Construction,29
2023,Chhattisgarh,Agriculture,50
2023,Chhattisgarh,Aeronautics Aerospace & Defence,5
2023,Chhattisgarh,AI,4
2023,Chhattisgarh,Green Technology,4
2023,Chhattisgarh,Events,1
2023,Chhattisgarh,Fashion,2
2023,Chhattisgarh,Finance Technology,13
2023,Chhattisgarh,Enterprise Software,1
2023,Chhattisgarh,Food & Beverages,11
2023,Chhattisgarh,Design,2
2023,Chhattisgarh,Education,24
2023,Chhattisgarh,Renewable Energy,13
2023,Chhattisgarh,Technology Hardware,14
2023,Chhattisgarh,Healthcare & Lifesciences,30
2023,Chhattisgarh,IT Services,28
2023,Chhattisgarh,Human Resources,7
2023,Chhattisgarh,Marketing,7
2023,Chhattisgarh,Non- Renewable Energy,7
2023,Chhattisgarh,Pets & Animals,1
2023,Chhattisgarh,Media & Entertainment,3
2023,Chhattisgarh,Retail,12
2023,Chhattisgarh,House-Hold Services,1
2023,Chhattisgarh,Professional & Commercial Services,21
2023,Chhattisgarh,Sports,1
2023,Chhattisgarh,Social Impact,3
2023,Chhattisgarh,Social Network,2
2023,Chhattisgarh,Textiles & Apparel,2
2023,Chhattisgarh,Transportation & Storage,4
2023,Chhattisgarh,Logistics,5
2023,Chhattisgarh,Travel & Tourism,2
2023,Chhattisgarh,Security Solutions,3
2023,Chhattisgarh,Real Estate,5
2023,Chhattisgarh,Other Specialty Retailers,4
2023,Chhattisgarh,Biotechnology,2
2023,Chhattisgarh,Waste Management,6
2023,Chhattisgarh,Others,4
2023,Andhra Pradesh,Analytics,4
2023,Andhra Pradesh,Advertising,4
2023,Andhra Pradesh,Architecture Interior Design,2
2023,Andhra Pradesh,AR VR (Augmented + Virtual Reality),2
2023,Andhra Pradesh,Automotive,18
2023,Andhra Pradesh,Chemicals,4
2023,Andhra Pradesh,Computer Vision,1
2023,Andhra Pradesh,Telecommunication & Networking,2
2023,Andhra Pradesh,Construction,54
2023,Andhra Pradesh,Agriculture,50
2023,Andhra Pradesh,Aeronautics Aerospace & Defence,10
2023,Andhra Pradesh,AI,7
2023,Andhra Pradesh,Green Technology,10
2023,Andhra Pradesh,Events,1
2023,Andhra Pradesh,Fashion,8
2023,Andhra Pradesh,Finance Technology,12
2023,Andhra Pradesh,Enterprise Software,8
2023,Andhra Pradesh,Food & Beverages,27
2023,Andhra Pradesh,Design,1
2023,Andhra Pradesh,Education,39
2023,Andhra Pradesh,Renewable Energy,17
2023,Andhra Pradesh,Technology Hardware,18
2023,Andhra Pradesh,Healthcare & Lifesciences,51
2023,Andhra Pradesh,Internet of Things,7
2023,Andhra Pradesh,IT Services,78
2023,Andhra Pradesh,Human Resources,16
2023,Andhra Pradesh,Marketing,9
2023,Andhra Pradesh,Non- Renewable Energy,7
2023,Andhra Pradesh,Media & Entertainment,6
2023,Andhra Pradesh,Retail,6
2023,Andhra Pradesh,House-Hold Services,4
2023,Andhra Pradesh,Professional & Commercial Services,38
2023,Andhra Pradesh,Sports,1
2023,Andhra Pradesh,Social Impact,2
2023,Andhra Pradesh,Social Network,1
2023,Andhra Pradesh,Textiles & Apparel,1
2023,Andhra Pradesh,Indic Language Startups,3
2023,Andhra Pradesh,Transportation & Storage,8
2023,Andhra Pradesh,Logistics,6
2023,Andhra Pradesh,Travel & Tourism,9
2023,Andhra Pradesh,Real Estate,1
2023,Andhra Pradesh,Other Specialty Retailers,5
2023,Andhra Pradesh,Robotics,6
2023,Andhra Pradesh,Biotechnology,9
2023,Andhra Pradesh,Waste Management,5
2023,Andhra Pradesh,Others,5
2023,Andhra Pradesh,Toys and Games,2
2023,Arunachal Pradesh,Construction,3
2023,Arunachal Pradesh,Agriculture,6
2023,Arunachal Pradesh,Aeronautics Aerospace & Defence,1
2023,Arunachal Pradesh,Events,1
2023,Arunachal Pradesh,Food & Beverages,1
2023,Arunachal Pradesh,Education,1
2023,Arunachal Pradesh,Renewable Energy,1
2023,Arunachal Pradesh,IT Services,1
2023,Arunachal Pradesh,Human Resources,1
2023,Arunachal Pradesh,Professional & Commercial Services,1
2023,Andaman and Nicobar Islands,AR VR (Augmented + Virtual Reality),2
2023,Andaman and Nicobar Islands,Automotive,1
2023,Andaman and Nicobar Islands,Construction,3
2023,Andaman and Nicobar Islands,Agriculture,1
2023,Andaman and Nicobar Islands,Healthcare & Lifesciences,1
2023,Andaman and Nicobar Islands,IT Services,1
2023,Andaman and Nicobar Islands,Human Resources,1
2023,Andaman and Nicobar Islands,Travel & Tourism,3
2023,Manipur,Automotive,1
2023,Manipur,Construction,3
2023,Manipur,Agriculture,3
2023,Manipur,Fashion,1
2023,Manipur,Enterprise Software,1
2023,Manipur,Food & Beverages,3
2023,Manipur,Education,1
2023,Manipur,Healthcare & Lifesciences,4
2023,Manipur,IT Services,4
2023,Manipur,Professional & Commercial Services,1
2023,Manipur,Social Impact,1
2023,Manipur,Biotechnology,2
2023,Manipur,Waste Management,1
2023,Mizoram,AR VR (Augmented + Virtual Reality),1
2023,Mizoram,Construction,2
2023,Mizoram,Agriculture,2
2023,Mizoram,Fashion,1
2023,Mizoram,Food & Beverages,2
2023,Mizoram,Healthcare & Lifesciences,2
2023,Mizoram,Media & Entertainment,1
2023,Mizoram,Textiles & Apparel,1
2023,Mizoram,Travel & Tourism,1
2023,Rajasthan,Analytics,8
2023,Rajasthan,Advertising,8
2023,Rajasthan,Architecture Interior Design,9
2023,Rajasthan,AR VR (Augmented + Virtual Reality),7
2023,Rajasthan,Automotive,25
2023,Rajasthan,Art & Photography,11
2023,Rajasthan,Animation,2
2023,Rajasthan,Chemicals,16
2023,Rajasthan,Computer Vision,2
2023,Rajasthan,Telecommunication & Networking,10
2023,Rajasthan,Construction,94
2023,Rajasthan,Agriculture,102
2023,Rajasthan,Aeronautics Aerospace & Defence,9
2023,Rajasthan,AI,30
2023,Rajasthan,Green Technology,32
2023,Rajasthan,Events,5
2023,Rajasthan,Fashion,58
2023,Rajasthan,Finance Technology,56
2023,Rajasthan,Enterprise Software,12
2023,Rajasthan,Food & Beverages,93
2023,Rajasthan,Design,4
2023,Rajasthan,Dating Matrimonial,1
2023,Rajasthan,Education,106
2023,Rajasthan,Renewable Energy,49
2023,Rajasthan,Technology Hardware,40
2023,Rajasthan,Healthcare & Lifesciences,109
2023,Rajasthan,Internet of Things,8
2023,Rajasthan,IT Services,132
2023,Rajasthan,Human Resources,19
2023,Rajasthan,Marketing,21
2023,Rajasthan,Non- Renewable Energy,31
2023,Rajasthan,Pets & Animals,3
2023,Rajasthan,Media & Entertainment,15
2023,Rajasthan,Retail,27
2023,Rajasthan,House-Hold Services,9
2023,Rajasthan,Professional & Commercial Services,81
2023,Rajasthan,Sports,7
2023,Rajasthan,Social Impact,11
2023,Rajasthan,Social Network,10
2023,Rajasthan,Textiles & Apparel,36
2023,Rajasthan,Indic Language Startups,6
2023,Rajasthan,Transportation & Storage,17
2023,Rajasthan,Logistics,7
2023,Rajasthan,Travel & Tourism,21
2023,Rajasthan,Security Solutions,17
2023,Rajasthan,Real Estate,11
2023,Rajasthan,Other Specialty Retailers,17
2023,Rajasthan,Safety,3
2023,Rajasthan,Robotics,6
2023,Rajasthan,Passenger Experience,1
2023,Rajasthan,Biotechnology,2
2023,Rajasthan,Waste Management,12
2023,Rajasthan,Others,6
2023,Rajasthan,Toys and Games,11
2023,Sikkim,Telecommunication & Networking,1
2023,Sikkim,Fashion,1
2023,Tamil Nadu,Analytics,13
2023,Tamil Nadu,Advertising,13
2023,Tamil Nadu,Architecture Interior Design,12
2023,Tamil Nadu,AR VR (Augmented + Virtual Reality),18
2023,Tamil Nadu,Automotive,100
2023,Tamil Nadu,Art & Photography,7
2023,Tamil Nadu,Animation,4
2023,Tamil Nadu,Chemicals,35
2023,Tamil Nadu,Computer Vision,6
2023,Tamil Nadu,Telecommunication & Networking,24
2023,Tamil Nadu,Construction,156
2023,Tamil Nadu,Agriculture,206
2023,Tamil Nadu,Aeronautics Aerospace & Defence,45
2023,Tamil Nadu,AI,44
2023,Tamil Nadu,Green Technology,71
2023,Tamil Nadu,Events,10
2023,Tamil Nadu,Fashion,44
2023,Tamil Nadu,Finance Technology,62
2023,Tamil Nadu,Enterprise Software,47
2023,Tamil Nadu,Food & Beverages,180
2023,Tamil Nadu,Design,13
2023,Tamil Nadu,Dating Matrimonial,1
2023,Tamil Nadu,Education,118
2023,Tamil Nadu,Renewable Energy,100
2023,Tamil Nadu,Technology Hardware,95
2023,Tamil Nadu,Healthcare & Lifesciences,243
2023,Tamil Nadu,Internet of Things,26
2023,Tamil Nadu,IT Services,391
2023,Tamil Nadu,Human Resources,44
2023,Tamil Nadu,Marketing,45
2023,Tamil Nadu,Nanotechnology,6
2023,Tamil Nadu,Non- Renewable Energy,25
2023,Tamil Nadu,Pets & Animals,6
2023,Tamil Nadu,Media & Entertainment,28
2023,Tamil Nadu,Retail,50
2023,Tamil Nadu,House-Hold Services,11
2023,Tamil Nadu,Professional & Commercial Services,118
2023,Tamil Nadu,Sports,9
2023,Tamil Nadu,Social Impact,16
2023,Tamil Nadu,Social Network,10
2023,Tamil Nadu,Textiles & Apparel,71
2023,Tamil Nadu,Indic Language Startups,15
2023,Tamil Nadu,Transportation & Storage,49
2023,Tamil Nadu,Logistics,27
2023,Tamil Nadu,Travel & Tourism,34
2023,Tamil Nadu,Security Solutions,16
2023,Tamil Nadu,Airport Operations,1
2023,Tamil Nadu,Real Estate,22
2023,Tamil Nadu,Other Specialty Retailers,22
2023,Tamil Nadu,Safety,4
2023,Tamil Nadu,Robotics,20
2023,Tamil Nadu,Passenger Experience,3
2023,Tamil Nadu,Biotechnology,23
2023,Tamil Nadu,Waste Management,31
2023,Tamil Nadu,Others,18
2023,Tamil Nadu,Toys and Games,8
2023,Madhya Pradesh,Analytics,4
2023,Madhya Pradesh,Advertising,7
2023,Madhya Pradesh,Architecture Interior Design,5
2023,Madhya Pradesh,AR VR (Augmented + Virtual Reality),4
2023,Madhya Pradesh,Automotive,35
2023,Madhya Pradesh,Art & Photography,4
2023,Madhya Pradesh,Animation,1
2023,Madhya Pradesh,Chemicals,12
2023,Madhya Pradesh,Computer Vision,1
2023,Madhya Pradesh,Telecommunication & Networking,12
2023,Madhya Pradesh,Construction,94
2023,Madhya Pradesh,Agriculture,105
2023,Madhya Pradesh,Aeronautics Aerospace & Defence,9
2023,Madhya Pradesh,AI,11
2023,Madhya Pradesh,Green Technology,17
2023,Madhya Pradesh,Events,2
2023,Madhya Pradesh,Fashion,22
2023,Madhya Pradesh,Finance Technology,30
2023,Madhya Pradesh,Enterprise Software,19
2023,Madhya Pradesh,Food & Beverages,89
2023,Madhya Pradesh,Design,3
2023,Madhya Pradesh,Dating Matrimonial,1
2023,Madhya Pradesh,Education,66
2023,Madhya Pradesh,Renewable Energy,41
2023,Madhya Pradesh,Technology Hardware,20
2023,Madhya Pradesh,Healthcare & Lifesciences,97
2023,Madhya Pradesh,Internet of Things,7
2023,Madhya Pradesh,IT Services,132
2023,Madhya Pradesh,Human Resources,87
2023,Madhya Pradesh,Marketing,19
2023,Madhya Pradesh,Non- Renewable Energy,5
2023,Madhya Pradesh,Pets & Animals,2
2023,Madhya Pradesh,Media & Entertainment,22
2023,Madhya Pradesh,Retail,33
2023,Madhya Pradesh,House-Hold Services,10
2023,Madhya Pradesh,Professional & Commercial Services,59
2023,Madhya Pradesh,Sports,6
2023,Madhya Pradesh,Social Impact,11
2023,Madhya Pradesh,Social Network,3
2023,Madhya Pradesh,Textiles & Apparel,24
2023,Madhya Pradesh,Indic Language Startups,6
2023,Madhya Pradesh,Transportation & Storage,14
2023,Madhya Pradesh,Logistics,8
2023,Madhya Pradesh,Travel & Tourism,16
2023,Madhya Pradesh,Security Solutions,19
2023,Madhya Pradesh,Airport Operations,1
2023,Madhya Pradesh,Real Estate,14
2023,Madhya Pradesh,Other Specialty Retailers,18
2023,Madhya Pradesh,Safety,3
2023,Madhya Pradesh,Robotics,4
2023,Madhya Pradesh,Waste Management,15
2023,Madhya Pradesh,Others,15
2023,Madhya Pradesh,Toys and Games,3
2023,Tripura,Chemicals,1
2023,Tripura,Construction,3
2023,Tripura,Agriculture,1
2023,Tripura,Green Technology,1
2023,Tripura,Fashion,1
2023,Tripura,Finance Technology,1
2023,Tripura,Education,3
2023,Tripura,Renewable Energy,1
2023,Tripura,Technology Hardware,1
2023,Tripura,Healthcare & Lifesciences,3
2023,Tripura,IT Services,5
2023,Tripura,Human Resources,1
2023,Tripura,Transportation & Storage,1
2023,Nagaland,Automotive,1
2023,Nagaland,Art & Photography,1
2023,Nagaland,Agriculture,2
2023,Nagaland,Finance Technology,1
2023,Nagaland,Food & Beverages,3
2023,Nagaland,Education,2
2023,Nagaland,Renewable Energy,1
2023,Nagaland,Healthcare & Lifesciences,1
2023,Nagaland,IT Services,3
2023,Nagaland,Human Resources,2
2023,Nagaland,Retail,1
2023,Nagaland,Professional & Commercial Services,2
2023,Nagaland,Logistics,1
2023,Nagaland,Waste Management,1
2023,Telangana,Analytics,13
2023,Telangana,Advertising,14
2023,Telangana,Architecture Interior Design,14
2023,Telangana,AR VR (Augmented + Virtual Reality),5
2023,Telangana,Automotive,37
2023,Telangana,Art & Photography,8
2023,Telangana,Animation,9
2023,Telangana,Chemicals,16
2023,Telangana,Telecommunication & Networking,12
2023,Telangana,Construction,81
2023,Telangana,Agriculture,106
2023,Telangana,Aeronautics Aerospace & Defence,32
2023,Telangana,AI,43
2023,Telangana,Green Technology,42
2023,Telangana,Events,8
2023,Telangana,Fashion,27
2023,Telangana,Finance Technology,43
2023,Telangana,Enterprise Software,49
2023,Telangana,Food & Beverages,97
2023,Telangana,Design,6
2023,Telangana,Dating Matrimonial,2
2023,Telangana,Education,110
2023,Telangana,Renewable Energy,34
2023,Telangana,Technology Hardware,54
2023,Telangana,Healthcare & Lifesciences,180
2023,Telangana,Internet of Things,15
2023,Telangana,IT Services,253
2023,Telangana,Human Resources,29
2023,Telangana,Marketing,35
2023,Telangana,Nanotechnology,1
2023,Telangana,Non- Renewable Energy,18
2023,Telangana,Pets & Animals,12
2023,Telangana,Media & Entertainment,24
2023,Telangana,Retail,27
2023,Telangana,House-Hold Services,16
2023,Telangana,Professional & Commercial Services,65
2023,Telangana,Sports,7
2023,Telangana,Social Impact,4
2023,Telangana,Social Network,11
2023,Telangana,Textiles & Apparel,18
2023,Telangana,Indic Language Startups,10
2023,Telangana,Transportation & Storage,13
2023,Telangana,Logistics,8
2023,Telangana,Travel & Tourism,18
2023,Telangana,Security Solutions,19
2023,Telangana,Real Estate,29
2023,Telangana,Other Specialty Retailers,15
2023,Telangana,Safety,2
2023,Telangana,Robotics,12
2023,Telangana,Passenger Experience,1
2023,Telangana,Biotechnology,19
2023,Telangana,Waste Management,19
2023,Telangana,Others,10
2023,Telangana,Toys and Games,8
2023,Uttarakhand,Analytics,1
2023,Uttarakhand,Architecture Interior Design,2
2023,Uttarakhand,Automotive,7
2023,Uttarakhand,Art & Photography,2
2023,Uttarakhand,Chemicals,1
2023,Uttarakhand,Telecommunication & Networking,3
2023,Uttarakhand,Construction,13
2023,Uttarakhand,Agriculture,22
2023,Uttarakhand,Aeronautics Aerospace & Defence,10
2023,Uttarakhand,AI,4
2023,Uttarakhand,Green Technology,4
2023,Uttarakhand,Events,2
2023,Uttarakhand,Fashion,6
2023,Uttarakhand,Finance Technology,4
2023,Uttarakhand,Enterprise Software,2
2023,Uttarakhand,Food & Beverages,17
2023,Uttarakhand,Design,3
2023,Uttarakhand,Education,13
2023,Uttarakhand,Renewable Energy,14
2023,Uttarakhand,Technology Hardware,6
2023,Uttarakhand,Healthcare & Lifesciences,30
2023,Uttarakhand,Internet of Things,1
2023,Uttarakhand,IT Services,27
2023,Uttarakhand,Human Resources,7
2023,Uttarakhand,Marketing,5
2023,Uttarakhand,Non- Renewable Energy,3
2023,Uttarakhand,Media & Entertainment,5
2023,Uttarakhand,Retail,13
2023,Uttarakhand,House-Hold Services,2
2023,Uttarakhand,Professional & Commercial Services,11
2023,Uttarakhand,Social Impact,4
2023,Uttarakhand,Textiles & Apparel,2
2023,Uttarakhand,Indic Language Startups,1
2023,Uttarakhand,Logistics,1
2023,Uttarakhand,Travel & Tourism,6
2023,Uttarakhand,Security Solutions,2
2023,Uttarakhand,Real Estate,4
2023,Uttarakhand,Other Specialty Retailers,3
2023,Uttarakhand,Robotics,1
2023,Uttarakhand,Waste Management,6
2023,Uttarakhand,Others,1
2023,West Bengal,Analytics,5
2023,West Bengal,Advertising,8
2023,West Bengal,Architecture Interior Design,13
2023,West Bengal,AR VR (Augmented + Virtual Reality),2
2023,West Bengal,Automotive,23
2023,West Bengal,Art & Photography,6
2023,West Bengal,Animation,1
2023,West Bengal,Chemicals,15
2023,West Bengal,Computer Vision,2
2023,West Bengal,Telecommunication & Networking,6
2023,West Bengal,Construction,72
2023,West Bengal,Agriculture,78
2023,West Bengal,Aeronautics Aerospace & Defence,9
2023,West Bengal,AI,8
2023,West Bengal,Green Technology,28
2023,West Bengal,Events,2
2023,West Bengal,Fashion,31
2023,West Bengal,Finance Technology,42
2023,West Bengal,Enterprise Software,12
2023,West Bengal,Food & Beverages,80
2023,West Bengal,Design,8
2023,West Bengal,Dating Matrimonial,1
2023,West Bengal,Education,62
2023,West Bengal,Renewable Energy,31
2023,West Bengal,Technology Hardware,20
2023,West Bengal,Healthcare & Lifesciences,110
2023,West Bengal,Internet of Things,10
2023,West Bengal,IT Services,113
2023,West Bengal,Human Resources,15
2023,West Bengal,Marketing,20
2023,West Bengal,Nanotechnology,1
2023,West Bengal,Non- Renewable Energy,14
2023,West Bengal,Pets & Animals,1
2023,West Bengal,Media & Entertainment,13
2023,West Bengal,Retail,32
2023,West Bengal,House-Hold Services,13
2023,West Bengal,Professional & Commercial Services,65
2023,West Bengal,Sports,11
2023,West Bengal,Social Impact,10
2023,West Bengal,Social Network,5
2023,West Bengal,Textiles & Apparel,35
2023,West Bengal,Indic Language Startups,5
2023,West Bengal,Transportation & Storage,18
2023,West Bengal,Logistics,12
2023,West Bengal,Travel & Tourism,28
2023,West Bengal,Security Solutions,12
2023,West Bengal,Real Estate,18
2023,West Bengal,Other Specialty Retailers,16
2023,West Bengal,Safety,4
2023,West Bengal,Robotics,4
2023,West Bengal,Biotechnology,5
2023,West Bengal,Waste Management,7
2023,West Bengal,Others,7
2023,West Bengal,Toys and Games,6
2023,Uttar Pradesh,Analytics,15
2023,Uttar Pradesh,Advertising,35
2023,Uttar Pradesh,Architecture Interior Design,23
2023,Uttar Pradesh,AR VR (Augmented + Virtual Reality),9
2023,Uttar Pradesh,Automotive,68
2023,Uttar Pradesh,Art & Photography,18
2023,Uttar Pradesh,Animation,2
2023,Uttar Pradesh,Chemicals,32
2023,Uttar Pradesh,Telecommunication & Networking,39
2023,Uttar Pradesh,Construction,298
2023,Uttar Pradesh,Agriculture,189
2023,Uttar Pradesh,Aeronautics Aerospace & Defence,40
2023,Uttar Pradesh,AI,45
2023,Uttar Pradesh,Green Technology,47
2023,Uttar Pradesh,Events,17
2023,Uttar Pradesh,Fashion,61
2023,Uttar Pradesh,Finance Technology,74
2023,Uttar Pradesh,Enterprise Software,44
2023,Uttar Pradesh,Food & Beverages,174
2023,Uttar Pradesh,Design,12
2023,Uttar Pradesh,Dating Matrimonial,1
2023,Uttar Pradesh,Education,190
2023,Uttar Pradesh,Renewable Energy,94
2023,Uttar Pradesh,Technology Hardware,124
2023,Uttar Pradesh,Healthcare & Lifesciences,324
2023,Uttar Pradesh,Internet of Things,14
2023,Uttar Pradesh,IT Services,371
2023,Uttar Pradesh,Human Resources,138
2023,Uttar Pradesh,Marketing,56
2023,Uttar Pradesh,Nanotechnology,1
2023,Uttar Pradesh,Non- Renewable Energy,33
2023,Uttar Pradesh,Pets & Animals,7
2023,Uttar Pradesh,Media & Entertainment,46
2023,Uttar Pradesh,Retail,73
2023,Uttar Pradesh,House-Hold Services,24
2023,Uttar Pradesh,Professional & Commercial Services,209
2023,Uttar Pradesh,Sports,22
2023,Uttar Pradesh,Social Impact,23
2023,Uttar Pradesh,Social Network,16
2023,Uttar Pradesh,Textiles & Apparel,83
2023,Uttar Pradesh,Indic Language Startups,13
2023,Uttar Pradesh,Transportation & Storage,25
2023,Uttar Pradesh,Logistics,16
2023,Uttar Pradesh,Travel & Tourism,49
2023,Uttar Pradesh,Security Solutions,43
2023,Uttar Pradesh,Real Estate,49
2023,Uttar Pradesh,Other Specialty Retailers,39
2023,Uttar Pradesh,Safety,13
2023,Uttar Pradesh,Robotics,9
2023,Uttar Pradesh,Biotechnology,12
2023,Uttar Pradesh,Waste Management,31
2023,Uttar Pradesh,Others,30
2023,Uttar Pradesh,Toys and Games,15
2023,Ladakh,Construction,2
2023,Ladakh,Agriculture,1
2023,Ladakh,Food & Beverages,1
2023,Ladakh,Healthcare & Lifesciences,1
2023,Maharashtra,Analytics,22
2023,Maharashtra,Advertising,55
2023,Maharashtra,Architecture Interior Design,48
2023,Maharashtra,AR VR (Augmented + Virtual Reality),20
2023,Maharashtra,Automotive,145
2023,Maharashtra,Art & Photography,18
2023,Maharashtra,Animation,5
2023,Maharashtra,Chemicals,109
2023,Maharashtra,Computer Vision,9
2023,Maharashtra,Telecommunication & Networking,65
2023,Maharashtra,Construction,311
2023,Maharashtra,Agriculture,479
2023,Maharashtra,Aeronautics Aerospace & Defence,61
2023,Maharashtra,AI,68
2023,Maharashtra,Green Technology,125
2023,Maharashtra,Events,25
2023,Maharashtra,Fashion,122
2023,Maharashtra,Finance Technology,208
2023,Maharashtra,Enterprise Software,75
2023,Maharashtra,Food & Beverages,373
2023,Maharashtra,Design,49
2023,Maharashtra,Dating Matrimonial,3
2023,Maharashtra,Education,236
2023,Maharashtra,Renewable Energy,177
2023,Maharashtra,Technology Hardware,208
2023,Maharashtra,Healthcare & Lifesciences,575
2023,Maharashtra,Internet of Things,43
2023,Maharashtra,IT Services,520
2023,Maharashtra,Human Resources,116
2023,Maharashtra,Marketing,120
2023,Maharashtra,Nanotechnology,4
2023,Maharashtra,Non- Renewable Energy,58
2023,Maharashtra,Pets & Animals,23
2023,Maharashtra,Media & Entertainment,116
2023,Maharashtra,Retail,86
2023,Maharashtra,House-Hold Services,46
2023,Maharashtra,Professional & Commercial Services,299
2023,Maharashtra,Sports,34
2023,Maharashtra,Social Impact,32
2023,Maharashtra,Social Network,21
2023,Maharashtra,Textiles & Apparel,98
2023,Maharashtra,Indic Language Startups,20
2023,Maharashtra,Transportation & Storage,96
2023,Maharashtra,Logistics,54
2023,Maharashtra,Travel & Tourism,82
2023,Maharashtra,Security Solutions,53
2023,Maharashtra,Airport Operations,2
2023,Maharashtra,Real Estate,74
2023,Maharashtra,Other Specialty Retailers,48
2023,Maharashtra,Safety,16
2023,Maharashtra,Robotics,16
2023,Maharashtra,Biotechnology,16
2023,Maharashtra,Waste Management,66
2023,Maharashtra,Others,37
2023,Maharashtra,Toys and Games,29
2023,Dadra and Nagar Haveli and Daman and Diu,Green Technology,1
2023,Dadra and Nagar Haveli and Daman and Diu,Finance Technology,1
2023,Dadra and Nagar Haveli and Daman and Diu,Food & Beverages,2
2023,Dadra and Nagar Haveli and Daman and Diu,Technology Hardware,1
2023,Dadra and Nagar Haveli and Daman and Diu,Healthcare & Lifesciences,4
2023,Dadra and Nagar Haveli and Daman and Diu,Professional & Commercial Services,1
2023,Dadra and Nagar Haveli and Daman and Diu,Travel & Tourism,1
2023,Puducherry,Automotive,3
2023,Puducherry,Chemicals,4
2023,Puducherry,Agriculture,4
2023,Puducherry,Aeronautics Aerospace & Defence,1
2023,Puducherry,Food & Beverages,2
2023,Puducherry,Education,2
2023,Puducherry,Renewable Energy,1
2023,Puducherry,Technology Hardware,1
2023,Puducherry,Healthcare & Lifesciences,4
2023,Puducherry,IT Services,7
2023,Puducherry,Human Resources,1
2023,Puducherry,Marketing,1
2023,Puducherry,Non- Renewable Energy,1
2023,Puducherry,Pets & Animals,1
2023,Puducherry,House-Hold Services,1
2023,Puducherry,Professional & Commercial Services,2
2023,Puducherry,Social Impact,1
2023,Puducherry,Transportation & Storage,1
2023,Puducherry,Real Estate,1
2023,Puducherry,Biotechnology,1
2023,Puducherry,Waste Management,2
2023,Puducherry,Toys and Games,1
2023,Meghalaya,AR VR (Augmented + Virtual Reality),1
2023,Meghalaya,Telecommunication & Networking,1
2023,Meghalaya,Construction,1
2023,Meghalaya,Agriculture,5
2023,Meghalaya,Enterprise Software,1
2023,Meghalaya,Food & Beverages,1
2023,Meghalaya,Education,1
2023,Meghalaya,Healthcare & Lifesciences,1
2023,Meghalaya,IT Services,1
2023,Meghalaya,Retail,1
2023,Meghalaya,Professional & Commercial Services,1
2023,Meghalaya,Social Impact,1
2023,Meghalaya,Textiles & Apparel,1
2023,Meghalaya,Travel & Tourism,1
2023,Odisha,Analytics,4
2023,Odisha,Advertising,6
2023,Odisha,Architecture Interior Design,5
2023,Odisha,AR VR (Augmented + Virtual Reality),4
2023,Odisha,Automotive,16
2023,Odisha,Art & Photography,4
2023,Odisha,Animation,1
2023,Odisha,Chemicals,7
2023,Odisha,Telecommunication & Networking,4
2023,Odisha,Construction,58
2023,Odisha,Agriculture,50
2023,Odisha,Aeronautics Aerospace & Defence,5
2023,Odisha,AI,6
2023,Odisha,Green Technology,11
2023,Odisha,Events,2
2023,Odisha,Fashion,11
2023,Odisha,Finance Technology,5
2023,Odisha,Enterprise Software,6
2023,Odisha,Food & Beverages,50
2023,Odisha,Design,2
2023,Odisha,Education,36
2023,Odisha,Renewable Energy,18
2023,Odisha,Technology Hardware,15
2023,Odisha,Healthcare & Lifesciences,50
2023,Odisha,Internet of Things,5
2023,Odisha,IT Services,77
2023,Odisha,Human Resources,17
2023,Odisha,Marketing,15
2023,Odisha,Nanotechnology,1
2023,Odisha,Non- Renewable Energy,10
2023,Odisha,Pets & Animals,1
2023,Odisha,Media & Entertainment,7
2023,Odisha,Retail,9
2023,Odisha,House-Hold Services,5
2023,Odisha,Professional & Commercial Services,25
2023,Odisha,Sports,3
2023,Odisha,Social Impact,5
2023,Odisha,Social Network,4
2023,Odisha,Textiles & Apparel,13
2023,Odisha,Indic Language Startups,1
2023,Odisha,Transportation & Storage,6
2023,Odisha,Logistics,2
2023,Odisha,Travel & Tourism,8
2023,Odisha,Security Solutions,1
2023,Odisha,Real Estate,6
2023,Odisha,Other Specialty Retailers,4
2023,Odisha,Safety,1
2023,Odisha,Robotics,3
2023,Odisha,Biotechnology,6
2023,Odisha,Waste Management,3
2023,Odisha,Others,5
2023,Odisha,Toys and Games,1
2023,Punjab,Analytics,1
2023,Punjab,Advertising,2
2023,Punjab,Architecture Interior Design,2
2023,Punjab,AR VR (Augmented + Virtual Reality),2
2023,Punjab,Automotive,15
2023,Punjab,Art & Photography,1
2023,Punjab,Chemicals,5
2023,Punjab,Computer Vision,3
2023,Punjab,Telecommunication & Networking,5
2023,Punjab,Construction,22
2023,Punjab,Agriculture,29
2023,Punjab,Aeronautics Aerospace & Defence,4
2023,Punjab,AI,10
2023,Punjab,Green Technology,9
2023,Punjab,Events,4
2023,Punjab,Fashion,9
2023,Punjab,Finance Technology,10
2023,Punjab,Enterprise Software,3
2023,Punjab,Food & Beverages,24
2023,Punjab,Design,1
2023,Punjab,Education,28
2023,Punjab,Renewable Energy,20
2023,Punjab,Technology Hardware,15
2023,Punjab,Healthcare & Lifesciences,34
2023,Punjab,Internet of Things,2
2023,Punjab,IT Services,45
2023,Punjab,Human Resources,12
2023,Punjab,Marketing,10
2023,Punjab,Nanotechnology,1
2023,Punjab,Non- Renewable Energy,3
2023,Punjab,Pets & Animals,2
2023,Punjab,Media & Entertainment,5
2023,Punjab,Retail,8
2023,Punjab,House-Hold Services,6
2023,Punjab,Professional & Commercial Services,20
2023,Punjab,Sports,3
2023,Punjab,Social Impact,4
2023,Punjab,Textiles & Apparel,9
2023,Punjab,Indic Language Startups,1
2023,Punjab,Transportation & Storage,2
2023,Punjab,Logistics,5
2023,Punjab,Travel & Tourism,17
2023,Punjab,Security Solutions,3
2023,Punjab,Real Estate,4
2023,Punjab,Other Specialty Retailers,6
2023,Punjab,Robotics,2
2023,Punjab,Biotechnology,4
2023,Punjab,Waste Management,8
2023,Punjab,Others,3
2022,Assam,Analytics,2
2022,Assam,Advertising,1
2022,Assam,Architecture Interior Design,1
2022,Assam,Automotive,7
2022,Assam,Chemicals,5
2022,Assam,Telecommunication & Networking,3
2022,Assam,Construction,41
2022,Assam,Agriculture,29
2022,Assam,Aeronautics Aerospace & Defence,2
2022,Assam,Green Technology,4
2022,Assam,Fashion,1
2022,Assam,Finance Technology,5
2022,Assam,Enterprise Software,2
2022,Assam,Food & Beverages,18
2022,Assam,Design,1
2022,Assam,Education,21
2022,Assam,Renewable Energy,2
2022,Assam,Technology Hardware,4
2022,Assam,Healthcare & Lifesciences,28
2022,Assam,IT Services,14
2022,Assam,Marketing,5
2022,Assam,Nanotechnology,1
2022,Assam,Non- Renewable Energy,15
2022,Assam,Pets & Animals,3
2022,Assam,Media & Entertainment,4
2022,Assam,Retail,10
2022,Assam,Professional & Commercial Services,12
2022,Assam,Social Impact,2
2022,Assam,Social Network,2
2022,Assam,Textiles & Apparel,2
2022,Assam,Indic Language Startups,1
2022,Assam,Transportation & Storage,4
2022,Assam,Logistics,1
2022,Assam,Travel & Tourism,6
2022,Assam,Security Solutions,2
2022,Assam,Real Estate,2
2022,Assam,Other Specialty Retailers,1
2022,Assam,Robotics,1
2022,Assam,Biotechnology,2
2022,Assam,Waste Management,4
2022,Assam,Others,13
2022,Assam,Toys and Games,1
2022,Chandigarh,Architecture Interior Design,1
2022,Chandigarh,Automotive,2
2022,Chandigarh,Chemicals,1
2022,Chandigarh,Telecommunication & Networking,2
2022,Chandigarh,Construction,2
2022,Chandigarh,Agriculture,1
2022,Chandigarh,Aeronautics Aerospace & Defence,1
2022,Chandigarh,AI,1
2022,Chandigarh,Green Technology,2
2022,Chandigarh,Fashion,5
2022,Chandigarh,Finance Technology,2
2022,Chandigarh,Enterprise Software,3
2022,Chandigarh,Food & Beverages,1
2022,Chandigarh,Design,1
2022,Chandigarh,Education,9
2022,Chandigarh,Renewable Energy,2
2022,Chandigarh,Healthcare & Lifesciences,13
2022,Chandigarh,IT Services,7
2022,Chandigarh,Human Resources,1
2022,Chandigarh,Marketing,1
2022,Chandigarh,Non- Renewable Energy,1
2022,Chandigarh,Media & Entertainment,2
2022,Chandigarh,Retail,1
2022,Chandigarh,House-Hold Services,1
2022,Chandigarh,Professional & Commercial Services,5
2022,Chandigarh,Sports,2
2022,Chandigarh,Textiles & Apparel,2
2022,Chandigarh,Logistics,1
2022,Chandigarh,Travel & Tourism,3
2022,Chandigarh,Security Solutions,1
2022,Chandigarh,Real Estate,1
2022,Chandigarh,Waste Management,1
2022,Chandigarh,Others,2
2022,Goa,Architecture Interior Design,1
2022,Goa,Automotive,4
2022,Goa,Art & Photography,1
2022,Goa,Construction,4
2022,Goa,Agriculture,3
2022,Goa,Green Technology,3
2022,Goa,Events,1
2022,Goa,Fashion,2
2022,Goa,Finance Technology,4
2022,Goa,Enterprise Software,1
2022,Goa,Food & Beverages,11
2022,Goa,Design,2
2022,Goa,Education,6
2022,Goa,Technology Hardware,2
2022,Goa,Healthcare & Lifesciences,8
2022,Goa,Internet of Things,2
2022,Goa,IT Services,11
2022,Goa,Human Resources,2
2022,Goa,Marketing,1
2022,Goa,Non- Renewable Energy,2
2022,Goa,Media & Entertainment,1
2022,Goa,Retail,4
2022,Goa,Professional & Commercial Services,8
2022,Goa,Sports,1
2022,Goa,Transportation & Storage,2
2022,Goa,Logistics,1
2022,Goa,Travel & Tourism,11
2022,Goa,Robotics,1
2022,Goa,Biotechnology,1
2022,Goa,Waste Management,2
2022,Goa,Others,4
2022,Delhi,Analytics,8
2022,Delhi,Advertising,17
2022,Delhi,Architecture Interior Design,17
2022,Delhi,AR VR (Augmented + Virtual Reality),9
2022,Delhi,Automotive,69
2022,Delhi,Art & Photography,10
2022,Delhi,Chemicals,24
2022,Delhi,Computer Vision,3
2022,Delhi,Telecommunication & Networking,26
2022,Delhi,Construction,106
2022,Delhi,Agriculture,64
2022,Delhi,Aeronautics Aerospace & Defence,41
2022,Delhi,AI,23
2022,Delhi,Green Technology,44
2022,Delhi,Events,11
2022,Delhi,Fashion,54
2022,Delhi,Finance Technology,97
2022,Delhi,Enterprise Software,18
2022,Delhi,Food & Beverages,122
2022,Delhi,Design,8
2022,Delhi,Dating Matrimonial,6
2022,Delhi,Education,177
2022,Delhi,Renewable Energy,39
2022,Delhi,Technology Hardware,75
2022,Delhi,Healthcare & Lifesciences,302
2022,Delhi,Internet of Things,16
2022,Delhi,IT Services,225
2022,Delhi,Human Resources,101
2022,Delhi,Marketing,44
2022,Delhi,Nanotechnology,5
2022,Delhi,Non- Renewable Energy,13
2022,Delhi,Pets & Animals,11
2022,Delhi,Media & Entertainment,35
2022,Delhi,Retail,65
2022,Delhi,House-Hold Services,20
2022,Delhi,Professional & Commercial Services,161
2022,Delhi,Sports,8
2022,Delhi,Social Impact,11
2022,Delhi,Social Network,12
2022,Delhi,Textiles & Apparel,50
2022,Delhi,Indic Language Startups,10
2022,Delhi,Transportation & Storage,35
2022,Delhi,Logistics,24
2022,Delhi,Travel & Tourism,39
2022,Delhi,Security Solutions,68
2022,Delhi,Airport Operations,2
2022,Delhi,Real Estate,25
2022,Delhi,Other Specialty Retailers,21
2022,Delhi,Safety,13
2022,Delhi,Robotics,6
2022,Delhi,Biotechnology,9
2022,Delhi,Waste Management,34
2022,Delhi,Others,137
2022,Delhi,Toys and Games,11
2022,Gujarat,Analytics,9
2022,Gujarat,Advertising,8
2022,Gujarat,Architecture Interior Design,13
2022,Gujarat,AR VR (Augmented + Virtual Reality),11
2022,Gujarat,Automotive,65
2022,Gujarat,Art & Photography,8
2022,Gujarat,Animation,1
2022,Gujarat,Chemicals,71
2022,Gujarat,Computer Vision,3
2022,Gujarat,Telecommunication & Networking,15
2022,Gujarat,Construction,114
2022,Gujarat,Agriculture,161
2022,Gujarat,Aeronautics Aerospace & Defence,18
2022,Gujarat,AI,13
2022,Gujarat,Green Technology,57
2022,Gujarat,Events,5
2022,Gujarat,Fashion,57
2022,Gujarat,Finance Technology,62
2022,Gujarat,Enterprise Software,30
2022,Gujarat,Food & Beverages,104
2022,Gujarat,Design,2
2022,Gujarat,Dating Matrimonial,1
2022,Gujarat,Education,70
2022,Gujarat,Renewable Energy,113
2022,Gujarat,Technology Hardware,130
2022,Gujarat,Healthcare & Lifesciences,251
2022,Gujarat,Internet of Things,11
2022,Gujarat,IT Services,213
2022,Gujarat,Human Resources,24
2022,Gujarat,Marketing,22
2022,Gujarat,Nanotechnology,2
2022,Gujarat,Non- Renewable Energy,20
2022,Gujarat,Pets & Animals,3
2022,Gujarat,Media & Entertainment,33
2022,Gujarat,Retail,34
2022,Gujarat,House-Hold Services,20
2022,Gujarat,Professional & Commercial Services,137
2022,Gujarat,Sports,7
2022,Gujarat,Social Impact,8
2022,Gujarat,Social Network,9
2022,Gujarat,Textiles & Apparel,66
2022,Gujarat,Indic Language Startups,11
2022,Gujarat,Transportation & Storage,31
2022,Gujarat,Logistics,17
2022,Gujarat,Travel & Tourism,27
2022,Gujarat,Security Solutions,19
2022,Gujarat,Real Estate,12
2022,Gujarat,Other Specialty Retailers,19
2022,Gujarat,Safety,5
2022,Gujarat,Robotics,5
2022,Gujarat,Biotechnology,6
2022,Gujarat,Waste Management,25
2022,Gujarat,Others,92
2022,Gujarat,Toys and Games,13
2022,Himachal Pradesh,Advertising,1
2022,Himachal Pradesh,Automotive,1
2022,Himachal Pradesh,Construction,9
2022,Himachal Pradesh,Agriculture,17
2022,Himachal Pradesh,Aeronautics Aerospace & Defence,2
2022,Himachal Pradesh,AI,2
2022,Himachal Pradesh,Green Technology,3
2022,Himachal Pradesh,Fashion,2
2022,Himachal Pradesh,Finance Technology,1
2022,Himachal Pradesh,Food & Beverages,6
2022,Himachal Pradesh,Dating Matrimonial,1
2022,Himachal Pradesh,Education,9
2022,Himachal Pradesh,Technology Hardware,2
2022,Himachal Pradesh,Healthcare & Lifesciences,17
2022,Himachal Pradesh,Internet of Things,1
2022,Himachal Pradesh,IT Services,14
2022,Himachal Pradesh,Human Resources,2
2022,Himachal Pradesh,Marketing,5
2022,Himachal Pradesh,Nanotechnology,1
2022,Himachal Pradesh,Media & Entertainment,1
2022,Himachal Pradesh,Professional & Commercial Services,3
2022,Himachal Pradesh,Social Impact,1
2022,Himachal Pradesh,Textiles & Apparel,3
2022,Himachal Pradesh,Transportation & Storage,1
2022,Himachal Pradesh,Travel & Tourism,6
2022,Himachal Pradesh,Security Solutions,2
2022,Himachal Pradesh,Real Estate,1
2022,Himachal Pradesh,Waste Management,1
2022,Himachal Pradesh,Others,5
2022,Haryana,Analytics,7
2022,Haryana,Advertising,10
2022,Haryana,Architecture Interior Design,6
2022,Haryana,AR VR (Augmented + Virtual Reality),3
2022,Haryana,Automotive,56
2022,Haryana,Art & Photography,7
2022,Haryana,Animation,1
2022,Haryana,Chemicals,6
2022,Haryana,Computer Vision,1
2022,Haryana,Telecommunication & Networking,17
2022,Haryana,Construction,63
2022,Haryana,Agriculture,62
2022,Haryana,Aeronautics Aerospace & Defence,9
2022,Haryana,AI,13
2022,Haryana,Green Technology,28
2022,Haryana,Events,6
2022,Haryana,Fashion,28
2022,Haryana,Finance Technology,40
2022,Haryana,Enterprise Software,21
2022,Haryana,Food & Beverages,74
2022,Haryana,Design,9
2022,Haryana,Dating Matrimonial,1
2022,Haryana,Education,74
2022,Haryana,Renewable Energy,26
2022,Haryana,Technology Hardware,51
2022,Haryana,Healthcare & Lifesciences,110
2022,Haryana,Internet of Things,7
2022,Haryana,IT Services,123
2022,Haryana,Human Resources,47
2022,Haryana,Marketing,33
2022,Haryana,Nanotechnology,2
2022,Haryana,Non- Renewable Energy,22
2022,Haryana,Pets & Animals,7
2022,Haryana,Media & Entertainment,11
2022,Haryana,Retail,45
2022,Haryana,House-Hold Services,5
2022,Haryana,Professional & Commercial Services,62
2022,Haryana,Sports,6
2022,Haryana,Social Impact,9
2022,Haryana,Social Network,9
2022,Haryana,Textiles & Apparel,31
2022,Haryana,Indic Language Startups,4
2022,Haryana,Transportation & Storage,19
2022,Haryana,Logistics,8
2022,Haryana,Travel & Tourism,22
2022,Haryana,Security Solutions,10
2022,Haryana,Airport Operations,1
2022,Haryana,Real Estate,12
2022,Haryana,Other Specialty Retailers,7
2022,Haryana,Safety,8
2022,Haryana,Robotics,5
2022,Haryana,Passenger Experience,1
2022,Haryana,Biotechnology,2
2022,Haryana,Waste Management,16
2022,Haryana,Others,65
2022,Haryana,Toys and Games,7
2022,Jammu and Kashmir,Architecture Interior Design,1
2022,Jammu and Kashmir,AR VR (Augmented + Virtual Reality),1
2022,Jammu and Kashmir,Automotive,5
2022,Jammu and Kashmir,Telecommunication & Networking,2
2022,Jammu and Kashmir,Construction,44
2022,Jammu and Kashmir,Agriculture,19
2022,Jammu and Kashmir,Green Technology,2
2022,Jammu and Kashmir,Events,1
2022,Jammu and Kashmir,Enterprise Software,2
2022,Jammu and Kashmir,Food & Beverages,5
2022,Jammu and Kashmir,Design,1
2022,Jammu and Kashmir,Education,6
2022,Jammu and Kashmir,Renewable Energy,4
2022,Jammu and Kashmir,Technology Hardware,2
2022,Jammu and Kashmir,Healthcare & Lifesciences,11
2022,Jammu and Kashmir,IT Services,16
2022,Jammu and Kashmir,Human Resources,5
2022,Jammu and Kashmir,Marketing,3
2022,Jammu and Kashmir,Non- Renewable Energy,5
2022,Jammu and Kashmir,Media & Entertainment,3
2022,Jammu and Kashmir,Retail,2
2022,Jammu and Kashmir,House-Hold Services,1
2022,Jammu and Kashmir,Professional & Commercial Services,4
2022,Jammu and Kashmir,Social Impact,1
2022,Jammu and Kashmir,Indic Language Startups,1
2022,Jammu and Kashmir,Transportation & Storage,3
2022,Jammu and Kashmir,Logistics,1
2022,Jammu and Kashmir,Travel & Tourism,2
2022,Jammu and Kashmir,Security Solutions,5
2022,Jammu and Kashmir,Safety,2
2022,Jammu and Kashmir,Biotechnology,2
2022,Jammu and Kashmir,Waste Management,2
2022,Jammu and Kashmir,Others,5
2022,Jharkhand,Advertising,1
2022,Jharkhand,Architecture Interior Design,1
2022,Jharkhand,AR VR (Augmented + Virtual Reality),2
2022,Jharkhand,Automotive,5
2022,Jharkhand,Art & Photography,1
2022,Jharkhand,Chemicals,3
2022,Jharkhand,Telecommunication & Networking,2
2022,Jharkhand,Construction,24
2022,Jharkhand,Agriculture,20
2022,Jharkhand,AI,1
2022,Jharkhand,Green Technology,4
2022,Jharkhand,Finance Technology,7
2022,Jharkhand,Enterprise Software,1
2022,Jharkhand,Food & Beverages,13
2022,Jharkhand,Design,1
2022,Jharkhand,Education,20
2022,Jharkhand,Renewable Energy,14
2022,Jharkhand,Technology Hardware,8
2022,Jharkhand,Healthcare & Lifesciences,13
2022,Jharkhand,Internet of Things,1
2022,Jharkhand,IT Services,22
2022,Jharkhand,Human Resources,6
2022,Jharkhand,Marketing,2
2022,Jharkhand,Non- Renewable Energy,10
2022,Jharkhand,Media & Entertainment,3
2022,Jharkhand,Retail,7
2022,Jharkhand,House-Hold Services,2
2022,Jharkhand,Professional & Commercial Services,8
2022,Jharkhand,Social Impact,4
2022,Jharkhand,Social Network,2
2022,Jharkhand,Textiles & Apparel,3
2022,Jharkhand,Indic Language Startups,3
2022,Jharkhand,Transportation & Storage,3
2022,Jharkhand,Logistics,1
2022,Jharkhand,Travel & Tourism,2
2022,Jharkhand,Security Solutions,4
2022,Jharkhand,Real Estate,2
2022,Jharkhand,Other Specialty Retailers,2
2022,Jharkhand,Robotics,2
2022,Jharkhand,Waste Management,1
2022,Jharkhand,Others,8
2022,Bihar,Advertising,2
2022,Bihar,Architecture Interior Design,1
2022,Bihar,AR VR (Augmented + Virtual Reality),1
2022,Bihar,Automotive,13
2022,Bihar,Art & Photography,5
2022,Bihar,Animation,1
2022,Bihar,Chemicals,4
2022,Bihar,Telecommunication & Networking,7
2022,Bihar,Construction,98
2022,Bihar,Agriculture,36
2022,Bihar,Aeronautics Aerospace & Defence,8
2022,Bihar,AI,3
2022,Bihar,Green Technology,7
2022,Bihar,Events,2
2022,Bihar,Fashion,4
2022,Bihar,Finance Technology,13
2022,Bihar,Enterprise Software,4
2022,Bihar,Food & Beverages,29
2022,Bihar,Design,1
2022,Bihar,Dating Matrimonial,1
2022,Bihar,Education,36
2022,Bihar,Renewable Energy,14
2022,Bihar,Technology Hardware,8
2022,Bihar,Healthcare & Lifesciences,40
2022,Bihar,Internet of Things,3
2022,Bihar,IT Services,34
2022,Bihar,Human Resources,15
2022,Bihar,Marketing,5
2022,Bihar,Non- Renewable Energy,10
2022,Bihar,Pets & Animals,1
2022,Bihar,Media & Entertainment,5
2022,Bihar,Retail,9
2022,Bihar,House-Hold Services,3
2022,Bihar,Professional & Commercial Services,34
2022,Bihar,Sports,1
2022,Bihar,Social Impact,3
2022,Bihar,Social Network,3
2022,Bihar,Textiles & Apparel,6
2022,Bihar,Indic Language Startups,1
2022,Bihar,Transportation & Storage,6
2022,Bihar,Logistics,1
2022,Bihar,Travel & Tourism,3
2022,Bihar,Security Solutions,10
2022,Bihar,Real Estate,9
2022,Bihar,Other Specialty Retailers,3
2022,Bihar,Safety,1
2022,Bihar,Biotechnology,2
2022,Bihar,Waste Management,5
2022,Bihar,Others,15
2022,Kerala,Analytics,11
2022,Kerala,Advertising,4
2022,Kerala,Architecture Interior Design,4
2022,Kerala,AR VR (Augmented + Virtual Reality),4
2022,Kerala,Automotive,17
2022,Kerala,Art & Photography,5
2022,Kerala,Animation,3
2022,Kerala,Chemicals,6
2022,Kerala,Computer Vision,2
2022,Kerala,Telecommunication & Networking,7
2022,Kerala,Construction,39
2022,Kerala,Agriculture,55
2022,Kerala,Aeronautics Aerospace & Defence,6
2022,Kerala,AI,20
2022,Kerala,Green Technology,18
2022,Kerala,Events,3
2022,Kerala,Fashion,14
2022,Kerala,Finance Technology,29
2022,Kerala,Enterprise Software,16
2022,Kerala,Food & Beverages,56
2022,Kerala,Design,9
2022,Kerala,Dating Matrimonial,3
2022,Kerala,Education,113
2022,Kerala,Renewable Energy,18
2022,Kerala,Technology Hardware,34
2022,Kerala,Healthcare & Lifesciences,89
2022,Kerala,Internet of Things,12
2022,Kerala,IT Services,176
2022,Kerala,Human Resources,9
2022,Kerala,Marketing,19
2022,Kerala,Non- Renewable Energy,13
2022,Kerala,Pets & Animals,4
2022,Kerala,Media & Entertainment,17
2022,Kerala,Retail,26
2022,Kerala,House-Hold Services,11
2022,Kerala,Professional & Commercial Services,33
2022,Kerala,Sports,9
2022,Kerala,Social Impact,10
2022,Kerala,Social Network,6
2022,Kerala,Textiles & Apparel,7
2022,Kerala,Indic Language Startups,1
2022,Kerala,Transportation & Storage,5
2022,Kerala,Logistics,7
2022,Kerala,Travel & Tourism,24
2022,Kerala,Security Solutions,5
2022,Kerala,Real Estate,8
2022,Kerala,Other Specialty Retailers,4
2022,Kerala,Safety,3
2022,Kerala,Robotics,7
2022,Kerala,Biotechnology,4
2022,Kerala,Waste Management,22
2022,Kerala,Others,47
2022,Kerala,Toys and Games,4
2022,Karnataka,Analytics,14
2022,Karnataka,Advertising,15
2022,Karnataka,Architecture Interior Design,23
2022,Karnataka,AR VR (Augmented + Virtual Reality),13
2022,Karnataka,Automotive,79
2022,Karnataka,Art & Photography,7
2022,Karnataka,Animation,2
2022,Karnataka,Chemicals,18
2022,Karnataka,Computer Vision,3
2022,Karnataka,Telecommunication & Networking,18
2022,Karnataka,Construction,85
2022,Karnataka,Agriculture,123
2022,Karnataka,Aeronautics Aerospace & Defence,58
2022,Karnataka,AI,68
2022,Karnataka,Green Technology,54
2022,Karnataka,Events,9
2022,Karnataka,Fashion,35
2022,Karnataka,Finance Technology,122
2022,Karnataka,Enterprise Software,67
2022,Karnataka,Food & Beverages,159
2022,Karnataka,Design,10
2022,Karnataka,Dating Matrimonial,1
2022,Karnataka,Education,177
2022,Karnataka,Renewable Energy,39
2022,Karnataka,Technology Hardware,87
2022,Karnataka,Healthcare & Lifesciences,255
2022,Karnataka,Internet of Things,38
2022,Karnataka,IT Services,320
2022,Karnataka,Human Resources,52
2022,Karnataka,Marketing,30
2022,Karnataka,Nanotechnology,9
2022,Karnataka,Non- Renewable Energy,22
2022,Karnataka,Pets & Animals,12
2022,Karnataka,Media & Entertainment,36
2022,Karnataka,Retail,54
2022,Karnataka,House-Hold Services,13
2022,Karnataka,Professional & Commercial Services,76
2022,Karnataka,Sports,11
2022,Karnataka,Social Impact,11
2022,Karnataka,Social Network,20
2022,Karnataka,Textiles & Apparel,35
2022,Karnataka,Indic Language Startups,7
2022,Karnataka,Transportation & Storage,17
2022,Karnataka,Logistics,11
2022,Karnataka,Travel & Tourism,30
2022,Karnataka,Security Solutions,25
2022,Karnataka,Airport Operations,1
2022,Karnataka,Real Estate,34
2022,Karnataka,Other Specialty Retailers,13
2022,Karnataka,Safety,5
2022,Karnataka,Robotics,12
2022,Karnataka,Passenger Experience,1
2022,Karnataka,Biotechnology,22
2022,Karnataka,Waste Management,19
2022,Karnataka,Others,77
2022,Karnataka,Toys and Games,14
2022,Chhattisgarh,AR VR (Augmented + Virtual Reality),1
2022,Chhattisgarh,Automotive,4
2022,Chhattisgarh,Chemicals,2
2022,Chhattisgarh,Telecommunication & Networking,3
2022,Chhattisgarh,Construction,19
2022,Chhattisgarh,Agriculture,34
2022,Chhattisgarh,Aeronautics Aerospace & Defence,2
2022,Chhattisgarh,AI,3
2022,Chhattisgarh,Green Technology,4
2022,Chhattisgarh,Events,2
2022,Chhattisgarh,Fashion,2
2022,Chhattisgarh,Finance Technology,7
2022,Chhattisgarh,Enterprise Software,1
2022,Chhattisgarh,Food & Beverages,17
2022,Chhattisgarh,Design,2
2022,Chhattisgarh,Dating Matrimonial,1
2022,Chhattisgarh,Education,14
2022,Chhattisgarh,Renewable Energy,10
2022,Chhattisgarh,Technology Hardware,6
2022,Chhattisgarh,Healthcare & Lifesciences,21
2022,Chhattisgarh,IT Services,17
2022,Chhattisgarh,Human Resources,5
2022,Chhattisgarh,Marketing,3
2022,Chhattisgarh,Non- Renewable Energy,2
2022,Chhattisgarh,Media & Entertainment,4
2022,Chhattisgarh,Retail,2
2022,Chhattisgarh,House-Hold Services,2
2022,Chhattisgarh,Professional & Commercial Services,11
2022,Chhattisgarh,Sports,1
2022,Chhattisgarh,Social Impact,3
2022,Chhattisgarh,Social Network,2
2022,Chhattisgarh,Textiles & Apparel,1
2022,Chhattisgarh,Indic Language Startups,1
2022,Chhattisgarh,Transportation & Storage,3
2022,Chhattisgarh,Logistics,4
2022,Chhattisgarh,Travel & Tourism,1
2022,Chhattisgarh,Security Solutions,2
2022,Chhattisgarh,Real Estate,2
2022,Chhattisgarh,Safety,1
2022,Chhattisgarh,Biotechnology,1
2022,Chhattisgarh,Waste Management,2
2022,Chhattisgarh,Others,12
2022,Andhra Pradesh,Analytics,2
2022,Andhra Pradesh,Advertising,2
2022,Andhra Pradesh,Architecture Interior Design,1
2022,Andhra Pradesh,AR VR (Augmented + Virtual Reality),1
2022,Andhra Pradesh,Automotive,19
2022,Andhra Pradesh,Art & Photography,1
2022,Andhra Pradesh,Telecommunication & Networking,4
2022,Andhra Pradesh,Construction,35
2022,Andhra Pradesh,Agriculture,33
2022,Andhra Pradesh,Aeronautics Aerospace & Defence,6
2022,Andhra Pradesh,AI,7
2022,Andhra Pradesh,Green Technology,9
2022,Andhra Pradesh,Fashion,2
2022,Andhra Pradesh,Finance Technology,10
2022,Andhra Pradesh,Enterprise Software,3
2022,Andhra Pradesh,Food & Beverages,24
2022,Andhra Pradesh,Education,30
2022,Andhra Pradesh,Renewable Energy,10
2022,Andhra Pradesh,Technology Hardware,8
2022,Andhra Pradesh,Healthcare & Lifesciences,20
2022,Andhra Pradesh,Internet of Things,7
2022,Andhra Pradesh,IT Services,55
2022,Andhra Pradesh,Human Resources,6
2022,Andhra Pradesh,Marketing,4
2022,Andhra Pradesh,Non- Renewable Energy,11
2022,Andhra Pradesh,Media & Entertainment,3
2022,Andhra Pradesh,Retail,4
2022,Andhra Pradesh,Professional & Commercial Services,17
2022,Andhra Pradesh,Sports,2
2022,Andhra Pradesh,Social Network,2
2022,Andhra Pradesh,Indic Language Startups,2
2022,Andhra Pradesh,Transportation & Storage,7
2022,Andhra Pradesh,Logistics,5
2022,Andhra Pradesh,Travel & Tourism,6
2022,Andhra Pradesh,Real Estate,4
2022,Andhra Pradesh,Other Specialty Retailers,1
2022,Andhra Pradesh,Robotics,2
2022,Andhra Pradesh,Biotechnology,4
2022,Andhra Pradesh,Waste Management,3
2022,Andhra Pradesh,Others,7
2022,Andhra Pradesh,Toys and Games,2
2022,Arunachal Pradesh,Telecommunication & Networking,1
2022,Arunachal Pradesh,Construction,2
2022,Arunachal Pradesh,Agriculture,2
2022,Arunachal Pradesh,Healthcare & Lifesciences,1
2022,Arunachal Pradesh,IT Services,1
2022,Arunachal Pradesh,Professional & Commercial Services,1
2022,Arunachal Pradesh,Social Impact,1
2022,Andaman and Nicobar Islands,AR VR (Augmented + Virtual Reality),1
2022,Andaman and Nicobar Islands,Construction,1
2022,Andaman and Nicobar Islands,Agriculture,1
2022,Andaman and Nicobar Islands,Internet of Things,1
2022,Andaman and Nicobar Islands,Marketing,1
2022,Andaman and Nicobar Islands,Transportation & Storage,1
2022,Andaman and Nicobar Islands,Travel & Tourism,2
2022,Andaman and Nicobar Islands,Other Specialty Retailers,1
2022,Manipur,AR VR (Augmented + Virtual Reality),1
2022,Manipur,Chemicals,1
2022,Manipur,Construction,3
2022,Manipur,Agriculture,5
2022,Manipur,Green Technology,1
2022,Manipur,Events,1
2022,Manipur,Finance Technology,1
2022,Manipur,Food & Beverages,4
2022,Manipur,Education,3
2022,Manipur,Renewable Energy,1
2022,Manipur,Technology Hardware,1
2022,Manipur,IT Services,4
2022,Manipur,Media & Entertainment,2
2022,Manipur,Professional & Commercial Services,3
2022,Mizoram,Agriculture,2
2022,Mizoram,Fashion,1
2022,Mizoram,Healthcare & Lifesciences,1
2022,Mizoram,IT Services,1
2022,Mizoram,Marketing,1
2022,Rajasthan,Analytics,1
2022,Rajasthan,Advertising,8
2022,Rajasthan,Architecture Interior Design,6
2022,Rajasthan,AR VR (Augmented + Virtual Reality),4
2022,Rajasthan,Automotive,29
2022,Rajasthan,Art & Photography,6
2022,Rajasthan,Chemicals,9
2022,Rajasthan,Computer Vision,1
2022,Rajasthan,Telecommunication & Networking,7
2022,Rajasthan,Construction,63
2022,Rajasthan,Agriculture,62
2022,Rajasthan,Aeronautics Aerospace & Defence,6
2022,Rajasthan,AI,8
2022,Rajasthan,Green Technology,17
2022,Rajasthan,Events,8
2022,Rajasthan,Fashion,28
2022,Rajasthan,Finance Technology,32
2022,Rajasthan,Enterprise Software,10
2022,Rajasthan,Food & Beverages,44
2022,Rajasthan,Design,1
2022,Rajasthan,Education,84
2022,Rajasthan,Renewable Energy,40
2022,Rajasthan,Technology Hardware,28
2022,Rajasthan,Healthcare & Lifesciences,75
2022,Rajasthan,Internet of Things,11
2022,Rajasthan,IT Services,79
2022,Rajasthan,Human Resources,22
2022,Rajasthan,Marketing,24
2022,Rajasthan,Nanotechnology,1
2022,Rajasthan,Non- Renewable Energy,26
2022,Rajasthan,Pets & Animals,2
2022,Rajasthan,Media & Entertainment,8
2022,Rajasthan,Retail,21
2022,Rajasthan,House-Hold Services,8
2022,Rajasthan,Professional & Commercial Services,39
2022,Rajasthan,Sports,7
2022,Rajasthan,Social Impact,7
2022,Rajasthan,Social Network,10
2022,Rajasthan,Textiles & Apparel,19
2022,Rajasthan,Indic Language Startups,7
2022,Rajasthan,Transportation & Storage,11
2022,Rajasthan,Logistics,3
2022,Rajasthan,Travel & Tourism,16
2022,Rajasthan,Security Solutions,6
2022,Rajasthan,Real Estate,11
2022,Rajasthan,Other Specialty Retailers,12
2022,Rajasthan,Safety,2
2022,Rajasthan,Robotics,1
2022,Rajasthan,Biotechnology,2
2022,Rajasthan,Waste Management,13
2022,Rajasthan,Others,45
2022,Rajasthan,Toys and Games,2
2022,Sikkim,Green Technology,1
2022,Sikkim,Food & Beverages,1
2022,Tamil Nadu,Analytics,12
2022,Tamil Nadu,Advertising,8
2022,Tamil Nadu,Architecture Interior Design,10
2022,Tamil Nadu,AR VR (Augmented + Virtual Reality),17
2022,Tamil Nadu,Automotive,49
2022,Tamil Nadu,Art & Photography,6
2022,Tamil Nadu,Animation,2
2022,Tamil Nadu,Chemicals,11
2022,Tamil Nadu,Computer Vision,2
2022,Tamil Nadu,Telecommunication & Networking,17
2022,Tamil Nadu,Construction,74
2022,Tamil Nadu,Agriculture,113
2022,Tamil Nadu,Aeronautics Aerospace & Defence,38
2022,Tamil Nadu,AI,29
2022,Tamil Nadu,Green Technology,40
2022,Tamil Nadu,Events,5
2022,Tamil Nadu,Fashion,22
2022,Tamil Nadu,Finance Technology,56
2022,Tamil Nadu,Enterprise Software,34
2022,Tamil Nadu,Food & Beverages,103
2022,Tamil Nadu,Design,18
2022,Tamil Nadu,Dating Matrimonial,2
2022,Tamil Nadu,Education,111
2022,Tamil Nadu,Renewable Energy,51
2022,Tamil Nadu,Technology Hardware,67
2022,Tamil Nadu,Healthcare & Lifesciences,146
2022,Tamil Nadu,Internet of Things,29
2022,Tamil Nadu,IT Services,230
2022,Tamil Nadu,Human Resources,31
2022,Tamil Nadu,Marketing,40
2022,Tamil Nadu,Nanotechnology,2
2022,Tamil Nadu,Non- Renewable Energy,21
2022,Tamil Nadu,Pets & Animals,7
2022,Tamil Nadu,Media & Entertainment,21
2022,Tamil Nadu,Retail,42
2022,Tamil Nadu,House-Hold Services,11
2022,Tamil Nadu,Professional & Commercial Services,92
2022,Tamil Nadu,Sports,7
2022,Tamil Nadu,Social Impact,3
2022,Tamil Nadu,Social Network,4
2022,Tamil Nadu,Textiles & Apparel,40
2022,Tamil Nadu,Indic Language Startups,10
2022,Tamil Nadu,Transportation & Storage,16
2022,Tamil Nadu,Logistics,11
2022,Tamil Nadu,Travel & Tourism,13
2022,Tamil Nadu,Security Solutions,9
2022,Tamil Nadu,Real Estate,8
2022,Tamil Nadu,Other Specialty Retailers,10
2022,Tamil Nadu,Safety,4
2022,Tamil Nadu,Robotics,17
2022,Tamil Nadu,Biotechnology,15
2022,Tamil Nadu,Waste Management,25
2022,Tamil Nadu,Others,46
2022,Tamil Nadu,Toys and Games,5
2022,Madhya Pradesh,Analytics,3
2022,Madhya Pradesh,Advertising,7
2022,Madhya Pradesh,Architecture Interior Design,7
2022,Madhya Pradesh,AR VR (Augmented + Virtual Reality),3
2022,Madhya Pradesh,Automotive,24
2022,Madhya Pradesh,Art & Photography,2
2022,Madhya Pradesh,Animation,1
2022,Madhya Pradesh,Chemicals,11
2022,Madhya Pradesh,Computer Vision,1
2022,Madhya Pradesh,Telecommunication & Networking,5
2022,Madhya Pradesh,Construction,43
2022,Madhya Pradesh,Agriculture,60
2022,Madhya Pradesh,Aeronautics Aerospace & Defence,8
2022,Madhya Pradesh,AI,7
2022,Madhya Pradesh,Green Technology,18
2022,Madhya Pradesh,Events,4
2022,Madhya Pradesh,Fashion,12
2022,Madhya Pradesh,Finance Technology,22
2022,Madhya Pradesh,Enterprise Software,11
2022,Madhya Pradesh,Food & Beverages,45
2022,Madhya Pradesh,Design,1
2022,Madhya Pradesh,Dating Matrimonial,1
2022,Madhya Pradesh,Education,49
2022,Madhya Pradesh,Renewable Energy,32
2022,Madhya Pradesh,Technology Hardware,16
2022,Madhya Pradesh,Healthcare & Lifesciences,78
2022,Madhya Pradesh,Internet of Things,13
2022,Madhya Pradesh,IT Services,89
2022,Madhya Pradesh,Human Resources,72
2022,Madhya Pradesh,Marketing,17
2022,Madhya Pradesh,Non- Renewable Energy,16
2022,Madhya Pradesh,Pets & Animals,3
2022,Madhya Pradesh,Media & Entertainment,6
2022,Madhya Pradesh,Retail,15
2022,Madhya Pradesh,House-Hold Services,6
2022,Madhya Pradesh,Professional & Commercial Services,47
2022,Madhya Pradesh,Sports,1
2022,Madhya Pradesh,Social Impact,6
2022,Madhya Pradesh,Social Network,3
2022,Madhya Pradesh,Textiles & Apparel,13
2022,Madhya Pradesh,Indic Language Startups,3
2022,Madhya Pradesh,Transportation & Storage,13
2022,Madhya Pradesh,Logistics,9
2022,Madhya Pradesh,Travel & Tourism,12
2022,Madhya Pradesh,Security Solutions,14
2022,Madhya Pradesh,Real Estate,9
2022,Madhya Pradesh,Other Specialty Retailers,6
2022,Madhya Pradesh,Safety,3
2022,Madhya Pradesh,Robotics,6
2022,Madhya Pradesh,Passenger Experience,1
2022,Madhya Pradesh,Biotechnology,1
2022,Madhya Pradesh,Waste Management,11
2022,Madhya Pradesh,Others,27
2022,Madhya Pradesh,Toys and Games,5
2022,Tripura,Construction,3
2022,Tripura,Education,6
2022,Tripura,Renewable Energy,1
2022,Tripura,Healthcare & Lifesciences,3
2022,Tripura,IT Services,3
2022,Tripura,Non- Renewable Energy,3
2022,Tripura,Media & Entertainment,1
2022,Tripura,Retail,2
2022,Tripura,Professional & Commercial Services,2
2022,Tripura,Social Network,1
2022,Tripura,Logistics,1
2022,Tripura,Others,1
2022,Nagaland,Construction,1
2022,Nagaland,Education,1
2022,Nagaland,Healthcare & Lifesciences,1
2022,Nagaland,IT Services,1
2022,Nagaland,Human Resources,1
2022,Nagaland,Marketing,1
2022,Nagaland,Transportation & Storage,1
2022,Telangana,Analytics,10
2022,Telangana,Advertising,7
2022,Telangana,Architecture Interior Design,11
2022,Telangana,AR VR (Augmented + Virtual Reality),14
2022,Telangana,Automotive,44
2022,Telangana,Art & Photography,3
2022,Telangana,Animation,2
2022,Telangana,Chemicals,12
2022,Telangana,Computer Vision,5
2022,Telangana,Telecommunication & Networking,10
2022,Telangana,Construction,70
2022,Telangana,Agriculture,71
2022,Telangana,Aeronautics Aerospace & Defence,34
2022,Telangana,AI,20
2022,Telangana,Green Technology,28
2022,Telangana,Events,3
2022,Telangana,Fashion,11
2022,Telangana,Finance Technology,46
2022,Telangana,Enterprise Software,26
2022,Telangana,Food & Beverages,68
2022,Telangana,Design,5
2022,Telangana,Dating Matrimonial,3
2022,Telangana,Education,79
2022,Telangana,Renewable Energy,21
2022,Telangana,Technology Hardware,32
2022,Telangana,Healthcare & Lifesciences,164
2022,Telangana,Internet of Things,12
2022,Telangana,IT Services,182
2022,Telangana,Human Resources,28
2022,Telangana,Marketing,24
2022,Telangana,Nanotechnology,1
2022,Telangana,Non- Renewable Energy,12
2022,Telangana,Pets & Animals,3
2022,Telangana,Media & Entertainment,20
2022,Telangana,Retail,37
2022,Telangana,House-Hold Services,4
2022,Telangana,Professional & Commercial Services,57
2022,Telangana,Sports,8
2022,Telangana,Social Impact,11
2022,Telangana,Social Network,6
2022,Telangana,Textiles & Apparel,8
2022,Telangana,Indic Language Startups,2
2022,Telangana,Transportation & Storage,19
2022,Telangana,Logistics,9
2022,Telangana,Travel & Tourism,13
2022,Telangana,Security Solutions,9
2022,Telangana,Real Estate,26
2022,Telangana,Other Specialty Retailers,5
2022,Telangana,Safety,6
2022,Telangana,Robotics,12
2022,Telangana,Biotechnology,9
2022,Telangana,Waste Management,11
2022,Telangana,Others,44
2022,Telangana,Toys and Games,4
2022,Uttarakhand,Advertising,1
2022,Uttarakhand,Architecture Interior Design,1
2022,Uttarakhand,AR VR (Augmented + Virtual Reality),1
2022,Uttarakhand,Automotive,6
2022,Uttarakhand,Art & Photography,1
2022,Uttarakhand,Chemicals,1
2022,Uttarakhand,Telecommunication & Networking,2
2022,Uttarakhand,Construction,13
2022,Uttarakhand,Agriculture,20
2022,Uttarakhand,Aeronautics Aerospace & Defence,5
2022,Uttarakhand,AI,1
2022,Uttarakhand,Green Technology,4
2022,Uttarakhand,Fashion,4
2022,Uttarakhand,Finance Technology,1
2022,Uttarakhand,Enterprise Software,4
2022,Uttarakhand,Food & Beverages,25
2022,Uttarakhand,Design,1
2022,Uttarakhand,Education,15
2022,Uttarakhand,Renewable Energy,3
2022,Uttarakhand,Technology Hardware,9
2022,Uttarakhand,Healthcare & Lifesciences,28
2022,Uttarakhand,Internet of Things,2
2022,Uttarakhand,IT Services,15
2022,Uttarakhand,Human Resources,4
2022,Uttarakhand,Marketing,5
2022,Uttarakhand,Non- Renewable Energy,3
2022,Uttarakhand,Pets & Animals,1
2022,Uttarakhand,Retail,3
2022,Uttarakhand,House-Hold Services,1
2022,Uttarakhand,Professional & Commercial Services,8
2022,Uttarakhand,Sports,1
2022,Uttarakhand,Social Network,1
2022,Uttarakhand,Textiles & Apparel,3
2022,Uttarakhand,Indic Language Startups,1
2022,Uttarakhand,Transportation & Storage,3
2022,Uttarakhand,Travel & Tourism,13
2022,Uttarakhand,Security Solutions,1
2022,Uttarakhand,Other Specialty Retailers,1
2022,Uttarakhand,Biotechnology,1
2022,Uttarakhand,Waste Management,5
2022,Uttarakhand,Others,16
2022,Uttarakhand,Toys and Games,2
2022,West Bengal,Analytics,5
2022,West Bengal,Advertising,4
2022,West Bengal,Architecture Interior Design,7
2022,West Bengal,AR VR (Augmented + Virtual Reality),4
2022,West Bengal,Automotive,24
2022,West Bengal,Art & Photography,8
2022,West Bengal,Animation,2
2022,West Bengal,Chemicals,9
2022,West Bengal,Computer Vision,1
2022,West Bengal,Telecommunication & Networking,10
2022,West Bengal,Construction,52
2022,West Bengal,Agriculture,46
2022,West Bengal,Aeronautics Aerospace & Defence,6
2022,West Bengal,AI,7
2022,West Bengal,Green Technology,13
2022,West Bengal,Events,4
2022,West Bengal,Fashion,23
2022,West Bengal,Finance Technology,36
2022,West Bengal,Enterprise Software,9
2022,West Bengal,Food & Beverages,67
2022,West Bengal,Design,7
2022,West Bengal,Education,52
2022,West Bengal,Renewable Energy,29
2022,West Bengal,Technology Hardware,24
2022,West Bengal,Healthcare & Lifesciences,98
2022,West Bengal,Internet of Things,5
2022,West Bengal,IT Services,99
2022,West Bengal,Human Resources,17
2022,West Bengal,Marketing,14
2022,West Bengal,Nanotechnology,1
2022,West Bengal,Non- Renewable Energy,14
2022,West Bengal,Pets & Animals,2
2022,West Bengal,Media & Entertainment,21
2022,West Bengal,Retail,23
2022,West Bengal,House-Hold Services,9
2022,West Bengal,Professional & Commercial Services,64
2022,West Bengal,Sports,2
2022,West Bengal,Social Impact,7
2022,West Bengal,Social Network,7
2022,West Bengal,Textiles & Apparel,22
2022,West Bengal,Indic Language Startups,8
2022,West Bengal,Transportation & Storage,16
2022,West Bengal,Logistics,13
2022,West Bengal,Travel & Tourism,20
2022,West Bengal,Security Solutions,13
2022,West Bengal,Real Estate,11
2022,West Bengal,Other Specialty Retailers,4
2022,West Bengal,Safety,2
2022,West Bengal,Robotics,1
2022,West Bengal,Passenger Experience,1
2022,West Bengal,Biotechnology,4
2022,West Bengal,Waste Management,8
2022,West Bengal,Others,43
2022,West Bengal,Toys and Games,4
2022,Uttar Pradesh,Analytics,7
2022,Uttar Pradesh,Advertising,7
2022,Uttar Pradesh,Architecture Interior Design,13
2022,Uttar Pradesh,AR VR (Augmented + Virtual Reality),6
2022,Uttar Pradesh,Automotive,53
2022,Uttar Pradesh,Art & Photography,7
2022,Uttar Pradesh,Animation,2
2022,Uttar Pradesh,Chemicals,22
2022,Uttar Pradesh,Computer Vision,6
2022,Uttar Pradesh,Telecommunication & Networking,35
2022,Uttar Pradesh,Construction,167
2022,Uttar Pradesh,Agriculture,136
2022,Uttar Pradesh,Aeronautics Aerospace & Defence,29
2022,Uttar Pradesh,AI,24
2022,Uttar Pradesh,Green Technology,34
2022,Uttar Pradesh,Events,9
2022,Uttar Pradesh,Fashion,48
2022,Uttar Pradesh,Finance Technology,59
2022,Uttar Pradesh,Enterprise Software,21
2022,Uttar Pradesh,Food & Beverages,134
2022,Uttar Pradesh,Design,13
2022,Uttar Pradesh,Education,168
2022,Uttar Pradesh,Renewable Energy,69
2022,Uttar Pradesh,Technology Hardware,84
2022,Uttar Pradesh,Healthcare & Lifesciences,222
2022,Uttar Pradesh,Internet of Things,19
2022,Uttar Pradesh,IT Services,261
2022,Uttar Pradesh,Human Resources,117
2022,Uttar Pradesh,Marketing,50
2022,Uttar Pradesh,Nanotechnology,2
2022,Uttar Pradesh,Non- Renewable Energy,49
2022,Uttar Pradesh,Pets & Animals,4
2022,Uttar Pradesh,Media & Entertainment,27
2022,Uttar Pradesh,Retail,52
2022,Uttar Pradesh,House-Hold Services,13
2022,Uttar Pradesh,Professional & Commercial Services,130
2022,Uttar Pradesh,Sports,11
2022,Uttar Pradesh,Social Impact,12
2022,Uttar Pradesh,Social Network,8
2022,Uttar Pradesh,Textiles & Apparel,62
2022,Uttar Pradesh,Indic Language Startups,11
2022,Uttar Pradesh,Transportation & Storage,23
2022,Uttar Pradesh,Logistics,10
2022,Uttar Pradesh,Travel & Tourism,34
2022,Uttar Pradesh,Security Solutions,51
2022,Uttar Pradesh,Real Estate,27
2022,Uttar Pradesh,Other Specialty Retailers,13
2022,Uttar Pradesh,Safety,7
2022,Uttar Pradesh,Robotics,9
2022,Uttar Pradesh,Passenger Experience,1
2022,Uttar Pradesh,Biotechnology,15
2022,Uttar Pradesh,Waste Management,29
2022,Uttar Pradesh,Others,149
2022,Uttar Pradesh,Toys and Games,10
2022,Ladakh,Food & Beverages,1
2022,Ladakh,Renewable Energy,1
2022,Ladakh,Human Resources,1
2022,Ladakh,Retail,1
2022,Ladakh,Travel & Tourism,1
2022,Maharashtra,Analytics,16
2022,Maharashtra,Advertising,29
2022,Maharashtra,Architecture Interior Design,30
2022,Maharashtra,AR VR (Augmented + Virtual Reality),15
2022,Maharashtra,Automotive,137
2022,Maharashtra,Art & Photography,15
2022,Maharashtra,Animation,11
2022,Maharashtra,Chemicals,71
2022,Maharashtra,Computer Vision,2
2022,Maharashtra,Telecommunication & Networking,40
2022,Maharashtra,Construction,220
2022,Maharashtra,Agriculture,322
2022,Maharashtra,Aeronautics Aerospace & Defence,47
2022,Maharashtra,AI,52
2022,Maharashtra,Green Technology,98
2022,Maharashtra,Events,10
2022,Maharashtra,Fashion,61
2022,Maharashtra,Finance Technology,214
2022,Maharashtra,Enterprise Software,77
2022,Maharashtra,Food & Beverages,292
2022,Maharashtra,Design,31
2022,Maharashtra,Dating Matrimonial,3
2022,Maharashtra,Education,230
2022,Maharashtra,Renewable Energy,116
2022,Maharashtra,Technology Hardware,177
2022,Maharashtra,Healthcare & Lifesciences,486
2022,Maharashtra,Internet of Things,39
2022,Maharashtra,IT Services,448
2022,Maharashtra,Human Resources,123
2022,Maharashtra,Marketing,82
2022,Maharashtra,Nanotechnology,9
2022,Maharashtra,Non- Renewable Energy,63
2022,Maharashtra,Pets & Animals,17
2022,Maharashtra,Media & Entertainment,84
2022,Maharashtra,Retail,91
2022,Maharashtra,House-Hold Services,34
2022,Maharashtra,Professional & Commercial Services,231
2022,Maharashtra,Sports,31
2022,Maharashtra,Social Impact,24
2022,Maharashtra,Social Network,23
2022,Maharashtra,Textiles & Apparel,66
2022,Maharashtra,Indic Language Startups,16
2022,Maharashtra,Transportation & Storage,82
2022,Maharashtra,Logistics,32
2022,Maharashtra,Travel & Tourism,40
2022,Maharashtra,Security Solutions,33
2022,Maharashtra,Real Estate,50
2022,Maharashtra,Other Specialty Retailers,26
2022,Maharashtra,Safety,18
2022,Maharashtra,Robotics,22
2022,Maharashtra,Biotechnology,12
2022,Maharashtra,Waste Management,63
2022,Maharashtra,Others,235
2022,Maharashtra,Toys and Games,15
2022,Dadra and Nagar Haveli and Daman and Diu,Construction,1
2022,Dadra and Nagar Haveli and Daman and Diu,Green Technology,1
2022,Dadra and Nagar Haveli and Daman and Diu,Food & Beverages,3
2022,Dadra and Nagar Haveli and Daman and Diu,Technology Hardware,1
2022,Dadra and Nagar Haveli and Daman and Diu,Professional & Commercial Services,1
2022,Dadra and Nagar Haveli and Daman and Diu,Textiles & Apparel,1
2022,Dadra and Nagar Haveli and Daman and Diu,Other Specialty Retailers,1
2022,Dadra and Nagar Haveli and Daman and Diu,Biotechnology,1
2022,Dadra and Nagar Haveli and Daman and Diu,Others,2
2022,Puducherry,Analytics,1
2022,Puducherry,Telecommunication & Networking,1
2022,Puducherry,Construction,1
2022,Puducherry,Agriculture,1
2022,Puducherry,Aeronautics Aerospace & Defence,1
2022,Puducherry,AI,1
2022,Puducherry,Enterprise Software,1
2022,Puducherry,Food & Beverages,4
2022,Puducherry,Education,1
2022,Puducherry,Renewable Energy,1
2022,Puducherry,Healthcare & Lifesciences,3
2022,Puducherry,Internet of Things,1
2022,Puducherry,IT Services,4
2022,Puducherry,Marketing,1
2022,Puducherry,Retail,1
2022,Puducherry,Professional & Commercial Services,1
2022,Puducherry,Textiles & Apparel,1
2022,Puducherry,Travel & Tourism,3
2022,Puducherry,Others,1
2022,Meghalaya,AI,1
2022,Meghalaya,Enterprise Software,1
2022,Meghalaya,IT Services,1
2022,Meghalaya,Retail,1
2022,Meghalaya,Social Network,1
2022,Meghalaya,Textiles & Apparel,1
2022,Meghalaya,Transportation & Storage,1
2022,Meghalaya,Travel & Tourism,1
2022,Meghalaya,Others,2
2022,Odisha,Advertising,1
2022,Odisha,Architecture Interior Design,2
2022,Odisha,AR VR (Augmented + Virtual Reality),2
2022,Odisha,Automotive,6
2022,Odisha,Art & Photography,4
2022,Odisha,Chemicals,7
2022,Odisha,Computer Vision,1
2022,Odisha,Telecommunication & Networking,3
2022,Odisha,Construction,28
2022,Odisha,Agriculture,29
2022,Odisha,Aeronautics Aerospace & Defence,4
2022,Odisha,AI,5
2022,Odisha,Green Technology,7
2022,Odisha,Events,2
2022,Odisha,Fashion,2
2022,Odisha,Finance Technology,13
2022,Odisha,Enterprise Software,5
2022,Odisha,Food & Beverages,20
2022,Odisha,Design,3
2022,Odisha,Dating Matrimonial,1
2022,Odisha,Education,35
2022,Odisha,Renewable Energy,17
2022,Odisha,Technology Hardware,11
2022,Odisha,Healthcare & Lifesciences,43
2022,Odisha,Internet of Things,5
2022,Odisha,IT Services,50
2022,Odisha,Human Resources,10
2022,Odisha,Marketing,8
2022,Odisha,Non- Renewable Energy,12
2022,Odisha,Pets & Animals,1
2022,Odisha,Media & Entertainment,5
2022,Odisha,Retail,10
2022,Odisha,House-Hold Services,5
2022,Odisha,Professional & Commercial Services,17
2022,Odisha,Sports,1
2022,Odisha,Social Impact,2
2022,Odisha,Social Network,2
2022,Odisha,Textiles & Apparel,6
2022,Odisha,Indic Language Startups,2
2022,Odisha,Transportation & Storage,7
2022,Odisha,Logistics,4
2022,Odisha,Travel & Tourism,8
2022,Odisha,Security Solutions,6
2022,Odisha,Real Estate,3
2022,Odisha,Other Specialty Retailers,1
2022,Odisha,Safety,1
2022,Odisha,Robotics,3
2022,Odisha,Biotechnology,7
2022,Odisha,Waste Management,2
2022,Odisha,Others,20
2022,Odisha,Toys and Games,2
2022,Punjab,Advertising,2
2022,Punjab,Automotive,10
2022,Punjab,Chemicals,1
2022,Punjab,Telecommunication & Networking,2
2022,Punjab,Construction,13
2022,Punjab,Agriculture,14
2022,Punjab,Aeronautics Aerospace & Defence,3
2022,Punjab,Green Technology,4
2022,Punjab,Events,1
2022,Punjab,Finance Technology,11
2022,Punjab,Enterprise Software,3
2022,Punjab,Food & Beverages,21
2022,Punjab,Education,25
2022,Punjab,Renewable Energy,11
2022,Punjab,Technology Hardware,11
2022,Punjab,Healthcare & Lifesciences,30
2022,Punjab,Internet of Things,4
2022,Punjab,IT Services,32
2022,Punjab,Human Resources,6
2022,Punjab,Marketing,7
2022,Punjab,Non- Renewable Energy,8
2022,Punjab,Pets & Animals,1
2022,Punjab,Media & Entertainment,4
2022,Punjab,Retail,9
2022,Punjab,House-Hold Services,4
2022,Punjab,Professional & Commercial Services,13
2022,Punjab,Sports,1
2022,Punjab,Social Network,1
2022,Punjab,Textiles & Apparel,9
2022,Punjab,Transportation & Storage,1
2022,Punjab,Travel & Tourism,7
2022,Punjab,Security Solutions,2
2022,Punjab,Real Estate,1
2022,Punjab,Other Specialty Retailers,1
2022,Punjab,Robotics,1
2022,Punjab,Waste Management,8
2022,Punjab,Others,11
2022,Punjab,Toys and Games,1
2021,Assam,Analytics,1
2021,Assam,Advertising,4
2021,Assam,Automotive,3
2021,Assam,Chemicals,2
2021,Assam,Computer Vision,1
2021,Assam,Telecommunication & Networking,3
2021,Assam,Construction,10
2021,Assam,Agriculture,15
2021,Assam,Aeronautics Aerospace & Defence,1
2021,Assam,AI,2
2021,Assam,Green Technology,1
2021,Assam,Events,2
2021,Assam,Finance Technology,3
2021,Assam,Enterprise Software,1
2021,Assam,Food & Beverages,11
2021,Assam,Design,1
2021,Assam,Education,21
2021,Assam,Renewable Energy,2
2021,Assam,Technology Hardware,2
2021,Assam,Healthcare & Lifesciences,11
2021,Assam,IT Services,12
2021,Assam,Human Resources,1
2021,Assam,Marketing,1
2021,Assam,Non- Renewable Energy,25
2021,Assam,Media & Entertainment,2
2021,Assam,Retail,6
2021,Assam,House-Hold Services,1
2021,Assam,Professional & Commercial Services,9
2021,Assam,Sports,1
2021,Assam,Social Impact,5
2021,Assam,Textiles & Apparel,5
2021,Assam,Transportation & Storage,6
2021,Assam,Logistics,1
2021,Assam,Travel & Tourism,5
2021,Assam,Safety,1
2021,Assam,Biotechnology,1
2021,Assam,Waste Management,2
2021,Assam,Others,8
2021,Assam,Toys and Games,1
2021,Chandigarh,Construction,1
2021,Chandigarh,Agriculture,2
2021,Chandigarh,Aeronautics Aerospace & Defence,1
2021,Chandigarh,AI,1
2021,Chandigarh,Green Technology,1
2021,Chandigarh,Events,1
2021,Chandigarh,Finance Technology,5
2021,Chandigarh,Enterprise Software,2
2021,Chandigarh,Food & Beverages,6
2021,Chandigarh,Design,1
2021,Chandigarh,Education,2
2021,Chandigarh,Technology Hardware,2
2021,Chandigarh,Healthcare & Lifesciences,10
2021,Chandigarh,Internet of Things,1
2021,Chandigarh,IT Services,9
2021,Chandigarh,Human Resources,1
2021,Chandigarh,Marketing,3
2021,Chandigarh,Non- Renewable Energy,1
2021,Chandigarh,Media & Entertainment,2
2021,Chandigarh,Retail,1
2021,Chandigarh,Professional & Commercial Services,3
2021,Chandigarh,Sports,1
2021,Chandigarh,Social Impact,1
2021,Chandigarh,Logistics,2
2021,Chandigarh,Travel & Tourism,1
2021,Chandigarh,Real Estate,2
2021,Chandigarh,Other Specialty Retailers,1
2021,Chandigarh,Robotics,1
2021,Chandigarh,Waste Management,1
2021,Chandigarh,Others,3
2021,Goa,Advertising,1
2021,Goa,Automotive,1
2021,Goa,Chemicals,1
2021,Goa,Construction,9
2021,Goa,Agriculture,2
2021,Goa,Aeronautics Aerospace & Defence,1
2021,Goa,AI,3
2021,Goa,Green Technology,1
2021,Goa,Events,1
2021,Goa,Finance Technology,2
2021,Goa,Food & Beverages,6
2021,Goa,Design,1
2021,Goa,Education,3
2021,Goa,Renewable Energy,1
2021,Goa,Technology Hardware,1
2021,Goa,Healthcare & Lifesciences,5
2021,Goa,Internet of Things,1
2021,Goa,IT Services,8
2021,Goa,Marketing,1
2021,Goa,Non- Renewable Energy,5
2021,Goa,Retail,3
2021,Goa,Professional & Commercial Services,5
2021,Goa,Social Network,1
2021,Goa,Transportation & Storage,2
2021,Goa,Logistics,1
2021,Goa,Travel & Tourism,4
2021,Goa,Security Solutions,1
2021,Goa,Real Estate,1
2021,Goa,Other Specialty Retailers,1
2021,Goa,Waste Management,1
2021,Goa,Others,7
2021,Delhi,Analytics,16
2021,Delhi,Advertising,20
2021,Delhi,Architecture Interior Design,14
2021,Delhi,AR VR (Augmented + Virtual Reality),5
2021,Delhi,Automotive,32
2021,Delhi,Art & Photography,8
2021,Delhi,Chemicals,23
2021,Delhi,Computer Vision,3
2021,Delhi,Telecommunication & Networking,34
2021,Delhi,Construction,78
2021,Delhi,Agriculture,69
2021,Delhi,Aeronautics Aerospace & Defence,26
2021,Delhi,AI,26
2021,Delhi,Green Technology,34
2021,Delhi,Events,9
2021,Delhi,Fashion,43
2021,Delhi,Finance Technology,77
2021,Delhi,Enterprise Software,29
2021,Delhi,Food & Beverages,89
2021,Delhi,Design,12
2021,Delhi,Dating Matrimonial,1
2021,Delhi,Education,134
2021,Delhi,Renewable Energy,50
2021,Delhi,Technology Hardware,76
2021,Delhi,Healthcare & Lifesciences,235
2021,Delhi,Internet of Things,12
2021,Delhi,IT Services,223
2021,Delhi,Human Resources,57
2021,Delhi,Marketing,49
2021,Delhi,Nanotechnology,1
2021,Delhi,Non- Renewable Energy,14
2021,Delhi,Pets & Animals,6
2021,Delhi,Media & Entertainment,33
2021,Delhi,Retail,51
2021,Delhi,House-Hold Services,14
2021,Delhi,Professional & Commercial Services,148
2021,Delhi,Sports,15
2021,Delhi,Social Impact,7
2021,Delhi,Social Network,22
2021,Delhi,Textiles & Apparel,64
2021,Delhi,Indic Language Startups,6
2021,Delhi,Transportation & Storage,27
2021,Delhi,Logistics,14
2021,Delhi,Travel & Tourism,35
2021,Delhi,Security Solutions,51
2021,Delhi,Real Estate,12
2021,Delhi,Other Specialty Retailers,12
2021,Delhi,Safety,11
2021,Delhi,Robotics,8
2021,Delhi,Biotechnology,5
2021,Delhi,Waste Management,21
2021,Delhi,Others,145
2021,Delhi,Toys and Games,9
2021,Gujarat,Analytics,7
2021,Gujarat,Advertising,12
2021,Gujarat,Architecture Interior Design,3
2021,Gujarat,AR VR (Augmented + Virtual Reality),4
2021,Gujarat,Automotive,39
2021,Gujarat,Art & Photography,7
2021,Gujarat,Animation,2
2021,Gujarat,Chemicals,36
2021,Gujarat,Computer Vision,4
2021,Gujarat,Telecommunication & Networking,10
2021,Gujarat,Construction,88
2021,Gujarat,Agriculture,107
2021,Gujarat,Aeronautics Aerospace & Defence,7
2021,Gujarat,AI,14
2021,Gujarat,Green Technology,31
2021,Gujarat,Events,5
2021,Gujarat,Fashion,18
2021,Gujarat,Finance Technology,31
2021,Gujarat,Enterprise Software,19
2021,Gujarat,Food & Beverages,88
2021,Gujarat,Design,10
2021,Gujarat,Dating Matrimonial,1
2021,Gujarat,Education,66
2021,Gujarat,Renewable Energy,96
2021,Gujarat,Technology Hardware,57
2021,Gujarat,Healthcare & Lifesciences,207
2021,Gujarat,Internet of Things,14
2021,Gujarat,IT Services,183
2021,Gujarat,Human Resources,27
2021,Gujarat,Marketing,25
2021,Gujarat,Nanotechnology,5
2021,Gujarat,Non- Renewable Energy,36
2021,Gujarat,Pets & Animals,2
2021,Gujarat,Media & Entertainment,21
2021,Gujarat,Retail,32
2021,Gujarat,House-Hold Services,10
2021,Gujarat,Professional & Commercial Services,130
2021,Gujarat,Sports,3
2021,Gujarat,Social Impact,7
2021,Gujarat,Social Network,6
2021,Gujarat,Textiles & Apparel,24
2021,Gujarat,Indic Language Startups,12
2021,Gujarat,Transportation & Storage,21
2021,Gujarat,Logistics,9
2021,Gujarat,Travel & Tourism,20
2021,Gujarat,Security Solutions,17
2021,Gujarat,Real Estate,4
2021,Gujarat,Other Specialty Retailers,11
2021,Gujarat,Safety,4
2021,Gujarat,Robotics,9
2021,Gujarat,Passenger Experience,1
2021,Gujarat,Biotechnology,8
2021,Gujarat,Waste Management,18
2021,Gujarat,Others,89
2021,Gujarat,Toys and Games,12
2021,Himachal Pradesh,Architecture Interior Design,1
2021,Himachal Pradesh,Chemicals,1
2021,Himachal Pradesh,Computer Vision,1
2021,Himachal Pradesh,Construction,4
2021,Himachal Pradesh,Agriculture,4
2021,Himachal Pradesh,Aeronautics Aerospace & Defence,1
2021,Himachal Pradesh,AI,2
2021,Himachal Pradesh,Green Technology,1
2021,Himachal Pradesh,Events,1
2021,Himachal Pradesh,Fashion,2
2021,Himachal Pradesh,Finance Technology,1
2021,Himachal Pradesh,Food & Beverages,3
2021,Himachal Pradesh,Design,1
2021,Himachal Pradesh,Education,3
2021,Himachal Pradesh,Renewable Energy,4
2021,Himachal Pradesh,Healthcare & Lifesciences,3
2021,Himachal Pradesh,Internet of Things,1
2021,Himachal Pradesh,IT Services,4
2021,Himachal Pradesh,Non- Renewable Energy,2
2021,Himachal Pradesh,Retail,1
2021,Himachal Pradesh,Professional & Commercial Services,2
2021,Himachal Pradesh,Textiles & Apparel,2
2021,Himachal Pradesh,Transportation & Storage,1
2021,Himachal Pradesh,Logistics,2
2021,Himachal Pradesh,Travel & Tourism,3
2021,Himachal Pradesh,Waste Management,1
2021,Himachal Pradesh,Others,3
2021,Himachal Pradesh,Toys and Games,1
2021,Haryana,Analytics,5
2021,Haryana,Advertising,8
2021,Haryana,Architecture Interior Design,5
2021,Haryana,AR VR (Augmented + Virtual Reality),4
2021,Haryana,Automotive,30
2021,Haryana,Art & Photography,3
2021,Haryana,Chemicals,10
2021,Haryana,Telecommunication & Networking,14
2021,Haryana,Construction,51
2021,Haryana,Agriculture,51
2021,Haryana,Aeronautics Aerospace & Defence,5
2021,Haryana,AI,19
2021,Haryana,Green Technology,17
2021,Haryana,Events,2
2021,Haryana,Fashion,13
2021,Haryana,Finance Technology,40
2021,Haryana,Enterprise Software,9
2021,Haryana,Food & Beverages,65
2021,Haryana,Design,3
2021,Haryana,Dating Matrimonial,2
2021,Haryana,Education,63
2021,Haryana,Renewable Energy,23
2021,Haryana,Technology Hardware,30
2021,Haryana,Healthcare & Lifesciences,106
2021,Haryana,Internet of Things,14
2021,Haryana,IT Services,104
2021,Haryana,Human Resources,32
2021,Haryana,Marketing,17
2021,Haryana,Non- Renewable Energy,30
2021,Haryana,Pets & Animals,2
2021,Haryana,Media & Entertainment,15
2021,Haryana,Retail,26
2021,Haryana,House-Hold Services,7
2021,Haryana,Professional & Commercial Services,65
2021,Haryana,Sports,5
2021,Haryana,Social Impact,1
2021,Haryana,Social Network,8
2021,Haryana,Textiles & Apparel,8
2021,Haryana,Indic Language Startups,3
2021,Haryana,Transportation & Storage,18
2021,Haryana,Logistics,17
2021,Haryana,Travel & Tourism,22
2021,Haryana,Security Solutions,14
2021,Haryana,Airport Operations,1
2021,Haryana,Real Estate,10
2021,Haryana,Other Specialty Retailers,7
2021,Haryana,Safety,2
2021,Haryana,Robotics,3
2021,Haryana,Biotechnology,4
2021,Haryana,Waste Management,10
2021,Haryana,Others,42
2021,Haryana,Toys and Games,5
2021,Jammu and Kashmir,Advertising,1
2021,Jammu and Kashmir,Automotive,4
2021,Jammu and Kashmir,Construction,18
2021,Jammu and Kashmir,Agriculture,11
2021,Jammu and Kashmir,Aeronautics Aerospace & Defence,2
2021,Jammu and Kashmir,AI,1
2021,Jammu and Kashmir,Green Technology,1
2021,Jammu and Kashmir,Finance Technology,1
2021,Jammu and Kashmir,Food & Beverages,5
2021,Jammu and Kashmir,Design,1
2021,Jammu and Kashmir,Education,4
2021,Jammu and Kashmir,Renewable Energy,6
2021,Jammu and Kashmir,Healthcare & Lifesciences,10
2021,Jammu and Kashmir,Internet of Things,1
2021,Jammu and Kashmir,IT Services,8
2021,Jammu and Kashmir,Human Resources,3
2021,Jammu and Kashmir,Non- Renewable Energy,31
2021,Jammu and Kashmir,Pets & Animals,1
2021,Jammu and Kashmir,Retail,3
2021,Jammu and Kashmir,Professional & Commercial Services,5
2021,Jammu and Kashmir,Social Impact,1
2021,Jammu and Kashmir,Textiles & Apparel,1
2021,Jammu and Kashmir,Transportation & Storage,1
2021,Jammu and Kashmir,Travel & Tourism,4
2021,Jammu and Kashmir,Security Solutions,3
2021,Jammu and Kashmir,Real Estate,1
2021,Jammu and Kashmir,Robotics,1
2021,Jammu and Kashmir,Waste Management,1
2021,Jammu and Kashmir,Others,1
2021,Jharkhand,AR VR (Augmented + Virtual Reality),2
2021,Jharkhand,Automotive,4
2021,Jharkhand,Chemicals,2
2021,Jharkhand,Telecommunication & Networking,2
2021,Jharkhand,Construction,15
2021,Jharkhand,Agriculture,18
2021,Jharkhand,Aeronautics Aerospace & Defence,1
2021,Jharkhand,Green Technology,5
2021,Jharkhand,Fashion,1
2021,Jharkhand,Finance Technology,2
2021,Jharkhand,Enterprise Software,1
2021,Jharkhand,Food & Beverages,10
2021,Jharkhand,Design,1
2021,Jharkhand,Education,8
2021,Jharkhand,Renewable Energy,5
2021,Jharkhand,Technology Hardware,3
2021,Jharkhand,Healthcare & Lifesciences,10
2021,Jharkhand,Internet of Things,2
2021,Jharkhand,IT Services,19
2021,Jharkhand,Human Resources,5
2021,Jharkhand,Marketing,1
2021,Jharkhand,Non- Renewable Energy,18
2021,Jharkhand,Media & Entertainment,2
2021,Jharkhand,Retail,6
2021,Jharkhand,House-Hold Services,4
2021,Jharkhand,Professional & Commercial Services,12
2021,Jharkhand,Social Impact,1
2021,Jharkhand,Textiles & Apparel,3
2021,Jharkhand,Indic Language Startups,2
2021,Jharkhand,Transportation & Storage,1
2021,Jharkhand,Logistics,3
2021,Jharkhand,Security Solutions,3
2021,Jharkhand,Other Specialty Retailers,2
2021,Jharkhand,Safety,1
2021,Jharkhand,Waste Management,2
2021,Jharkhand,Others,12
2021,Jharkhand,Toys and Games,2
2021,Bihar,Analytics,1
2021,Bihar,Advertising,1
2021,Bihar,Architecture Interior Design,2
2021,Bihar,Automotive,4
2021,Bihar,Chemicals,2
2021,Bihar,Computer Vision,1
2021,Bihar,Telecommunication & Networking,1
2021,Bihar,Construction,48
2021,Bihar,Agriculture,37
2021,Bihar,Aeronautics Aerospace & Defence,1
2021,Bihar,AI,4
2021,Bihar,Green Technology,1
2021,Bihar,Events,1
2021,Bihar,Fashion,3
2021,Bihar,Finance Technology,5
2021,Bihar,Enterprise Software,3
2021,Bihar,Food & Beverages,27
2021,Bihar,Design,1
2021,Bihar,Education,23
2021,Bihar,Renewable Energy,10
2021,Bihar,Technology Hardware,9
2021,Bihar,Healthcare & Lifesciences,27
2021,Bihar,Internet of Things,2
2021,Bihar,IT Services,33
2021,Bihar,Human Resources,6
2021,Bihar,Marketing,5
2021,Bihar,Non- Renewable Energy,25
2021,Bihar,Media & Entertainment,4
2021,Bihar,Retail,11
2021,Bihar,House-Hold Services,3
2021,Bihar,Professional & Commercial Services,27
2021,Bihar,Sports,1
2021,Bihar,Social Impact,5
2021,Bihar,Social Network,2
2021,Bihar,Textiles & Apparel,5
2021,Bihar,Indic Language Startups,2
2021,Bihar,Transportation & Storage,3
2021,Bihar,Logistics,3
2021,Bihar,Travel & Tourism,4
2021,Bihar,Security Solutions,11
2021,Bihar,Real Estate,1
2021,Bihar,Other Specialty Retailers,4
2021,Bihar,Safety,2
2021,Bihar,Waste Management,3
2021,Bihar,Others,15
2021,Bihar,Toys and Games,1
2021,Kerala,Analytics,6
2021,Kerala,Advertising,6
2021,Kerala,Architecture Interior Design,9
2021,Kerala,AR VR (Augmented + Virtual Reality),8
2021,Kerala,Automotive,19
2021,Kerala,Art & Photography,3
2021,Kerala,Animation,3
2021,Kerala,Chemicals,2
2021,Kerala,Computer Vision,1
2021,Kerala,Telecommunication & Networking,7
2021,Kerala,Construction,30
2021,Kerala,Agriculture,32
2021,Kerala,Aeronautics Aerospace & Defence,7
2021,Kerala,AI,23
2021,Kerala,Green Technology,7
2021,Kerala,Events,2
2021,Kerala,Fashion,6
2021,Kerala,Finance Technology,15
2021,Kerala,Enterprise Software,20
2021,Kerala,Food & Beverages,36
2021,Kerala,Design,6
2021,Kerala,Education,89
2021,Kerala,Renewable Energy,11
2021,Kerala,Technology Hardware,30
2021,Kerala,Healthcare & Lifesciences,81
2021,Kerala,Internet of Things,11
2021,Kerala,IT Services,171
2021,Kerala,Human Resources,13
2021,Kerala,Marketing,23
2021,Kerala,Non- Renewable Energy,27
2021,Kerala,Pets & Animals,1
2021,Kerala,Media & Entertainment,18
2021,Kerala,Retail,25
2021,Kerala,House-Hold Services,6
2021,Kerala,Professional & Commercial Services,39
2021,Kerala,Sports,3
2021,Kerala,Social Impact,10
2021,Kerala,Social Network,6
2021,Kerala,Textiles & Apparel,7
2021,Kerala,Transportation & Storage,5
2021,Kerala,Logistics,4
2021,Kerala,Travel & Tourism,9
2021,Kerala,Security Solutions,2
2021,Kerala,Airport Operations,1
2021,Kerala,Real Estate,4
2021,Kerala,Other Specialty Retailers,3
2021,Kerala,Safety,1
2021,Kerala,Robotics,6
2021,Kerala,Biotechnology,7
2021,Kerala,Waste Management,14
2021,Kerala,Others,44
2021,Kerala,Toys and Games,4
2021,Karnataka,Analytics,18
2021,Karnataka,Advertising,8
2021,Karnataka,Architecture Interior Design,20
2021,Karnataka,AR VR (Augmented + Virtual Reality),11
2021,Karnataka,Automotive,59
2021,Karnataka,Art & Photography,4
2021,Karnataka,Animation,1
2021,Karnataka,Chemicals,13
2021,Karnataka,Computer Vision,10
2021,Karnataka,Telecommunication & Networking,18
2021,Karnataka,Construction,49
2021,Karnataka,Agriculture,89
2021,Karnataka,Aeronautics Aerospace & Defence,35
2021,Karnataka,AI,81
2021,Karnataka,Green Technology,40
2021,Karnataka,Events,16
2021,Karnataka,Fashion,25
2021,Karnataka,Finance Technology,72
2021,Karnataka,Enterprise Software,60
2021,Karnataka,Food & Beverages,100
2021,Karnataka,Design,16
2021,Karnataka,Education,163
2021,Karnataka,Renewable Energy,33
2021,Karnataka,Technology Hardware,57
2021,Karnataka,Healthcare & Lifesciences,221
2021,Karnataka,Internet of Things,53
2021,Karnataka,IT Services,268
2021,Karnataka,Human Resources,38
2021,Karnataka,Marketing,22
2021,Karnataka,Nanotechnology,6
2021,Karnataka,Non- Renewable Energy,53
2021,Karnataka,Pets & Animals,7
2021,Karnataka,Media & Entertainment,26
2021,Karnataka,Retail,32
2021,Karnataka,House-Hold Services,7
2021,Karnataka,Professional & Commercial Services,99
2021,Karnataka,Sports,12
2021,Karnataka,Social Impact,18
2021,Karnataka,Social Network,13
2021,Karnataka,Textiles & Apparel,21
2021,Karnataka,Indic Language Startups,11
2021,Karnataka,Transportation & Storage,18
2021,Karnataka,Logistics,19
2021,Karnataka,Travel & Tourism,34
2021,Karnataka,Security Solutions,17
2021,Karnataka,Airport Operations,1
2021,Karnataka,Real Estate,20
2021,Karnataka,Other Specialty Retailers,9
2021,Karnataka,Safety,2
2021,Karnataka,Robotics,7
2021,Karnataka,Passenger Experience,1
2021,Karnataka,Biotechnology,22
2021,Karnataka,Waste Management,22
2021,Karnataka,Others,69
2021,Karnataka,Toys and Games,11
2021,Chhattisgarh,Analytics,1
2021,Chhattisgarh,Advertising,1
2021,Chhattisgarh,AR VR (Augmented + Virtual Reality),1
2021,Chhattisgarh,Automotive,8
2021,Chhattisgarh,Chemicals,2
2021,Chhattisgarh,Telecommunication & Networking,2
2021,Chhattisgarh,Construction,4
2021,Chhattisgarh,Agriculture,20
2021,Chhattisgarh,Aeronautics Aerospace & Defence,3
2021,Chhattisgarh,AI,1
2021,Chhattisgarh,Green Technology,3
2021,Chhattisgarh,Events,1
2021,Chhattisgarh,Fashion,1
2021,Chhattisgarh,Finance Technology,6
2021,Chhattisgarh,Food & Beverages,10
2021,Chhattisgarh,Education,12
2021,Chhattisgarh,Renewable Energy,6
2021,Chhattisgarh,Technology Hardware,4
2021,Chhattisgarh,Healthcare & Lifesciences,12
2021,Chhattisgarh,Internet of Things,5
2021,Chhattisgarh,IT Services,16
2021,Chhattisgarh,Human Resources,1
2021,Chhattisgarh,Marketing,5
2021,Chhattisgarh,Non- Renewable Energy,4
2021,Chhattisgarh,Media & Entertainment,2
2021,Chhattisgarh,Retail,3
2021,Chhattisgarh,House-Hold Services,1
2021,Chhattisgarh,Professional & Commercial Services,12
2021,Chhattisgarh,Social Network,1
2021,Chhattisgarh,Textiles & Apparel,2
2021,Chhattisgarh,Transportation & Storage,1
2021,Chhattisgarh,Logistics,4
2021,Chhattisgarh,Security Solutions,2
2021,Chhattisgarh,Airport Operations,1
2021,Chhattisgarh,Real Estate,2
2021,Chhattisgarh,Other Specialty Retailers,1
2021,Chhattisgarh,Safety,1
2021,Chhattisgarh,Others,6
2021,Andhra Pradesh,Analytics,1
2021,Andhra Pradesh,AR VR (Augmented + Virtual Reality),1
2021,Andhra Pradesh,Automotive,10
2021,Andhra Pradesh,Animation,1
2021,Andhra Pradesh,Chemicals,1
2021,Andhra Pradesh,Computer Vision,1
2021,Andhra Pradesh,Telecommunication & Networking,4
2021,Andhra Pradesh,Construction,7
2021,Andhra Pradesh,Agriculture,27
2021,Andhra Pradesh,Aeronautics Aerospace & Defence,4
2021,Andhra Pradesh,AI,5
2021,Andhra Pradesh,Green Technology,5
2021,Andhra Pradesh,Events,3
2021,Andhra Pradesh,Finance Technology,5
2021,Andhra Pradesh,Enterprise Software,4
2021,Andhra Pradesh,Food & Beverages,16
2021,Andhra Pradesh,Design,4
2021,Andhra Pradesh,Education,23
2021,Andhra Pradesh,Renewable Energy,7
2021,Andhra Pradesh,Technology Hardware,10
2021,Andhra Pradesh,Healthcare & Lifesciences,22
2021,Andhra Pradesh,Internet of Things,3
2021,Andhra Pradesh,IT Services,43
2021,Andhra Pradesh,Human Resources,2
2021,Andhra Pradesh,Marketing,5
2021,Andhra Pradesh,Nanotechnology,1
2021,Andhra Pradesh,Non- Renewable Energy,24
2021,Andhra Pradesh,Media & Entertainment,1
2021,Andhra Pradesh,Retail,8
2021,Andhra Pradesh,Professional & Commercial Services,12
2021,Andhra Pradesh,Social Impact,2
2021,Andhra Pradesh,Textiles & Apparel,2
2021,Andhra Pradesh,Transportation & Storage,3
2021,Andhra Pradesh,Logistics,4
2021,Andhra Pradesh,Travel & Tourism,2
2021,Andhra Pradesh,Security Solutions,1
2021,Andhra Pradesh,Other Specialty Retailers,2
2021,Andhra Pradesh,Safety,1
2021,Andhra Pradesh,Robotics,3
2021,Andhra Pradesh,Biotechnology,7
2021,Andhra Pradesh,Waste Management,1
2021,Andhra Pradesh,Others,10
2021,Andhra Pradesh,Toys and Games,1
2021,Arunachal Pradesh,Agriculture,1
2021,Arunachal Pradesh,Renewable Energy,1
2021,Arunachal Pradesh,Marketing,1
2021,Arunachal Pradesh,Non- Renewable Energy,1
2021,Arunachal Pradesh,Travel & Tourism,1
2021,Andaman and Nicobar Islands,Construction,1
2021,Andaman and Nicobar Islands,Agriculture,1
2021,Andaman and Nicobar Islands,Education,1
2021,Andaman and Nicobar Islands,IT Services,2
2021,Andaman and Nicobar Islands,Marketing,1
2021,Andaman and Nicobar Islands,Non- Renewable Energy,5
2021,Andaman and Nicobar Islands,Transportation & Storage,1
2021,Andaman and Nicobar Islands,Logistics,1
2021,Manipur,Construction,4
2021,Manipur,AI,1
2021,Manipur,Food & Beverages,3
2021,Manipur,Education,2
2021,Manipur,Renewable Energy,2
2021,Manipur,Healthcare & Lifesciences,3
2021,Manipur,IT Services,1
2021,Manipur,Non- Renewable Energy,7
2021,Manipur,Professional & Commercial Services,1
2021,Manipur,Transportation & Storage,9
2021,Manipur,Logistics,1
2021,Manipur,Travel & Tourism,3
2021,Mizoram,Agriculture,1
2021,Mizoram,Textiles & Apparel,1
2021,Rajasthan,Analytics,2
2021,Rajasthan,Advertising,3
2021,Rajasthan,AR VR (Augmented + Virtual Reality),6
2021,Rajasthan,Automotive,7
2021,Rajasthan,Art & Photography,1
2021,Rajasthan,Chemicals,5
2021,Rajasthan,Computer Vision,4
2021,Rajasthan,Telecommunication & Networking,8
2021,Rajasthan,Construction,31
2021,Rajasthan,Agriculture,40
2021,Rajasthan,Aeronautics Aerospace & Defence,3
2021,Rajasthan,AI,5
2021,Rajasthan,Green Technology,7
2021,Rajasthan,Events,2
2021,Rajasthan,Fashion,6
2021,Rajasthan,Finance Technology,26
2021,Rajasthan,Enterprise Software,10
2021,Rajasthan,Food & Beverages,30
2021,Rajasthan,Dating Matrimonial,1
2021,Rajasthan,Education,38
2021,Rajasthan,Renewable Energy,25
2021,Rajasthan,Technology Hardware,12
2021,Rajasthan,Healthcare & Lifesciences,46
2021,Rajasthan,Internet of Things,4
2021,Rajasthan,IT Services,60
2021,Rajasthan,Human Resources,11
2021,Rajasthan,Marketing,7
2021,Rajasthan,Nanotechnology,2
2021,Rajasthan,Non- Renewable Energy,31
2021,Rajasthan,Pets & Animals,3
2021,Rajasthan,Media & Entertainment,8
2021,Rajasthan,Retail,15
2021,Rajasthan,House-Hold Services,2
2021,Rajasthan,Professional & Commercial Services,43
2021,Rajasthan,Sports,2
2021,Rajasthan,Social Impact,4
2021,Rajasthan,Social Network,2
2021,Rajasthan,Textiles & Apparel,16
2021,Rajasthan,Indic Language Startups,4
2021,Rajasthan,Transportation & Storage,5
2021,Rajasthan,Logistics,5
2021,Rajasthan,Travel & Tourism,12
2021,Rajasthan,Security Solutions,6
2021,Rajasthan,Real Estate,7
2021,Rajasthan,Other Specialty Retailers,8
2021,Rajasthan,Robotics,3
2021,Rajasthan,Waste Management,8
2021,Rajasthan,Others,35
2021,Rajasthan,Toys and Games,1
2021,Sikkim,Construction,1
2021,Sikkim,Education,1
2021,Sikkim,Non- Renewable Energy,1
2021,Sikkim,Others,1
2021,Tamil Nadu,Analytics,11
2021,Tamil Nadu,Advertising,7
2021,Tamil Nadu,Architecture Interior Design,4
2021,Tamil Nadu,AR VR (Augmented + Virtual Reality),9
2021,Tamil Nadu,Automotive,34
2021,Tamil Nadu,Art & Photography,3
2021,Tamil Nadu,Chemicals,9
2021,Tamil Nadu,Computer Vision,3
2021,Tamil Nadu,Telecommunication & Networking,7
2021,Tamil Nadu,Construction,40
2021,Tamil Nadu,Agriculture,67
2021,Tamil Nadu,Aeronautics Aerospace & Defence,23
2021,Tamil Nadu,AI,18
2021,Tamil Nadu,Green Technology,24
2021,Tamil Nadu,Events,1
2021,Tamil Nadu,Fashion,11
2021,Tamil Nadu,Finance Technology,29
2021,Tamil Nadu,Enterprise Software,28
2021,Tamil Nadu,Food & Beverages,57
2021,Tamil Nadu,Design,8
2021,Tamil Nadu,Dating Matrimonial,1
2021,Tamil Nadu,Education,74
2021,Tamil Nadu,Renewable Energy,29
2021,Tamil Nadu,Technology Hardware,47
2021,Tamil Nadu,Healthcare & Lifesciences,97
2021,Tamil Nadu,Internet of Things,15
2021,Tamil Nadu,IT Services,130
2021,Tamil Nadu,Human Resources,10
2021,Tamil Nadu,Marketing,18
2021,Tamil Nadu,Non- Renewable Energy,40
2021,Tamil Nadu,Media & Entertainment,11
2021,Tamil Nadu,Retail,16
2021,Tamil Nadu,House-Hold Services,2
2021,Tamil Nadu,Professional & Commercial Services,44
2021,Tamil Nadu,Sports,6
2021,Tamil Nadu,Social Impact,5
2021,Tamil Nadu,Social Network,4
2021,Tamil Nadu,Textiles & Apparel,15
2021,Tamil Nadu,Indic Language Startups,2
2021,Tamil Nadu,Transportation & Storage,19
2021,Tamil Nadu,Logistics,12
2021,Tamil Nadu,Travel & Tourism,10
2021,Tamil Nadu,Security Solutions,11
2021,Tamil Nadu,Real Estate,3
2021,Tamil Nadu,Other Specialty Retailers,3
2021,Tamil Nadu,Safety,1
2021,Tamil Nadu,Robotics,9
2021,Tamil Nadu,Passenger Experience,1
2021,Tamil Nadu,Biotechnology,14
2021,Tamil Nadu,Waste Management,8
2021,Tamil Nadu,Others,54
2021,Tamil Nadu,Toys and Games,3
2021,Madhya Pradesh,Analytics,6
2021,Madhya Pradesh,Advertising,7
2021,Madhya Pradesh,Architecture Interior Design,1
2021,Madhya Pradesh,AR VR (Augmented + Virtual Reality),2
2021,Madhya Pradesh,Automotive,10
2021,Madhya Pradesh,Art & Photography,3
2021,Madhya Pradesh,Chemicals,4
2021,Madhya Pradesh,Computer Vision,3
2021,Madhya Pradesh,Telecommunication & Networking,4
2021,Madhya Pradesh,Construction,39
2021,Madhya Pradesh,Agriculture,44
2021,Madhya Pradesh,Aeronautics Aerospace & Defence,5
2021,Madhya Pradesh,AI,6
2021,Madhya Pradesh,Green Technology,7
2021,Madhya Pradesh,Events,2
2021,Madhya Pradesh,Fashion,3
2021,Madhya Pradesh,Finance Technology,12
2021,Madhya Pradesh,Enterprise Software,5
2021,Madhya Pradesh,Food & Beverages,25
2021,Madhya Pradesh,Design,8
2021,Madhya Pradesh,Education,34
2021,Madhya Pradesh,Renewable Energy,9
2021,Madhya Pradesh,Technology Hardware,13
2021,Madhya Pradesh,Healthcare & Lifesciences,37
2021,Madhya Pradesh,Internet of Things,3
2021,Madhya Pradesh,IT Services,46
2021,Madhya Pradesh,Human Resources,19
2021,Madhya Pradesh,Marketing,13
2021,Madhya Pradesh,Non- Renewable Energy,34
2021,Madhya Pradesh,Pets & Animals,2
2021,Madhya Pradesh,Media & Entertainment,5
2021,Madhya Pradesh,Retail,15
2021,Madhya Pradesh,House-Hold Services,3
2021,Madhya Pradesh,Professional & Commercial Services,45
2021,Madhya Pradesh,Sports,2
2021,Madhya Pradesh,Social Impact,5
2021,Madhya Pradesh,Textiles & Apparel,8
2021,Madhya Pradesh,Transportation & Storage,7
2021,Madhya Pradesh,Logistics,3
2021,Madhya Pradesh,Travel & Tourism,5
2021,Madhya Pradesh,Security Solutions,16
2021,Madhya Pradesh,Real Estate,3
2021,Madhya Pradesh,Other Specialty Retailers,4
2021,Madhya Pradesh,Safety,4
2021,Madhya Pradesh,Robotics,2
2021,Madhya Pradesh,Waste Management,6
2021,Madhya Pradesh,Others,23
2021,Tripura,Construction,1
2021,Tripura,Agriculture,1
2021,Tripura,Food & Beverages,1
2021,Tripura,Education,2
2021,Tripura,Healthcare & Lifesciences,1
2021,Tripura,IT Services,1
2021,Tripura,Human Resources,1
2021,Tripura,Non- Renewable Energy,2
2021,Tripura,Professional & Commercial Services,1
2021,Tripura,Social Impact,1
2021,Nagaland,Agriculture,1
2021,Nagaland,Green Technology,1
2021,Nagaland,Food & Beverages,1
2021,Nagaland,Education,1
2021,Nagaland,Non- Renewable Energy,1
2021,Nagaland,Retail,1
2021,Telangana,Analytics,17
2021,Telangana,Advertising,9
2021,Telangana,Architecture Interior Design,4
2021,Telangana,AR VR (Augmented + Virtual Reality),7
2021,Telangana,Automotive,21
2021,Telangana,Art & Photography,1
2021,Telangana,Chemicals,13
2021,Telangana,Computer Vision,4
2021,Telangana,Telecommunication & Networking,6
2021,Telangana,Construction,29
2021,Telangana,Agriculture,48
2021,Telangana,Aeronautics Aerospace & Defence,21
2021,Telangana,AI,27
2021,Telangana,Green Technology,18
2021,Telangana,Events,1
2021,Telangana,Fashion,12
2021,Telangana,Finance Technology,32
2021,Telangana,Enterprise Software,15
2021,Telangana,Food & Beverages,48
2021,Telangana,Design,4
2021,Telangana,Education,61
2021,Telangana,Renewable Energy,17
2021,Telangana,Technology Hardware,31
2021,Telangana,Healthcare & Lifesciences,109
2021,Telangana,Internet of Things,20
2021,Telangana,IT Services,124
2021,Telangana,Human Resources,19
2021,Telangana,Marketing,18
2021,Telangana,Nanotechnology,1
2021,Telangana,Non- Renewable Energy,31
2021,Telangana,Pets & Animals,6
2021,Telangana,Media & Entertainment,11
2021,Telangana,Retail,17
2021,Telangana,House-Hold Services,2
2021,Telangana,Professional & Commercial Services,33
2021,Telangana,Sports,5
2021,Telangana,Social Impact,14
2021,Telangana,Social Network,16
2021,Telangana,Textiles & Apparel,7
2021,Telangana,Indic Language Startups,4
2021,Telangana,Transportation & Storage,10
2021,Telangana,Logistics,8
2021,Telangana,Travel & Tourism,4
2021,Telangana,Security Solutions,7
2021,Telangana,Airport Operations,1
2021,Telangana,Real Estate,4
2021,Telangana,Other Specialty Retailers,3
2021,Telangana,Safety,4
2021,Telangana,Robotics,9
2021,Telangana,Biotechnology,7
2021,Telangana,Waste Management,11
2021,Telangana,Others,37
2021,Telangana,Toys and Games,5
2021,Uttarakhand,Analytics,1
2021,Uttarakhand,Architecture Interior Design,1
2021,Uttarakhand,AR VR (Augmented + Virtual Reality),1
2021,Uttarakhand,Automotive,3
2021,Uttarakhand,Chemicals,1
2021,Uttarakhand,Computer Vision,1
2021,Uttarakhand,Construction,6
2021,Uttarakhand,Agriculture,17
2021,Uttarakhand,Aeronautics Aerospace & Defence,3
2021,Uttarakhand,Events,1
2021,Uttarakhand,Finance Technology,4
2021,Uttarakhand,Enterprise Software,1
2021,Uttarakhand,Food & Beverages,11
2021,Uttarakhand,Education,10
2021,Uttarakhand,Renewable Energy,3
2021,Uttarakhand,Technology Hardware,3
2021,Uttarakhand,Healthcare & Lifesciences,20
2021,Uttarakhand,Internet of Things,1
2021,Uttarakhand,IT Services,10
2021,Uttarakhand,Human Resources,2
2021,Uttarakhand,Marketing,4
2021,Uttarakhand,Non- Renewable Energy,9
2021,Uttarakhand,Media & Entertainment,2
2021,Uttarakhand,Retail,1
2021,Uttarakhand,Professional & Commercial Services,12
2021,Uttarakhand,Social Impact,1
2021,Uttarakhand,Social Network,2
2021,Uttarakhand,Textiles & Apparel,1
2021,Uttarakhand,Transportation & Storage,2
2021,Uttarakhand,Logistics,1
2021,Uttarakhand,Travel & Tourism,5
2021,Uttarakhand,Security Solutions,1
2021,Uttarakhand,Robotics,1
2021,Uttarakhand,Biotechnology,3
2021,Uttarakhand,Waste Management,3
2021,Uttarakhand,Others,13
2021,Uttarakhand,Toys and Games,1
2021,West Bengal,Analytics,2
2021,West Bengal,Advertising,2
2021,West Bengal,Architecture Interior Design,4
2021,West Bengal,AR VR (Augmented + Virtual Reality),1
2021,West Bengal,Automotive,9
2021,West Bengal,Art & Photography,2
2021,West Bengal,Animation,1
2021,West Bengal,Chemicals,10
2021,West Bengal,Computer Vision,1
2021,West Bengal,Telecommunication & Networking,6
2021,West Bengal,Construction,30
2021,West Bengal,Agriculture,40
2021,West Bengal,Aeronautics Aerospace & Defence,5
2021,West Bengal,AI,5
2021,West Bengal,Green Technology,12
2021,West Bengal,Fashion,9
2021,West Bengal,Finance Technology,23
2021,West Bengal,Enterprise Software,9
2021,West Bengal,Food & Beverages,44
2021,West Bengal,Design,4
2021,West Bengal,Dating Matrimonial,1
2021,West Bengal,Education,49
2021,West Bengal,Renewable Energy,13
2021,West Bengal,Technology Hardware,18
2021,West Bengal,Healthcare & Lifesciences,60
2021,West Bengal,Internet of Things,6
2021,West Bengal,IT Services,68
2021,West Bengal,Human Resources,6
2021,West Bengal,Marketing,10
2021,West Bengal,Nanotechnology,1
2021,West Bengal,Non- Renewable Energy,33
2021,West Bengal,Pets & Animals,6
2021,West Bengal,Media & Entertainment,9
2021,West Bengal,Retail,17
2021,West Bengal,House-Hold Services,4
2021,West Bengal,Professional & Commercial Services,45
2021,West Bengal,Sports,1
2021,West Bengal,Social Impact,9
2021,West Bengal,Social Network,5
2021,West Bengal,Textiles & Apparel,18
2021,West Bengal,Indic Language Startups,1
2021,West Bengal,Transportation & Storage,5
2021,West Bengal,Logistics,7
2021,West Bengal,Travel & Tourism,8
2021,West Bengal,Security Solutions,7
2021,West Bengal,Real Estate,7
2021,West Bengal,Other Specialty Retailers,6
2021,West Bengal,Safety,3
2021,West Bengal,Robotics,2
2021,West Bengal,Biotechnology,2
2021,West Bengal,Waste Management,5
2021,West Bengal,Others,37
2021,West Bengal,Toys and Games,3
2021,Uttar Pradesh,Analytics,16
2021,Uttar Pradesh,Advertising,13
2021,Uttar Pradesh,Architecture Interior Design,7
2021,Uttar Pradesh,AR VR (Augmented + Virtual Reality),6
2021,Uttar Pradesh,Automotive,28
2021,Uttar Pradesh,Art & Photography,10
2021,Uttar Pradesh,Chemicals,13
2021,Uttar Pradesh,Computer Vision,2
2021,Uttar Pradesh,Telecommunication & Networking,22
2021,Uttar Pradesh,Construction,112
2021,Uttar Pradesh,Agriculture,96
2021,Uttar Pradesh,Aeronautics Aerospace & Defence,22
2021,Uttar Pradesh,AI,18
2021,Uttar Pradesh,Green Technology,23
2021,Uttar Pradesh,Events,8
2021,Uttar Pradesh,Fashion,34
2021,Uttar Pradesh,Finance Technology,42
2021,Uttar Pradesh,Enterprise Software,17
2021,Uttar Pradesh,Food & Beverages,90
2021,Uttar Pradesh,Design,6
2021,Uttar Pradesh,Dating Matrimonial,2
2021,Uttar Pradesh,Education,129
2021,Uttar Pradesh,Renewable Energy,57
2021,Uttar Pradesh,Technology Hardware,53
2021,Uttar Pradesh,Healthcare & Lifesciences,177
2021,Uttar Pradesh,Internet of Things,20
2021,Uttar Pradesh,IT Services,253
2021,Uttar Pradesh,Human Resources,51
2021,Uttar Pradesh,Marketing,31
2021,Uttar Pradesh,Nanotechnology,1
2021,Uttar Pradesh,Non- Renewable Energy,65
2021,Uttar Pradesh,Pets & Animals,2
2021,Uttar Pradesh,Media & Entertainment,27
2021,Uttar Pradesh,Retail,35
2021,Uttar Pradesh,House-Hold Services,10
2021,Uttar Pradesh,Professional & Commercial Services,120
2021,Uttar Pradesh,Sports,7
2021,Uttar Pradesh,Social Impact,14
2021,Uttar Pradesh,Social Network,9
2021,Uttar Pradesh,Textiles & Apparel,51
2021,Uttar Pradesh,Indic Language Startups,1
2021,Uttar Pradesh,Transportation & Storage,24
2021,Uttar Pradesh,Logistics,11
2021,Uttar Pradesh,Travel & Tourism,19
2021,Uttar Pradesh,Security Solutions,25
2021,Uttar Pradesh,Real Estate,13
2021,Uttar Pradesh,Other Specialty Retailers,13
2021,Uttar Pradesh,Safety,6
2021,Uttar Pradesh,Robotics,7
2021,Uttar Pradesh,Biotechnology,1
2021,Uttar Pradesh,Waste Management,19
2021,Uttar Pradesh,Others,136
2021,Uttar Pradesh,Toys and Games,7
2021,Ladakh,Agriculture,1
2021,Maharashtra,Analytics,33
2021,Maharashtra,Advertising,17
2021,Maharashtra,Architecture Interior Design,20
2021,Maharashtra,AR VR (Augmented + Virtual Reality),15
2021,Maharashtra,Automotive,87
2021,Maharashtra,Art & Photography,4
2021,Maharashtra,Animation,5
2021,Maharashtra,Chemicals,60
2021,Maharashtra,Computer Vision,6
2021,Maharashtra,Telecommunication & Networking,37
2021,Maharashtra,Construction,145
2021,Maharashtra,Agriculture,209
2021,Maharashtra,Aeronautics Aerospace & Defence,28
2021,Maharashtra,AI,57
2021,Maharashtra,Green Technology,69
2021,Maharashtra,Events,16
2021,Maharashtra,Fashion,46
2021,Maharashtra,Finance Technology,150
2021,Maharashtra,Enterprise Software,51
2021,Maharashtra,Food & Beverages,183
2021,Maharashtra,Design,27
2021,Maharashtra,Dating Matrimonial,5
2021,Maharashtra,Education,244
2021,Maharashtra,Renewable Energy,91
2021,Maharashtra,Technology Hardware,120
2021,Maharashtra,Healthcare & Lifesciences,349
2021,Maharashtra,Internet of Things,30
2021,Maharashtra,IT Services,373
2021,Maharashtra,Human Resources,63
2021,Maharashtra,Marketing,72
2021,Maharashtra,Nanotechnology,6
2021,Maharashtra,Non- Renewable Energy,178
2021,Maharashtra,Pets & Animals,12
2021,Maharashtra,Media & Entertainment,61
2021,Maharashtra,Retail,63
2021,Maharashtra,House-Hold Services,20
2021,Maharashtra,Professional & Commercial Services,197
2021,Maharashtra,Sports,21
2021,Maharashtra,Social Impact,18
2021,Maharashtra,Social Network,25
2021,Maharashtra,Textiles & Apparel,39
2021,Maharashtra,Indic Language Startups,9
2021,Maharashtra,Transportation & Storage,59
2021,Maharashtra,Logistics,30
2021,Maharashtra,Travel & Tourism,30
2021,Maharashtra,Security Solutions,44
2021,Maharashtra,Real Estate,21
2021,Maharashtra,Other Specialty Retailers,19
2021,Maharashtra,Safety,22
2021,Maharashtra,Robotics,15
2021,Maharashtra,Passenger Experience,1
2021,Maharashtra,Biotechnology,13
2021,Maharashtra,Waste Management,39
2021,Maharashtra,Others,170
2021,Maharashtra,Toys and Games,12
2021,Dadra and Nagar Haveli and Daman and Diu,Agriculture,2
2021,Dadra and Nagar Haveli and Daman and Diu,Fashion,1
2021,Dadra and Nagar Haveli and Daman and Diu,Enterprise Software,2
2021,Dadra and Nagar Haveli and Daman and Diu,Food & Beverages,2
2021,Dadra and Nagar Haveli and Daman and Diu,House-Hold Services,1
2021,Dadra and Nagar Haveli and Daman and Diu,Textiles & Apparel,1
2021,Dadra and Nagar Haveli and Daman and Diu,Transportation & Storage,1
2021,Dadra and Nagar Haveli and Daman and Diu,Others,2
2021,Puducherry,Automotive,1
2021,Puducherry,Construction,1
2021,Puducherry,Agriculture,2
2021,Puducherry,Food & Beverages,2
2021,Puducherry,Education,1
2021,Puducherry,Technology Hardware,1
2021,Puducherry,IT Services,3
2021,Puducherry,Human Resources,1
2021,Puducherry,Non- Renewable Energy,1
2021,Puducherry,Retail,1
2021,Puducherry,Professional & Commercial Services,1
2021,Puducherry,Social Network,1
2021,Puducherry,Others,1
2021,Meghalaya,Advertising,1
2021,Meghalaya,Green Technology,1
2021,Meghalaya,Food & Beverages,1
2021,Meghalaya,Education,1
2021,Meghalaya,IT Services,2
2021,Meghalaya,Professional & Commercial Services,1
2021,Meghalaya,Travel & Tourism,1
2021,Meghalaya,Others,1
2021,Odisha,Advertising,4
2021,Odisha,Architecture Interior Design,3
2021,Odisha,AR VR (Augmented + Virtual Reality),2
2021,Odisha,Automotive,7
2021,Odisha,Art & Photography,1
2021,Odisha,Chemicals,2
2021,Odisha,Telecommunication & Networking,2
2021,Odisha,Construction,22
2021,Odisha,Agriculture,31
2021,Odisha,Aeronautics Aerospace & Defence,4
2021,Odisha,AI,3
2021,Odisha,Green Technology,7
2021,Odisha,Events,4
2021,Odisha,Fashion,5
2021,Odisha,Finance Technology,4
2021,Odisha,Enterprise Software,3
2021,Odisha,Food & Beverages,30
2021,Odisha,Education,28
2021,Odisha,Renewable Energy,15
2021,Odisha,Technology Hardware,13
2021,Odisha,Healthcare & Lifesciences,33
2021,Odisha,Internet of Things,7
2021,Odisha,IT Services,34
2021,Odisha,Human Resources,8
2021,Odisha,Marketing,7
2021,Odisha,Nanotechnology,1
2021,Odisha,Non- Renewable Energy,16
2021,Odisha,Pets & Animals,1
2021,Odisha,Media & Entertainment,6
2021,Odisha,Retail,10
2021,Odisha,House-Hold Services,3
2021,Odisha,Professional & Commercial Services,22
2021,Odisha,Social Impact,2
2021,Odisha,Social Network,1
2021,Odisha,Textiles & Apparel,7
2021,Odisha,Indic Language Startups,2
2021,Odisha,Transportation & Storage,5
2021,Odisha,Logistics,6
2021,Odisha,Travel & Tourism,4
2021,Odisha,Security Solutions,3
2021,Odisha,Real Estate,3
2021,Odisha,Other Specialty Retailers,1
2021,Odisha,Safety,4
2021,Odisha,Robotics,1
2021,Odisha,Biotechnology,4
2021,Odisha,Waste Management,4
2021,Odisha,Others,12
2021,Punjab,Advertising,1
2021,Punjab,AR VR (Augmented + Virtual Reality),5
2021,Punjab,Automotive,3
2021,Punjab,Chemicals,3
2021,Punjab,Computer Vision,1
2021,Punjab,Construction,7
2021,Punjab,Agriculture,18
2021,Punjab,Aeronautics Aerospace & Defence,3
2021,Punjab,AI,5
2021,Punjab,Green Technology,2
2021,Punjab,Fashion,3
2021,Punjab,Finance Technology,8
2021,Punjab,Enterprise Software,1
2021,Punjab,Food & Beverages,18
2021,Punjab,Education,16
2021,Punjab,Renewable Energy,6
2021,Punjab,Technology Hardware,5
2021,Punjab,Healthcare & Lifesciences,19
2021,Punjab,Internet of Things,1
2021,Punjab,IT Services,30
2021,Punjab,Human Resources,3
2021,Punjab,Marketing,9
2021,Punjab,Non- Renewable Energy,16
2021,Punjab,Media & Entertainment,7
2021,Punjab,Retail,10
2021,Punjab,House-Hold Services,1
2021,Punjab,Professional & Commercial Services,11
2021,Punjab,Sports,2
2021,Punjab,Social Impact,1
2021,Punjab,Social Network,2
2021,Punjab,Textiles & Apparel,4
2021,Punjab,Indic Language Startups,1
2021,Punjab,Transportation & Storage,1
2021,Punjab,Logistics,1
2021,Punjab,Travel & Tourism,2
2021,Punjab,Security Solutions,4
2021,Punjab,Real Estate,2
2021,Punjab,Other Specialty Retailers,1
2021,Punjab,Robotics,1
2021,Punjab,Biotechnology,1
2021,Punjab,Waste Management,1
2021,Punjab,Others,8
2020,Assam,Analytics,1
2020,Assam,Advertising,1
2020,Assam,Chemicals,2
2020,Assam,Construction,7
2020,Assam,Agriculture,15
2020,Assam,Green Technology,2
2020,Assam,Fashion,2
2020,Assam,Finance Technology,1
2020,Assam,Enterprise Software,1
2020,Assam,Food & Beverages,12
2020,Assam,Design,1
2020,Assam,Education,9
2020,Assam,Renewable Energy,1
2020,Assam,Technology Hardware,2
2020,Assam,Healthcare & Lifesciences,10
2020,Assam,IT Services,12
2020,Assam,Human Resources,2
2020,Assam,Marketing,4
2020,Assam,Non- Renewable Energy,5
2020,Assam,Media & Entertainment,1
2020,Assam,Retail,4
2020,Assam,House-Hold Services,3
2020,Assam,Professional & Commercial Services,5
2020,Assam,Social Impact,1
2020,Assam,Textiles & Apparel,1
2020,Assam,Indic Language Startups,1
2020,Assam,Transportation & Storage,3
2020,Assam,Travel & Tourism,6
2020,Assam,Security Solutions,1
2020,Assam,Real Estate,1
2020,Assam,Other Specialty Retailers,2
2020,Chandigarh,Advertising,1
2020,Chandigarh,Architecture Interior Design,1
2020,Chandigarh,Automotive,2
2020,Chandigarh,Chemicals,1
2020,Chandigarh,Construction,2
2020,Chandigarh,Agriculture,2
2020,Chandigarh,Aeronautics Aerospace & Defence,1
2020,Chandigarh,AI,1
2020,Chandigarh,Enterprise Software,1
2020,Chandigarh,Food & Beverages,1
2020,Chandigarh,Education,3
2020,Chandigarh,Technology Hardware,2
2020,Chandigarh,Healthcare & Lifesciences,5
2020,Chandigarh,IT Services,8
2020,Chandigarh,Human Resources,1
2020,Chandigarh,Marketing,2
2020,Chandigarh,Non- Renewable Energy,2
2020,Chandigarh,Retail,1
2020,Chandigarh,House-Hold Services,1
2020,Chandigarh,Professional & Commercial Services,7
2020,Chandigarh,Social Impact,1
2020,Chandigarh,Transportation & Storage,2
2020,Chandigarh,Travel & Tourism,1
2020,Chandigarh,Security Solutions,1
2020,Chandigarh,Real Estate,2
2020,Chandigarh,Other Specialty Retailers,1
2020,Chandigarh,Robotics,1
2020,Goa,Automotive,1
2020,Goa,Art & Photography,1
2020,Goa,Construction,1
2020,Goa,Agriculture,2
2020,Goa,AI,4
2020,Goa,Events,2
2020,Goa,Fashion,1
2020,Goa,Enterprise Software,2
2020,Goa,Food & Beverages,1
2020,Goa,Education,2
2020,Goa,Technology Hardware,2
2020,Goa,Healthcare & Lifesciences,4
2020,Goa,Internet of Things,2
2020,Goa,IT Services,8
2020,Goa,Marketing,3
2020,Goa,Non- Renewable Energy,3
2020,Goa,Media & Entertainment,4
2020,Goa,Retail,4
2020,Goa,Professional & Commercial Services,10
2020,Goa,Sports,1
2020,Goa,Textiles & Apparel,1
2020,Goa,Transportation & Storage,2
2020,Goa,Travel & Tourism,1
2020,Goa,Real Estate,3
2020,Goa,Robotics,1
2020,Goa,Others,1
2020,Delhi,Analytics,11
2020,Delhi,Advertising,16
2020,Delhi,Architecture Interior Design,16
2020,Delhi,AR VR (Augmented + Virtual Reality),4
2020,Delhi,Automotive,31
2020,Delhi,Art & Photography,4
2020,Delhi,Animation,1
2020,Delhi,Chemicals,14
2020,Delhi,Computer Vision,2
2020,Delhi,Telecommunication & Networking,33
2020,Delhi,Construction,54
2020,Delhi,Agriculture,47
2020,Delhi,Aeronautics Aerospace & Defence,17
2020,Delhi,AI,24
2020,Delhi,Green Technology,54
2020,Delhi,Events,13
2020,Delhi,Fashion,40
2020,Delhi,Finance Technology,62
2020,Delhi,Enterprise Software,24
2020,Delhi,Food & Beverages,66
2020,Delhi,Design,7
2020,Delhi,Dating Matrimonial,1
2020,Delhi,Education,119
2020,Delhi,Renewable Energy,52
2020,Delhi,Technology Hardware,62
2020,Delhi,Healthcare & Lifesciences,192
2020,Delhi,Internet of Things,16
2020,Delhi,IT Services,198
2020,Delhi,Human Resources,61
2020,Delhi,Marketing,37
2020,Delhi,Nanotechnology,3
2020,Delhi,Non- Renewable Energy,21
2020,Delhi,Pets & Animals,5
2020,Delhi,Media & Entertainment,34
2020,Delhi,Retail,50
2020,Delhi,House-Hold Services,17
2020,Delhi,Professional & Commercial Services,148
2020,Delhi,Sports,14
2020,Delhi,Social Impact,11
2020,Delhi,Social Network,10
2020,Delhi,Textiles & Apparel,38
2020,Delhi,Indic Language Startups,3
2020,Delhi,Transportation & Storage,33
2020,Delhi,Logistics,4
2020,Delhi,Travel & Tourism,44
2020,Delhi,Security Solutions,32
2020,Delhi,Airport Operations,1
2020,Delhi,Real Estate,12
2020,Delhi,Other Specialty Retailers,22
2020,Delhi,Safety,14
2020,Delhi,Robotics,6
2020,Delhi,Biotechnology,1
2020,Delhi,Waste Management,4
2020,Delhi,Others,10
2020,Delhi,Toys and Games,1
2020,Gujarat,Analytics,5
2020,Gujarat,Advertising,1
2020,Gujarat,Architecture Interior Design,3
2020,Gujarat,AR VR (Augmented + Virtual Reality),7
2020,Gujarat,Automotive,25
2020,Gujarat,Art & Photography,3
2020,Gujarat,Chemicals,15
2020,Gujarat,Computer Vision,3
2020,Gujarat,Telecommunication & Networking,5
2020,Gujarat,Construction,40
2020,Gujarat,Agriculture,32
2020,Gujarat,Aeronautics Aerospace & Defence,8
2020,Gujarat,AI,6
2020,Gujarat,Green Technology,29
2020,Gujarat,Events,1
2020,Gujarat,Fashion,9
2020,Gujarat,Finance Technology,23
2020,Gujarat,Enterprise Software,13
2020,Gujarat,Food & Beverages,36
2020,Gujarat,Design,8
2020,Gujarat,Dating Matrimonial,1
2020,Gujarat,Education,36
2020,Gujarat,Renewable Energy,37
2020,Gujarat,Technology Hardware,47
2020,Gujarat,Healthcare & Lifesciences,131
2020,Gujarat,Internet of Things,21
2020,Gujarat,IT Services,97
2020,Gujarat,Human Resources,20
2020,Gujarat,Marketing,15
2020,Gujarat,Nanotechnology,5
2020,Gujarat,Non- Renewable Energy,20
2020,Gujarat,Pets & Animals,1
2020,Gujarat,Media & Entertainment,6
2020,Gujarat,Retail,24
2020,Gujarat,House-Hold Services,7
2020,Gujarat,Professional & Commercial Services,51
2020,Gujarat,Sports,5
2020,Gujarat,Social Impact,7
2020,Gujarat,Social Network,5
2020,Gujarat,Textiles & Apparel,8
2020,Gujarat,Indic Language Startups,2
2020,Gujarat,Transportation & Storage,15
2020,Gujarat,Travel & Tourism,6
2020,Gujarat,Security Solutions,6
2020,Gujarat,Real Estate,5
2020,Gujarat,Other Specialty Retailers,20
2020,Gujarat,Safety,2
2020,Gujarat,Robotics,7
2020,Gujarat,Waste Management,1
2020,Gujarat,Others,2
2020,Himachal Pradesh,Automotive,2
2020,Himachal Pradesh,Chemicals,2
2020,Himachal Pradesh,Telecommunication & Networking,1
2020,Himachal Pradesh,Construction,3
2020,Himachal Pradesh,Agriculture,1
2020,Himachal Pradesh,Green Technology,1
2020,Himachal Pradesh,Food & Beverages,3
2020,Himachal Pradesh,Education,1
2020,Himachal Pradesh,Renewable Energy,2
2020,Himachal Pradesh,Technology Hardware,1
2020,Himachal Pradesh,Healthcare & Lifesciences,3
2020,Himachal Pradesh,IT Services,2
2020,Himachal Pradesh,Human Resources,1
2020,Himachal Pradesh,Marketing,2
2020,Himachal Pradesh,Non- Renewable Energy,2
2020,Himachal Pradesh,Media & Entertainment,2
2020,Himachal Pradesh,Retail,2
2020,Himachal Pradesh,Professional & Commercial Services,1
2020,Himachal Pradesh,Social Network,1
2020,Himachal Pradesh,Textiles & Apparel,1
2020,Himachal Pradesh,Travel & Tourism,6
2020,Himachal Pradesh,Others,1
2020,Haryana,Analytics,10
2020,Haryana,Advertising,2
2020,Haryana,Architecture Interior Design,4
2020,Haryana,AR VR (Augmented + Virtual Reality),2
2020,Haryana,Automotive,19
2020,Haryana,Art & Photography,2
2020,Haryana,Chemicals,2
2020,Haryana,Computer Vision,4
2020,Haryana,Telecommunication & Networking,5
2020,Haryana,Construction,40
2020,Haryana,Agriculture,28
2020,Haryana,Aeronautics Aerospace & Defence,3
2020,Haryana,AI,21
2020,Haryana,Green Technology,23
2020,Haryana,Events,6
2020,Haryana,Fashion,16
2020,Haryana,Finance Technology,30
2020,Haryana,Enterprise Software,17
2020,Haryana,Food & Beverages,43
2020,Haryana,Design,5
2020,Haryana,Dating Matrimonial,3
2020,Haryana,Education,47
2020,Haryana,Renewable Energy,22
2020,Haryana,Technology Hardware,27
2020,Haryana,Healthcare & Lifesciences,79
2020,Haryana,Internet of Things,8
2020,Haryana,IT Services,91
2020,Haryana,Human Resources,16
2020,Haryana,Marketing,24
2020,Haryana,Nanotechnology,2
2020,Haryana,Non- Renewable Energy,24
2020,Haryana,Pets & Animals,2
2020,Haryana,Media & Entertainment,6
2020,Haryana,Retail,33
2020,Haryana,House-Hold Services,6
2020,Haryana,Professional & Commercial Services,52
2020,Haryana,Sports,4
2020,Haryana,Social Impact,6
2020,Haryana,Social Network,9
2020,Haryana,Textiles & Apparel,10
2020,Haryana,Transportation & Storage,14
2020,Haryana,Logistics,1
2020,Haryana,Travel & Tourism,15
2020,Haryana,Security Solutions,11
2020,Haryana,Real Estate,9
2020,Haryana,Other Specialty Retailers,9
2020,Haryana,Safety,6
2020,Haryana,Robotics,3
2020,Haryana,Waste Management,5
2020,Haryana,Others,4
2020,Haryana,Toys and Games,1
2020,Jammu and Kashmir,Architecture Interior Design,1
2020,Jammu and Kashmir,Telecommunication & Networking,2
2020,Jammu and Kashmir,Construction,6
2020,Jammu and Kashmir,Green Technology,4
2020,Jammu and Kashmir,Fashion,1
2020,Jammu and Kashmir,Finance Technology,1
2020,Jammu and Kashmir,Enterprise Software,1
2020,Jammu and Kashmir,Food & Beverages,5
2020,Jammu and Kashmir,Education,5
2020,Jammu and Kashmir,Renewable Energy,4
2020,Jammu and Kashmir,Technology Hardware,1
2020,Jammu and Kashmir,Healthcare & Lifesciences,4
2020,Jammu and Kashmir,Internet of Things,1
2020,Jammu and Kashmir,IT Services,3
2020,Jammu and Kashmir,Human Resources,1
2020,Jammu and Kashmir,Marketing,2
2020,Jammu and Kashmir,Non- Renewable Energy,4
2020,Jammu and Kashmir,Pets & Animals,2
2020,Jammu and Kashmir,Retail,3
2020,Jammu and Kashmir,Professional & Commercial Services,6
2020,Jammu and Kashmir,Textiles & Apparel,1
2020,Jammu and Kashmir,Travel & Tourism,2
2020,Jammu and Kashmir,Security Solutions,1
2020,Jammu and Kashmir,Real Estate,2
2020,Jammu and Kashmir,Other Specialty Retailers,1
2020,Jharkhand,Analytics,1
2020,Jharkhand,Advertising,2
2020,Jharkhand,Automotive,2
2020,Jharkhand,Art & Photography,2
2020,Jharkhand,Chemicals,3
2020,Jharkhand,Construction,9
2020,Jharkhand,Agriculture,9
2020,Jharkhand,AI,4
2020,Jharkhand,Green Technology,5
2020,Jharkhand,Events,1
2020,Jharkhand,Fashion,1
2020,Jharkhand,Finance Technology,2
2020,Jharkhand,Enterprise Software,1
2020,Jharkhand,Food & Beverages,9
2020,Jharkhand,Design,2
2020,Jharkhand,Education,11
2020,Jharkhand,Renewable Energy,6
2020,Jharkhand,Technology Hardware,2
2020,Jharkhand,Healthcare & Lifesciences,7
2020,Jharkhand,Internet of Things,1
2020,Jharkhand,IT Services,17
2020,Jharkhand,Human Resources,7
2020,Jharkhand,Marketing,5
2020,Jharkhand,Non- Renewable Energy,10
2020,Jharkhand,Media & Entertainment,1
2020,Jharkhand,Retail,4
2020,Jharkhand,House-Hold Services,6
2020,Jharkhand,Professional & Commercial Services,15
2020,Jharkhand,Social Impact,1
2020,Jharkhand,Textiles & Apparel,3
2020,Jharkhand,Indic Language Startups,1
2020,Jharkhand,Transportation & Storage,2
2020,Jharkhand,Travel & Tourism,4
2020,Jharkhand,Security Solutions,1
2020,Jharkhand,Real Estate,3
2020,Jharkhand,Other Specialty Retailers,2
2020,Jharkhand,Safety,1
2020,Jharkhand,Robotics,2
2020,Bihar,Advertising,3
2020,Bihar,Architecture Interior Design,3
2020,Bihar,AR VR (Augmented + Virtual Reality),1
2020,Bihar,Automotive,5
2020,Bihar,Art & Photography,1
2020,Bihar,Computer Vision,1
2020,Bihar,Telecommunication & Networking,5
2020,Bihar,Construction,52
2020,Bihar,Agriculture,19
2020,Bihar,Green Technology,3
2020,Bihar,Events,1
2020,Bihar,Fashion,2
2020,Bihar,Finance Technology,4
2020,Bihar,Enterprise Software,1
2020,Bihar,Food & Beverages,10
2020,Bihar,Design,1
2020,Bihar,Dating Matrimonial,2
2020,Bihar,Education,22
2020,Bihar,Renewable Energy,3
2020,Bihar,Technology Hardware,5
2020,Bihar,Healthcare & Lifesciences,14
2020,Bihar,Internet of Things,1
2020,Bihar,IT Services,20
2020,Bihar,Human Resources,10
2020,Bihar,Marketing,9
2020,Bihar,Non- Renewable Energy,16
2020,Bihar,Pets & Animals,1
2020,Bihar,Media & Entertainment,1
2020,Bihar,Retail,8
2020,Bihar,House-Hold Services,3
2020,Bihar,Professional & Commercial Services,10
2020,Bihar,Sports,2
2020,Bihar,Social Impact,1
2020,Bihar,Social Network,2
2020,Bihar,Textiles & Apparel,4
2020,Bihar,Indic Language Startups,1
2020,Bihar,Transportation & Storage,4
2020,Bihar,Travel & Tourism,2
2020,Bihar,Security Solutions,5
2020,Bihar,Real Estate,1
2020,Bihar,Other Specialty Retailers,3
2020,Bihar,Safety,2
2020,Bihar,Others,1
2020,Lakshadweep,IT Services,1
2020,Kerala,Analytics,4
2020,Kerala,Advertising,8
2020,Kerala,Architecture Interior Design,3
2020,Kerala,AR VR (Augmented + Virtual Reality),5
2020,Kerala,Automotive,10
2020,Kerala,Art & Photography,3
2020,Kerala,Animation,2
2020,Kerala,Chemicals,2
2020,Kerala,Computer Vision,2
2020,Kerala,Telecommunication & Networking,2
2020,Kerala,Construction,11
2020,Kerala,Agriculture,27
2020,Kerala,Aeronautics Aerospace & Defence,8
2020,Kerala,AI,10
2020,Kerala,Green Technology,19
2020,Kerala,Events,3
2020,Kerala,Fashion,5
2020,Kerala,Finance Technology,13
2020,Kerala,Enterprise Software,24
2020,Kerala,Food & Beverages,26
2020,Kerala,Design,8
2020,Kerala,Education,73
2020,Kerala,Renewable Energy,11
2020,Kerala,Technology Hardware,25
2020,Kerala,Healthcare & Lifesciences,66
2020,Kerala,Internet of Things,13
2020,Kerala,IT Services,174
2020,Kerala,Human Resources,6
2020,Kerala,Marketing,13
2020,Kerala,Non- Renewable Energy,17
2020,Kerala,Pets & Animals,3
2020,Kerala,Media & Entertainment,19
2020,Kerala,Retail,19
2020,Kerala,House-Hold Services,5
2020,Kerala,Professional & Commercial Services,12
2020,Kerala,Sports,2
2020,Kerala,Social Impact,3
2020,Kerala,Social Network,11
2020,Kerala,Textiles & Apparel,2
2020,Kerala,Transportation & Storage,7
2020,Kerala,Travel & Tourism,8
2020,Kerala,Security Solutions,3
2020,Kerala,Real Estate,5
2020,Kerala,Other Specialty Retailers,4
2020,Kerala,Robotics,8
2020,Kerala,Waste Management,3
2020,Kerala,Others,3
2020,Karnataka,Analytics,27
2020,Karnataka,Advertising,9
2020,Karnataka,Architecture Interior Design,16
2020,Karnataka,AR VR (Augmented + Virtual Reality),7
2020,Karnataka,Automotive,36
2020,Karnataka,Art & Photography,3
2020,Karnataka,Animation,4
2020,Karnataka,Chemicals,6
2020,Karnataka,Computer Vision,7
2020,Karnataka,Telecommunication & Networking,19
2020,Karnataka,Construction,30
2020,Karnataka,Agriculture,68
2020,Karnataka,Aeronautics Aerospace & Defence,27
2020,Karnataka,AI,75
2020,Karnataka,Green Technology,42
2020,Karnataka,Events,5
2020,Karnataka,Fashion,23
2020,Karnataka,Finance Technology,94
2020,Karnataka,Enterprise Software,57
2020,Karnataka,Food & Beverages,62
2020,Karnataka,Design,18
2020,Karnataka,Dating Matrimonial,1
2020,Karnataka,Education,130
2020,Karnataka,Renewable Energy,15
2020,Karnataka,Technology Hardware,77
2020,Karnataka,Healthcare & Lifesciences,157
2020,Karnataka,Internet of Things,48
2020,Karnataka,IT Services,265
2020,Karnataka,Human Resources,30
2020,Karnataka,Marketing,43
2020,Karnataka,Nanotechnology,3
2020,Karnataka,Non- Renewable Energy,30
2020,Karnataka,Media & Entertainment,31
2020,Karnataka,Retail,54
2020,Karnataka,House-Hold Services,5
2020,Karnataka,Professional & Commercial Services,59
2020,Karnataka,Sports,12
2020,Karnataka,Social Impact,14
2020,Karnataka,Social Network,17
2020,Karnataka,Textiles & Apparel,16
2020,Karnataka,Indic Language Startups,1
2020,Karnataka,Transportation & Storage,39
2020,Karnataka,Logistics,1
2020,Karnataka,Travel & Tourism,17
2020,Karnataka,Security Solutions,17
2020,Karnataka,Airport Operations,1
2020,Karnataka,Real Estate,18
2020,Karnataka,Other Specialty Retailers,10
2020,Karnataka,Safety,4
2020,Karnataka,Robotics,10
2020,Karnataka,Biotechnology,4
2020,Karnataka,Waste Management,2
2020,Karnataka,Others,10
2020,Chhattisgarh,Analytics,1
2020,Chhattisgarh,Automotive,2
2020,Chhattisgarh,Art & Photography,1
2020,Chhattisgarh,Chemicals,1
2020,Chhattisgarh,Telecommunication & Networking,3
2020,Chhattisgarh,Construction,6
2020,Chhattisgarh,Agriculture,9
2020,Chhattisgarh,Aeronautics Aerospace & Defence,2
2020,Chhattisgarh,AI,1
2020,Chhattisgarh,Green Technology,5
2020,Chhattisgarh,Events,1
2020,Chhattisgarh,Fashion,1
2020,Chhattisgarh,Finance Technology,3
2020,Chhattisgarh,Enterprise Software,3
2020,Chhattisgarh,Food & Beverages,9
2020,Chhattisgarh,Education,7
2020,Chhattisgarh,Renewable Energy,9
2020,Chhattisgarh,Technology Hardware,8
2020,Chhattisgarh,Healthcare & Lifesciences,19
2020,Chhattisgarh,Internet of Things,5
2020,Chhattisgarh,IT Services,12
2020,Chhattisgarh,Human Resources,2
2020,Chhattisgarh,Marketing,5
2020,Chhattisgarh,Non- Renewable Energy,5
2020,Chhattisgarh,Media & Entertainment,3
2020,Chhattisgarh,Retail,4
2020,Chhattisgarh,House-Hold Services,2
2020,Chhattisgarh,Professional & Commercial Services,6
2020,Chhattisgarh,Social Impact,1
2020,Chhattisgarh,Transportation & Storage,7
2020,Chhattisgarh,Travel & Tourism,1
2020,Chhattisgarh,Security Solutions,1
2020,Chhattisgarh,Real Estate,2
2020,Chhattisgarh,Other Specialty Retailers,3
2020,Chhattisgarh,Robotics,1
2020,Chhattisgarh,Waste Management,1
2020,Chhattisgarh,Others,2
2020,Chhattisgarh,Toys and Games,1
2020,Andhra Pradesh,Advertising,2
2020,Andhra Pradesh,Architecture Interior Design,1
2020,Andhra Pradesh,Automotive,4
2020,Andhra Pradesh,Art & Photography,1
2020,Andhra Pradesh,Chemicals,2
2020,Andhra Pradesh,Telecommunication & Networking,4
2020,Andhra Pradesh,Construction,11
2020,Andhra Pradesh,Agriculture,19
2020,Andhra Pradesh,Aeronautics Aerospace & Defence,3
2020,Andhra Pradesh,AI,3
2020,Andhra Pradesh,Green Technology,6
2020,Andhra Pradesh,Events,1
2020,Andhra Pradesh,Fashion,2
2020,Andhra Pradesh,Finance Technology,5
2020,Andhra Pradesh,Enterprise Software,4
2020,Andhra Pradesh,Food & Beverages,8
2020,Andhra Pradesh,Design,1
2020,Andhra Pradesh,Education,17
2020,Andhra Pradesh,Renewable Energy,3
2020,Andhra Pradesh,Technology Hardware,18
2020,Andhra Pradesh,Healthcare & Lifesciences,13
2020,Andhra Pradesh,Internet of Things,4
2020,Andhra Pradesh,IT Services,47
2020,Andhra Pradesh,Human Resources,4
2020,Andhra Pradesh,Marketing,7
2020,Andhra Pradesh,Nanotechnology,1
2020,Andhra Pradesh,Non- Renewable Energy,7
2020,Andhra Pradesh,Pets & Animals,1
2020,Andhra Pradesh,Media & Entertainment,2
2020,Andhra Pradesh,Retail,5
2020,Andhra Pradesh,House-Hold Services,2
2020,Andhra Pradesh,Professional & Commercial Services,6
2020,Andhra Pradesh,Sports,1
2020,Andhra Pradesh,Social Network,1
2020,Andhra Pradesh,Textiles & Apparel,4
2020,Andhra Pradesh,Transportation & Storage,3
2020,Andhra Pradesh,Travel & Tourism,3
2020,Andhra Pradesh,Security Solutions,3
2020,Andhra Pradesh,Real Estate,1
2020,Andhra Pradesh,Other Specialty Retailers,3
2020,Andhra Pradesh,Robotics,1
2020,Andhra Pradesh,Others,1
2020,Andaman and Nicobar Islands,Construction,1
2020,Andaman and Nicobar Islands,Green Technology,1
2020,Andaman and Nicobar Islands,IT Services,2
2020,Andaman and Nicobar Islands,Marketing,1
2020,Manipur,Automotive,2
2020,Manipur,Construction,1
2020,Manipur,Green Technology,1
2020,Manipur,Internet of Things,1
2020,Manipur,IT Services,1
2020,Manipur,Marketing,1
2020,Manipur,Non- Renewable Energy,1
2020,Manipur,House-Hold Services,1
2020,Manipur,Textiles & Apparel,1
2020,Manipur,Transportation & Storage,3
2020,Mizoram,IT Services,1
2020,Rajasthan,Advertising,5
2020,Rajasthan,Architecture Interior Design,7
2020,Rajasthan,AR VR (Augmented + Virtual Reality),3
2020,Rajasthan,Automotive,8
2020,Rajasthan,Art & Photography,2
2020,Rajasthan,Chemicals,4
2020,Rajasthan,Computer Vision,2
2020,Rajasthan,Telecommunication & Networking,2
2020,Rajasthan,Construction,19
2020,Rajasthan,Agriculture,34
2020,Rajasthan,Aeronautics Aerospace & Defence,2
2020,Rajasthan,AI,6
2020,Rajasthan,Green Technology,19
2020,Rajasthan,Events,1
2020,Rajasthan,Fashion,7
2020,Rajasthan,Finance Technology,12
2020,Rajasthan,Enterprise Software,5
2020,Rajasthan,Food & Beverages,30
2020,Rajasthan,Design,3
2020,Rajasthan,Dating Matrimonial,1
2020,Rajasthan,Education,36
2020,Rajasthan,Renewable Energy,11
2020,Rajasthan,Technology Hardware,18
2020,Rajasthan,Healthcare & Lifesciences,33
2020,Rajasthan,Internet of Things,6
2020,Rajasthan,IT Services,65
2020,Rajasthan,Human Resources,11
2020,Rajasthan,Marketing,11
2020,Rajasthan,Nanotechnology,2
2020,Rajasthan,Non- Renewable Energy,21
2020,Rajasthan,Pets & Animals,2
2020,Rajasthan,Media & Entertainment,4
2020,Rajasthan,Retail,14
2020,Rajasthan,House-Hold Services,4
2020,Rajasthan,Professional & Commercial Services,28
2020,Rajasthan,Sports,4
2020,Rajasthan,Social Impact,4
2020,Rajasthan,Social Network,3
2020,Rajasthan,Textiles & Apparel,5
2020,Rajasthan,Transportation & Storage,17
2020,Rajasthan,Travel & Tourism,9
2020,Rajasthan,Security Solutions,3
2020,Rajasthan,Real Estate,2
2020,Rajasthan,Other Specialty Retailers,9
2020,Rajasthan,Robotics,2
2020,Rajasthan,Biotechnology,1
2020,Rajasthan,Waste Management,2
2020,Rajasthan,Others,3
2020,Sikkim,Social Network,1
2020,Tamil Nadu,Analytics,7
2020,Tamil Nadu,Advertising,4
2020,Tamil Nadu,Architecture Interior Design,3
2020,Tamil Nadu,AR VR (Augmented + Virtual Reality),9
2020,Tamil Nadu,Automotive,19
2020,Tamil Nadu,Art & Photography,1
2020,Tamil Nadu,Chemicals,12
2020,Tamil Nadu,Computer Vision,4
2020,Tamil Nadu,Telecommunication & Networking,9
2020,Tamil Nadu,Construction,24
2020,Tamil Nadu,Agriculture,29
2020,Tamil Nadu,Aeronautics Aerospace & Defence,12
2020,Tamil Nadu,AI,16
2020,Tamil Nadu,Green Technology,24
2020,Tamil Nadu,Events,3
2020,Tamil Nadu,Fashion,4
2020,Tamil Nadu,Finance Technology,25
2020,Tamil Nadu,Enterprise Software,24
2020,Tamil Nadu,Food & Beverages,26
2020,Tamil Nadu,Design,10
2020,Tamil Nadu,Education,42
2020,Tamil Nadu,Renewable Energy,20
2020,Tamil Nadu,Technology Hardware,33
2020,Tamil Nadu,Healthcare & Lifesciences,83
2020,Tamil Nadu,Internet of Things,22
2020,Tamil Nadu,IT Services,103
2020,Tamil Nadu,Human Resources,25
2020,Tamil Nadu,Marketing,18
2020,Tamil Nadu,Nanotechnology,2
2020,Tamil Nadu,Non- Renewable Energy,25
2020,Tamil Nadu,Pets & Animals,1
2020,Tamil Nadu,Media & Entertainment,8
2020,Tamil Nadu,Retail,20
2020,Tamil Nadu,House-Hold Services,5
2020,Tamil Nadu,Professional & Commercial Services,29
2020,Tamil Nadu,Sports,2
2020,Tamil Nadu,Social Impact,1
2020,Tamil Nadu,Social Network,1
2020,Tamil Nadu,Textiles & Apparel,15
2020,Tamil Nadu,Transportation & Storage,11
2020,Tamil Nadu,Travel & Tourism,7
2020,Tamil Nadu,Security Solutions,4
2020,Tamil Nadu,Airport Operations,1
2020,Tamil Nadu,Real Estate,5
2020,Tamil Nadu,Other Specialty Retailers,5
2020,Tamil Nadu,Safety,1
2020,Tamil Nadu,Robotics,11
2020,Tamil Nadu,Waste Management,1
2020,Tamil Nadu,Others,6
2020,Madhya Pradesh,Analytics,1
2020,Madhya Pradesh,Advertising,4
2020,Madhya Pradesh,Architecture Interior Design,1
2020,Madhya Pradesh,AR VR (Augmented + Virtual Reality),2
2020,Madhya Pradesh,Automotive,11
2020,Madhya Pradesh,Chemicals,5
2020,Madhya Pradesh,Telecommunication & Networking,6
2020,Madhya Pradesh,Construction,36
2020,Madhya Pradesh,Agriculture,40
2020,Madhya Pradesh,AI,5
2020,Madhya Pradesh,Green Technology,10
2020,Madhya Pradesh,Events,2
2020,Madhya Pradesh,Fashion,2
2020,Madhya Pradesh,Finance Technology,7
2020,Madhya Pradesh,Enterprise Software,3
2020,Madhya Pradesh,Food & Beverages,18
2020,Madhya Pradesh,Design,2
2020,Madhya Pradesh,Dating Matrimonial,1
2020,Madhya Pradesh,Education,25
2020,Madhya Pradesh,Renewable Energy,16
2020,Madhya Pradesh,Technology Hardware,11
2020,Madhya Pradesh,Healthcare & Lifesciences,33
2020,Madhya Pradesh,Internet of Things,5
2020,Madhya Pradesh,IT Services,51
2020,Madhya Pradesh,Human Resources,10
2020,Madhya Pradesh,Marketing,10
2020,Madhya Pradesh,Non- Renewable Energy,11
2020,Madhya Pradesh,Pets & Animals,1
2020,Madhya Pradesh,Media & Entertainment,6
2020,Madhya Pradesh,Retail,14
2020,Madhya Pradesh,House-Hold Services,3
2020,Madhya Pradesh,Professional & Commercial Services,28
2020,Madhya Pradesh,Social Impact,1
2020,Madhya Pradesh,Social Network,3
2020,Madhya Pradesh,Textiles & Apparel,1
2020,Madhya Pradesh,Transportation & Storage,12
2020,Madhya Pradesh,Logistics,3
2020,Madhya Pradesh,Travel & Tourism,4
2020,Madhya Pradesh,Security Solutions,9
2020,Madhya Pradesh,Real Estate,3
2020,Madhya Pradesh,Other Specialty Retailers,5
2020,Madhya Pradesh,Safety,1
2020,Madhya Pradesh,Robotics,1
2020,Madhya Pradesh,Waste Management,1
2020,Madhya Pradesh,Others,3
2020,Tripura,Chemicals,1
2020,Tripura,Construction,3
2020,Tripura,Agriculture,1
2020,Tripura,AI,1
2020,Tripura,Food & Beverages,1
2020,Tripura,Education,5
2020,Tripura,Technology Hardware,1
2020,Tripura,Healthcare & Lifesciences,1
2020,Tripura,IT Services,2
2020,Tripura,Non- Renewable Energy,1
2020,Tripura,Retail,1
2020,Tripura,Professional & Commercial Services,1
2020,Tripura,Social Impact,1
2020,Tripura,Transportation & Storage,2
2020,Tripura,Other Specialty Retailers,1
2020,Nagaland,Architecture Interior Design,1
2020,Nagaland,Marketing,1
2020,Nagaland,Non- Renewable Energy,1
2020,Nagaland,Retail,1
2020,Nagaland,Travel & Tourism,1
2020,Telangana,Analytics,3
2020,Telangana,Advertising,12
2020,Telangana,Architecture Interior Design,4
2020,Telangana,AR VR (Augmented + Virtual Reality),1
2020,Telangana,Automotive,8
2020,Telangana,Art & Photography,3
2020,Telangana,Animation,1
2020,Telangana,Chemicals,5
2020,Telangana,Computer Vision,3
2020,Telangana,Telecommunication & Networking,7
2020,Telangana,Construction,29
2020,Telangana,Agriculture,36
2020,Telangana,Aeronautics Aerospace & Defence,14
2020,Telangana,AI,27
2020,Telangana,Green Technology,14
2020,Telangana,Events,2
2020,Telangana,Fashion,6
2020,Telangana,Finance Technology,24
2020,Telangana,Enterprise Software,12
2020,Telangana,Food & Beverages,40
2020,Telangana,Design,10
2020,Telangana,Education,45
2020,Telangana,Renewable Energy,16
2020,Telangana,Technology Hardware,30
2020,Telangana,Healthcare & Lifesciences,107
2020,Telangana,Internet of Things,16
2020,Telangana,IT Services,133
2020,Telangana,Human Resources,6
2020,Telangana,Marketing,22
2020,Telangana,Nanotechnology,3
2020,Telangana,Non- Renewable Energy,15
2020,Telangana,Pets & Animals,2
2020,Telangana,Media & Entertainment,14
2020,Telangana,Retail,15
2020,Telangana,House-Hold Services,3
2020,Telangana,Professional & Commercial Services,35
2020,Telangana,Sports,7
2020,Telangana,Social Impact,8
2020,Telangana,Social Network,13
2020,Telangana,Textiles & Apparel,10
2020,Telangana,Transportation & Storage,16
2020,Telangana,Logistics,2
2020,Telangana,Travel & Tourism,7
2020,Telangana,Security Solutions,7
2020,Telangana,Real Estate,5
2020,Telangana,Other Specialty Retailers,8
2020,Telangana,Safety,1
2020,Telangana,Robotics,4
2020,Telangana,Biotechnology,2
2020,Telangana,Waste Management,2
2020,Telangana,Others,4
2020,Uttarakhand,Analytics,1
2020,Uttarakhand,Advertising,2
2020,Uttarakhand,Architecture Interior Design,1
2020,Uttarakhand,Automotive,1
2020,Uttarakhand,Art & Photography,2
2020,Uttarakhand,Telecommunication & Networking,3
2020,Uttarakhand,Construction,4
2020,Uttarakhand,Agriculture,13
2020,Uttarakhand,Green Technology,7
2020,Uttarakhand,Fashion,1
2020,Uttarakhand,Food & Beverages,11
2020,Uttarakhand,Design,1
2020,Uttarakhand,Dating Matrimonial,1
2020,Uttarakhand,Education,7
2020,Uttarakhand,Renewable Energy,2
2020,Uttarakhand,Technology Hardware,1
2020,Uttarakhand,Healthcare & Lifesciences,11
2020,Uttarakhand,IT Services,10
2020,Uttarakhand,Human Resources,5
2020,Uttarakhand,Marketing,2
2020,Uttarakhand,Nanotechnology,2
2020,Uttarakhand,Retail,1
2020,Uttarakhand,Professional & Commercial Services,8
2020,Uttarakhand,Transportation & Storage,3
2020,Uttarakhand,Travel & Tourism,7
2020,Uttarakhand,Security Solutions,1
2020,Uttarakhand,Real Estate,1
2020,Uttarakhand,Other Specialty Retailers,2
2020,Uttarakhand,Robotics,1
2020,Uttarakhand,Biotechnology,1
2020,Uttarakhand,Others,1
2020,West Bengal,Analytics,3
2020,West Bengal,Advertising,3
2020,West Bengal,Architecture Interior Design,3
2020,West Bengal,Automotive,3
2020,West Bengal,Art & Photography,1
2020,West Bengal,Chemicals,1
2020,West Bengal,Computer Vision,2
2020,West Bengal,Telecommunication & Networking,2
2020,West Bengal,Construction,13
2020,West Bengal,Agriculture,13
2020,West Bengal,Aeronautics Aerospace & Defence,1
2020,West Bengal,AI,9
2020,West Bengal,Green Technology,6
2020,West Bengal,Events,1
2020,West Bengal,Fashion,12
2020,West Bengal,Finance Technology,11
2020,West Bengal,Enterprise Software,7
2020,West Bengal,Food & Beverages,25
2020,West Bengal,Design,2
2020,West Bengal,Education,32
2020,West Bengal,Renewable Energy,8
2020,West Bengal,Technology Hardware,18
2020,West Bengal,Healthcare & Lifesciences,28
2020,West Bengal,Internet of Things,7
2020,West Bengal,IT Services,55
2020,West Bengal,Human Resources,8
2020,West Bengal,Marketing,14
2020,West Bengal,Non- Renewable Energy,16
2020,West Bengal,Media & Entertainment,7
2020,West Bengal,Retail,18
2020,West Bengal,House-Hold Services,3
2020,West Bengal,Professional & Commercial Services,30
2020,West Bengal,Social Impact,1
2020,West Bengal,Social Network,3
2020,West Bengal,Textiles & Apparel,8
2020,West Bengal,Transportation & Storage,12
2020,West Bengal,Logistics,1
2020,West Bengal,Travel & Tourism,5
2020,West Bengal,Security Solutions,2
2020,West Bengal,Real Estate,2
2020,West Bengal,Other Specialty Retailers,6
2020,West Bengal,Robotics,1
2020,West Bengal,Others,2
2020,Uttar Pradesh,Analytics,8
2020,Uttar Pradesh,Advertising,10
2020,Uttar Pradesh,Architecture Interior Design,14
2020,Uttar Pradesh,AR VR (Augmented + Virtual Reality),5
2020,Uttar Pradesh,Automotive,14
2020,Uttar Pradesh,Art & Photography,3
2020,Uttar Pradesh,Chemicals,9
2020,Uttar Pradesh,Computer Vision,5
2020,Uttar Pradesh,Telecommunication & Networking,15
2020,Uttar Pradesh,Construction,96
2020,Uttar Pradesh,Agriculture,52
2020,Uttar Pradesh,Aeronautics Aerospace & Defence,6
2020,Uttar Pradesh,AI,20
2020,Uttar Pradesh,Green Technology,23
2020,Uttar Pradesh,Events,6
2020,Uttar Pradesh,Fashion,19
2020,Uttar Pradesh,Finance Technology,33
2020,Uttar Pradesh,Enterprise Software,17
2020,Uttar Pradesh,Food & Beverages,51
2020,Uttar Pradesh,Design,7
2020,Uttar Pradesh,Dating Matrimonial,1
2020,Uttar Pradesh,Education,89
2020,Uttar Pradesh,Renewable Energy,49
2020,Uttar Pradesh,Technology Hardware,55
2020,Uttar Pradesh,Healthcare & Lifesciences,116
2020,Uttar Pradesh,Internet of Things,19
2020,Uttar Pradesh,IT Services,208
2020,Uttar Pradesh,Human Resources,53
2020,Uttar Pradesh,Marketing,32
2020,Uttar Pradesh,Nanotechnology,3
2020,Uttar Pradesh,Non- Renewable Energy,38
2020,Uttar Pradesh,Media & Entertainment,22
2020,Uttar Pradesh,Retail,31
2020,Uttar Pradesh,House-Hold Services,17
2020,Uttar Pradesh,Professional & Commercial Services,85
2020,Uttar Pradesh,Sports,6
2020,Uttar Pradesh,Social Impact,9
2020,Uttar Pradesh,Social Network,8
2020,Uttar Pradesh,Textiles & Apparel,38
2020,Uttar Pradesh,Indic Language Startups,1
2020,Uttar Pradesh,Transportation & Storage,20
2020,Uttar Pradesh,Logistics,1
2020,Uttar Pradesh,Travel & Tourism,13
2020,Uttar Pradesh,Security Solutions,17
2020,Uttar Pradesh,Real Estate,15
2020,Uttar Pradesh,Other Specialty Retailers,18
2020,Uttar Pradesh,Safety,9
2020,Uttar Pradesh,Robotics,5
2020,Uttar Pradesh,Waste Management,1
2020,Uttar Pradesh,Others,9
2020,Ladakh,Construction,1
2020,Maharashtra,Analytics,19
2020,Maharashtra,Advertising,25
2020,Maharashtra,Architecture Interior Design,14
2020,Maharashtra,AR VR (Augmented + Virtual Reality),11
2020,Maharashtra,Automotive,56
2020,Maharashtra,Art & Photography,11
2020,Maharashtra,Animation,5
2020,Maharashtra,Chemicals,30
2020,Maharashtra,Computer Vision,12
2020,Maharashtra,Telecommunication & Networking,36
2020,Maharashtra,Construction,63
2020,Maharashtra,Agriculture,109
2020,Maharashtra,Aeronautics Aerospace & Defence,10
2020,Maharashtra,AI,60
2020,Maharashtra,Green Technology,58
2020,Maharashtra,Events,7
2020,Maharashtra,Fashion,35
2020,Maharashtra,Finance Technology,129
2020,Maharashtra,Enterprise Software,54
2020,Maharashtra,Food & Beverages,125
2020,Maharashtra,Design,30
2020,Maharashtra,Education,153
2020,Maharashtra,Renewable Energy,75
2020,Maharashtra,Technology Hardware,114
2020,Maharashtra,Healthcare & Lifesciences,256
2020,Maharashtra,Internet of Things,49
2020,Maharashtra,IT Services,347
2020,Maharashtra,Human Resources,49
2020,Maharashtra,Marketing,75
2020,Maharashtra,Nanotechnology,1
2020,Maharashtra,Non- Renewable Energy,84
2020,Maharashtra,Pets & Animals,11
2020,Maharashtra,Media & Entertainment,71
2020,Maharashtra,Retail,70
2020,Maharashtra,House-Hold Services,17
2020,Maharashtra,Professional & Commercial Services,152
2020,Maharashtra,Sports,20
2020,Maharashtra,Social Impact,15
2020,Maharashtra,Social Network,18
2020,Maharashtra,Textiles & Apparel,30
2020,Maharashtra,Indic Language Startups,3
2020,Maharashtra,Transportation & Storage,55
2020,Maharashtra,Logistics,5
2020,Maharashtra,Travel & Tourism,33
2020,Maharashtra,Security Solutions,26
2020,Maharashtra,Real Estate,25
2020,Maharashtra,Other Specialty Retailers,22
2020,Maharashtra,Safety,15
2020,Maharashtra,Robotics,18
2020,Maharashtra,Biotechnology,2
2020,Maharashtra,Waste Management,1
2020,Maharashtra,Others,25
2020,Maharashtra,Toys and Games,1
2020,Dadra and Nagar Haveli and Daman and Diu,Food & Beverages,1
2020,Dadra and Nagar Haveli and Daman and Diu,Education,1
2020,Dadra and Nagar Haveli and Daman and Diu,Technology Hardware,1
2020,Dadra and Nagar Haveli and Daman and Diu,Healthcare & Lifesciences,1
2020,Dadra and Nagar Haveli and Daman and Diu,Real Estate,1
2020,Puducherry,Advertising,1
2020,Puducherry,Animation,1
2020,Puducherry,Aeronautics Aerospace & Defence,1
2020,Puducherry,Green Technology,1
2020,Puducherry,Renewable Energy,1
2020,Puducherry,Healthcare & Lifesciences,2
2020,Puducherry,IT Services,5
2020,Puducherry,Professional & Commercial Services,1
2020,Puducherry,Transportation & Storage,1
2020,Odisha,Architecture Interior Design,2
2020,Odisha,AR VR (Augmented + Virtual Reality),2
2020,Odisha,Automotive,2
2020,Odisha,Animation,1
2020,Odisha,Chemicals,2
2020,Odisha,Computer Vision,1
2020,Odisha,Telecommunication & Networking,1
2020,Odisha,Construction,9
2020,Odisha,Agriculture,20
2020,Odisha,Aeronautics Aerospace & Defence,1
2020,Odisha,AI,2
2020,Odisha,Green Technology,5
2020,Odisha,Events,6
2020,Odisha,Fashion,3
2020,Odisha,Finance Technology,3
2020,Odisha,Enterprise Software,2
2020,Odisha,Food & Beverages,16
2020,Odisha,Design,3
2020,Odisha,Education,21
2020,Odisha,Renewable Energy,8
2020,Odisha,Technology Hardware,10
2020,Odisha,Healthcare & Lifesciences,31
2020,Odisha,Internet of Things,4
2020,Odisha,IT Services,39
2020,Odisha,Human Resources,3
2020,Odisha,Marketing,12
2020,Odisha,Nanotechnology,1
2020,Odisha,Non- Renewable Energy,8
2020,Odisha,Pets & Animals,1
2020,Odisha,Media & Entertainment,4
2020,Odisha,Retail,11
2020,Odisha,House-Hold Services,3
2020,Odisha,Professional & Commercial Services,12
2020,Odisha,Sports,2
2020,Odisha,Social Impact,3
2020,Odisha,Social Network,4
2020,Odisha,Textiles & Apparel,3
2020,Odisha,Transportation & Storage,5
2020,Odisha,Logistics,1
2020,Odisha,Travel & Tourism,4
2020,Odisha,Security Solutions,3
2020,Odisha,Other Specialty Retailers,2
2020,Odisha,Robotics,1
2020,Odisha,Others,3
2020,Punjab,Advertising,1
2020,Punjab,Architecture Interior Design,1
2020,Punjab,Automotive,1
2020,Punjab,Chemicals,2
2020,Punjab,Telecommunication & Networking,2
2020,Punjab,Construction,5
2020,Punjab,Agriculture,10
2020,Punjab,AI,4
2020,Punjab,Green Technology,3
2020,Punjab,Events,1
2020,Punjab,Fashion,1
2020,Punjab,Enterprise Software,1
2020,Punjab,Food & Beverages,12
2020,Punjab,Design,1
2020,Punjab,Education,9
2020,Punjab,Renewable Energy,8
2020,Punjab,Technology Hardware,5
2020,Punjab,Healthcare & Lifesciences,13
2020,Punjab,Internet of Things,1
2020,Punjab,IT Services,14
2020,Punjab,Human Resources,3
2020,Punjab,Marketing,3
2020,Punjab,Non- Renewable Energy,15
2020,Punjab,Pets & Animals,1
2020,Punjab,Media & Entertainment,1
2020,Punjab,Retail,3
2020,Punjab,Professional & Commercial Services,8
2020,Punjab,Sports,2
2020,Punjab,Textiles & Apparel,3
2020,Punjab,Transportation & Storage,4
2020,Punjab,Travel & Tourism,2
2020,Punjab,Other Specialty Retailers,2
2020,Punjab,Safety,2
2020,Punjab,Others,2
2019,Assam,Advertising,1
2019,Assam,Architecture Interior Design,1
2019,Assam,Construction,2
2019,Assam,Agriculture,7
2019,Assam,Aeronautics Aerospace & Defence,1
2019,Assam,AI,2
2019,Assam,Green Technology,2
2019,Assam,Fashion,1
2019,Assam,Enterprise Software,1
2019,Assam,Food & Beverages,7
2019,Assam,Design,1
2019,Assam,Education,13
2019,Assam,Technology Hardware,1
2019,Assam,Healthcare & Lifesciences,3
2019,Assam,IT Services,3
2019,Assam,Human Resources,1
2019,Assam,Marketing,1
2019,Assam,Non- Renewable Energy,1
2019,Assam,Retail,1
2019,Assam,House-Hold Services,1
2019,Assam,Professional & Commercial Services,4
2019,Assam,Textiles & Apparel,2
2019,Assam,Transportation & Storage,4
2019,Assam,Travel & Tourism,7
2019,Assam,Security Solutions,1
2019,Assam,Real Estate,1
2019,Assam,Other Specialty Retailers,1
2019,Chandigarh,Analytics,2
2019,Chandigarh,Automotive,1
2019,Chandigarh,Telecommunication & Networking,2
2019,Chandigarh,Agriculture,2
2019,Chandigarh,AI,2
2019,Chandigarh,Green Technology,1
2019,Chandigarh,Finance Technology,4
2019,Chandigarh,Food & Beverages,2
2019,Chandigarh,Education,4
2019,Chandigarh,Renewable Energy,1
2019,Chandigarh,Healthcare & Lifesciences,5
2019,Chandigarh,IT Services,7
2019,Chandigarh,Human Resources,1
2019,Chandigarh,Marketing,2
2019,Chandigarh,Professional & Commercial Services,1
2019,Chandigarh,Sports,1
2019,Chandigarh,Transportation & Storage,1
2019,Chandigarh,Travel & Tourism,1
2019,Chandigarh,Other Specialty Retailers,1
2019,Goa,Advertising,1
2019,Goa,Automotive,2
2019,Goa,Art & Photography,1
2019,Goa,Chemicals,1
2019,Goa,Construction,1
2019,Goa,Agriculture,3
2019,Goa,Aeronautics Aerospace & Defence,1
2019,Goa,Green Technology,1
2019,Goa,Finance Technology,2
2019,Goa,Enterprise Software,3
2019,Goa,Food & Beverages,1
2019,Goa,Design,2
2019,Goa,Dating Matrimonial,1
2019,Goa,Education,2
2019,Goa,Renewable Energy,2
2019,Goa,Technology Hardware,2
2019,Goa,Healthcare & Lifesciences,1
2019,Goa,IT Services,7
2019,Goa,Marketing,4
2019,Goa,Retail,1
2019,Goa,Professional & Commercial Services,1
2019,Goa,Travel & Tourism,1
2019,Goa,Security Solutions,1
2019,Goa,Safety,1
2019,Delhi,Analytics,15
2019,Delhi,Advertising,18
2019,Delhi,Architecture Interior Design,9
2019,Delhi,AR VR (Augmented + Virtual Reality),8
2019,Delhi,Automotive,17
2019,Delhi,Art & Photography,4
2019,Delhi,Animation,3
2019,Delhi,Chemicals,7
2019,Delhi,Computer Vision,3
2019,Delhi,Telecommunication & Networking,25
2019,Delhi,Construction,39
2019,Delhi,Agriculture,39
2019,Delhi,Aeronautics Aerospace & Defence,7
2019,Delhi,AI,43
2019,Delhi,Green Technology,44
2019,Delhi,Events,12
2019,Delhi,Fashion,21
2019,Delhi,Finance Technology,58
2019,Delhi,Enterprise Software,34
2019,Delhi,Food & Beverages,61
2019,Delhi,Design,7
2019,Delhi,Dating Matrimonial,3
2019,Delhi,Education,110
2019,Delhi,Renewable Energy,47
2019,Delhi,Technology Hardware,35
2019,Delhi,Healthcare & Lifesciences,123
2019,Delhi,Internet of Things,18
2019,Delhi,IT Services,149
2019,Delhi,Human Resources,41
2019,Delhi,Marketing,40
2019,Delhi,Nanotechnology,3
2019,Delhi,Non- Renewable Energy,5
2019,Delhi,Pets & Animals,4
2019,Delhi,Media & Entertainment,37
2019,Delhi,Retail,37
2019,Delhi,House-Hold Services,10
2019,Delhi,Professional & Commercial Services,103
2019,Delhi,Sports,12
2019,Delhi,Social Impact,14
2019,Delhi,Social Network,26
2019,Delhi,Textiles & Apparel,26
2019,Delhi,Transportation & Storage,36
2019,Delhi,Travel & Tourism,40
2019,Delhi,Security Solutions,16
2019,Delhi,Real Estate,13
2019,Delhi,Other Specialty Retailers,12
2019,Delhi,Safety,7
2019,Delhi,Robotics,9
2019,Gujarat,Analytics,1
2019,Gujarat,Advertising,6
2019,Gujarat,Architecture Interior Design,6
2019,Gujarat,AR VR (Augmented + Virtual Reality),4
2019,Gujarat,Automotive,14
2019,Gujarat,Art & Photography,3
2019,Gujarat,Chemicals,8
2019,Gujarat,Computer Vision,4
2019,Gujarat,Telecommunication & Networking,1
2019,Gujarat,Construction,28
2019,Gujarat,Agriculture,26
2019,Gujarat,Aeronautics Aerospace & Defence,7
2019,Gujarat,AI,12
2019,Gujarat,Green Technology,22
2019,Gujarat,Events,3
2019,Gujarat,Fashion,12
2019,Gujarat,Finance Technology,14
2019,Gujarat,Enterprise Software,15
2019,Gujarat,Food & Beverages,28
2019,Gujarat,Design,8
2019,Gujarat,Education,27
2019,Gujarat,Renewable Energy,32
2019,Gujarat,Technology Hardware,34
2019,Gujarat,Healthcare & Lifesciences,80
2019,Gujarat,Internet of Things,15
2019,Gujarat,IT Services,73
2019,Gujarat,Human Resources,7
2019,Gujarat,Marketing,7
2019,Gujarat,Nanotechnology,4
2019,Gujarat,Non- Renewable Energy,6
2019,Gujarat,Pets & Animals,2
2019,Gujarat,Media & Entertainment,12
2019,Gujarat,Retail,11
2019,Gujarat,House-Hold Services,4
2019,Gujarat,Professional & Commercial Services,38
2019,Gujarat,Sports,7
2019,Gujarat,Social Impact,5
2019,Gujarat,Social Network,8
2019,Gujarat,Textiles & Apparel,8
2019,Gujarat,Transportation & Storage,11
2019,Gujarat,Travel & Tourism,7
2019,Gujarat,Security Solutions,5
2019,Gujarat,Real Estate,1
2019,Gujarat,Other Specialty Retailers,7
2019,Gujarat,Safety,2
2019,Gujarat,Robotics,7
2019,Gujarat,Waste Management,1
2019,Gujarat,Others,1
2019,Himachal Pradesh,Construction,4
2019,Himachal Pradesh,Green Technology,1
2019,Himachal Pradesh,Food & Beverages,1
2019,Himachal Pradesh,Education,1
2019,Himachal Pradesh,Renewable Energy,1
2019,Himachal Pradesh,Healthcare & Lifesciences,3
2019,Himachal Pradesh,Internet of Things,1
2019,Himachal Pradesh,IT Services,7
2019,Himachal Pradesh,Human Resources,1
2019,Himachal Pradesh,Marketing,1
2019,Himachal Pradesh,Retail,1
2019,Himachal Pradesh,Professional & Commercial Services,3
2019,Himachal Pradesh,Social Impact,1
2019,Himachal Pradesh,Transportation & Storage,1
2019,Himachal Pradesh,Travel & Tourism,3
2019,Himachal Pradesh,Security Solutions,1
2019,Haryana,Analytics,7
2019,Haryana,Advertising,7
2019,Haryana,Architecture Interior Design,5
2019,Haryana,AR VR (Augmented + Virtual Reality),6
2019,Haryana,Automotive,11
2019,Haryana,Art & Photography,4
2019,Haryana,Chemicals,1
2019,Haryana,Telecommunication & Networking,9
2019,Haryana,Construction,36
2019,Haryana,Agriculture,19
2019,Haryana,Aeronautics Aerospace & Defence,5
2019,Haryana,AI,24
2019,Haryana,Green Technology,27
2019,Haryana,Events,1
2019,Haryana,Fashion,13
2019,Haryana,Finance Technology,26
2019,Haryana,Enterprise Software,18
2019,Haryana,Food & Beverages,36
2019,Haryana,Design,6
2019,Haryana,Education,64
2019,Haryana,Renewable Energy,23
2019,Haryana,Technology Hardware,17
2019,Haryana,Healthcare & Lifesciences,57
2019,Haryana,Internet of Things,11
2019,Haryana,IT Services,87
2019,Haryana,Human Resources,17
2019,Haryana,Marketing,26
2019,Haryana,Nanotechnology,1
2019,Haryana,Non- Renewable Energy,2
2019,Haryana,Pets & Animals,2
2019,Haryana,Media & Entertainment,12
2019,Haryana,Retail,21
2019,Haryana,House-Hold Services,7
2019,Haryana,Professional & Commercial Services,29
2019,Haryana,Sports,7
2019,Haryana,Social Impact,5
2019,Haryana,Social Network,11
2019,Haryana,Textiles & Apparel,8
2019,Haryana,Transportation & Storage,19
2019,Haryana,Travel & Tourism,23
2019,Haryana,Security Solutions,6
2019,Haryana,Real Estate,7
2019,Haryana,Other Specialty Retailers,4
2019,Haryana,Safety,2
2019,Haryana,Robotics,1
2019,Jammu and Kashmir,AR VR (Augmented + Virtual Reality),1
2019,Jammu and Kashmir,Automotive,3
2019,Jammu and Kashmir,Animation,1
2019,Jammu and Kashmir,Telecommunication & Networking,1
2019,Jammu and Kashmir,Construction,4
2019,Jammu and Kashmir,Agriculture,2
2019,Jammu and Kashmir,Green Technology,1
2019,Jammu and Kashmir,Events,1
2019,Jammu and Kashmir,Education,2
2019,Jammu and Kashmir,Renewable Energy,1
2019,Jammu and Kashmir,Healthcare & Lifesciences,5
2019,Jammu and Kashmir,IT Services,6
2019,Jammu and Kashmir,Marketing,1
2019,Jammu and Kashmir,Professional & Commercial Services,2
2019,Jammu and Kashmir,Textiles & Apparel,1
2019,Jammu and Kashmir,Transportation & Storage,1
2019,Jammu and Kashmir,Security Solutions,2
2019,Jammu and Kashmir,Real Estate,1
2019,Jammu and Kashmir,Other Specialty Retailers,1
2019,Jammu and Kashmir,Safety,1
2019,Jharkhand,Advertising,2
2019,Jharkhand,Architecture Interior Design,1
2019,Jharkhand,Automotive,5
2019,Jharkhand,Art & Photography,1
2019,Jharkhand,Chemicals,2
2019,Jharkhand,Construction,6
2019,Jharkhand,Agriculture,4
2019,Jharkhand,AI,1
2019,Jharkhand,Green Technology,4
2019,Jharkhand,Enterprise Software,1
2019,Jharkhand,Food & Beverages,6
2019,Jharkhand,Education,7
2019,Jharkhand,Renewable Energy,3
2019,Jharkhand,Healthcare & Lifesciences,4
2019,Jharkhand,Internet of Things,5
2019,Jharkhand,IT Services,13
2019,Jharkhand,Human Resources,1
2019,Jharkhand,Marketing,4
2019,Jharkhand,Media & Entertainment,2
2019,Jharkhand,Retail,1
2019,Jharkhand,House-Hold Services,2
2019,Jharkhand,Professional & Commercial Services,2
2019,Jharkhand,Social Network,1
2019,Jharkhand,Textiles & Apparel,2
2019,Jharkhand,Transportation & Storage,2
2019,Jharkhand,Travel & Tourism,3
2019,Jharkhand,Security Solutions,2
2019,Jharkhand,Real Estate,1
2019,Jharkhand,Safety,1
2019,Bihar,AR VR (Augmented + Virtual Reality),1
2019,Bihar,Automotive,1
2019,Bihar,Art & Photography,1
2019,Bihar,Construction,46
2019,Bihar,Agriculture,11
2019,Bihar,AI,1
2019,Bihar,Green Technology,4
2019,Bihar,Events,1
2019,Bihar,Finance Technology,1
2019,Bihar,Food & Beverages,5
2019,Bihar,Design,1
2019,Bihar,Education,9
2019,Bihar,Renewable Energy,6
2019,Bihar,Technology Hardware,1
2019,Bihar,Healthcare & Lifesciences,11
2019,Bihar,Internet of Things,4
2019,Bihar,IT Services,14
2019,Bihar,Human Resources,4
2019,Bihar,Marketing,6
2019,Bihar,Pets & Animals,1
2019,Bihar,Media & Entertainment,2
2019,Bihar,Retail,4
2019,Bihar,House-Hold Services,4
2019,Bihar,Professional & Commercial Services,6
2019,Bihar,Social Impact,1
2019,Bihar,Textiles & Apparel,1
2019,Bihar,Transportation & Storage,4
2019,Bihar,Travel & Tourism,1
2019,Bihar,Security Solutions,2
2019,Bihar,Real Estate,1
2019,Bihar,Other Specialty Retailers,1
2019,Bihar,Safety,1
2019,Bihar,Robotics,1
2019,Kerala,Analytics,9
2019,Kerala,Advertising,9
2019,Kerala,Architecture Interior Design,1
2019,Kerala,AR VR (Augmented + Virtual Reality),12
2019,Kerala,Automotive,7
2019,Kerala,Art & Photography,1
2019,Kerala,Animation,2
2019,Kerala,Chemicals,1
2019,Kerala,Computer Vision,1
2019,Kerala,Telecommunication & Networking,4
2019,Kerala,Construction,11
2019,Kerala,Agriculture,19
2019,Kerala,Aeronautics Aerospace & Defence,3
2019,Kerala,AI,27
2019,Kerala,Green Technology,22
2019,Kerala,Events,2
2019,Kerala,Fashion,5
2019,Kerala,Finance Technology,10
2019,Kerala,Enterprise Software,28
2019,Kerala,Food & Beverages,20
2019,Kerala,Design,5
2019,Kerala,Education,43
2019,Kerala,Renewable Energy,9
2019,Kerala,Technology Hardware,36
2019,Kerala,Healthcare & Lifesciences,45
2019,Kerala,Internet of Things,21
2019,Kerala,IT Services,191
2019,Kerala,Human Resources,5
2019,Kerala,Marketing,16
2019,Kerala,Media & Entertainment,14
2019,Kerala,Retail,10
2019,Kerala,House-Hold Services,5
2019,Kerala,Professional & Commercial Services,16
2019,Kerala,Sports,4
2019,Kerala,Social Impact,3
2019,Kerala,Social Network,7
2019,Kerala,Textiles & Apparel,4
2019,Kerala,Transportation & Storage,6
2019,Kerala,Travel & Tourism,16
2019,Kerala,Security Solutions,4
2019,Kerala,Real Estate,1
2019,Kerala,Other Specialty Retailers,2
2019,Kerala,Safety,1
2019,Kerala,Robotics,11
2019,Karnataka,Analytics,27
2019,Karnataka,Advertising,15
2019,Karnataka,Architecture Interior Design,10
2019,Karnataka,AR VR (Augmented + Virtual Reality),19
2019,Karnataka,Automotive,22
2019,Karnataka,Art & Photography,4
2019,Karnataka,Animation,1
2019,Karnataka,Chemicals,4
2019,Karnataka,Computer Vision,12
2019,Karnataka,Telecommunication & Networking,14
2019,Karnataka,Construction,26
2019,Karnataka,Agriculture,77
2019,Karnataka,Aeronautics Aerospace & Defence,21
2019,Karnataka,AI,86
2019,Karnataka,Green Technology,58
2019,Karnataka,Events,4
2019,Karnataka,Fashion,10
2019,Karnataka,Finance Technology,88
2019,Karnataka,Enterprise Software,76
2019,Karnataka,Food & Beverages,79
2019,Karnataka,Design,14
2019,Karnataka,Dating Matrimonial,3
2019,Karnataka,Education,112
2019,Karnataka,Renewable Energy,22
2019,Karnataka,Technology Hardware,60
2019,Karnataka,Healthcare & Lifesciences,177
2019,Karnataka,Internet of Things,69
2019,Karnataka,IT Services,245
2019,Karnataka,Human Resources,32
2019,Karnataka,Marketing,37
2019,Karnataka,Nanotechnology,7
2019,Karnataka,Non- Renewable Energy,3
2019,Karnataka,Pets & Animals,4
2019,Karnataka,Media & Entertainment,34
2019,Karnataka,Retail,46
2019,Karnataka,House-Hold Services,9
2019,Karnataka,Professional & Commercial Services,45
2019,Karnataka,Sports,7
2019,Karnataka,Social Impact,12
2019,Karnataka,Social Network,13
2019,Karnataka,Textiles & Apparel,12
2019,Karnataka,Transportation & Storage,32
2019,Karnataka,Travel & Tourism,44
2019,Karnataka,Security Solutions,16
2019,Karnataka,Real Estate,12
2019,Karnataka,Other Specialty Retailers,9
2019,Karnataka,Safety,1
2019,Karnataka,Robotics,16
2019,Chhattisgarh,Analytics,2
2019,Chhattisgarh,Advertising,2
2019,Chhattisgarh,Architecture Interior Design,2
2019,Chhattisgarh,Automotive,4
2019,Chhattisgarh,Art & Photography,1
2019,Chhattisgarh,Chemicals,1
2019,Chhattisgarh,Computer Vision,1
2019,Chhattisgarh,Construction,1
2019,Chhattisgarh,Agriculture,29
2019,Chhattisgarh,AI,1
2019,Chhattisgarh,Green Technology,4
2019,Chhattisgarh,Finance Technology,2
2019,Chhattisgarh,Enterprise Software,2
2019,Chhattisgarh,Food & Beverages,3
2019,Chhattisgarh,Design,1
2019,Chhattisgarh,Dating Matrimonial,1
2019,Chhattisgarh,Education,14
2019,Chhattisgarh,Renewable Energy,7
2019,Chhattisgarh,Technology Hardware,5
2019,Chhattisgarh,Healthcare & Lifesciences,16
2019,Chhattisgarh,Internet of Things,4
2019,Chhattisgarh,IT Services,15
2019,Chhattisgarh,Marketing,4
2019,Chhattisgarh,Non- Renewable Energy,1
2019,Chhattisgarh,Pets & Animals,1
2019,Chhattisgarh,Media & Entertainment,6
2019,Chhattisgarh,Retail,5
2019,Chhattisgarh,House-Hold Services,3
2019,Chhattisgarh,Professional & Commercial Services,8
2019,Chhattisgarh,Sports,1
2019,Chhattisgarh,Social Impact,3
2019,Chhattisgarh,Social Network,1
2019,Chhattisgarh,Transportation & Storage,5
2019,Chhattisgarh,Travel & Tourism,4
2019,Chhattisgarh,Security Solutions,1
2019,Chhattisgarh,Real Estate,1
2019,Chhattisgarh,Safety,1
2019,Chhattisgarh,Robotics,3
2019,Andhra Pradesh,Analytics,2
2019,Andhra Pradesh,Architecture Interior Design,1
2019,Andhra Pradesh,AR VR (Augmented + Virtual Reality),1
2019,Andhra Pradesh,Automotive,4
2019,Andhra Pradesh,Art & Photography,1
2019,Andhra Pradesh,Chemicals,2
2019,Andhra Pradesh,Telecommunication & Networking,1
2019,Andhra Pradesh,Construction,9
2019,Andhra Pradesh,Agriculture,12
2019,Andhra Pradesh,Aeronautics Aerospace & Defence,1
2019,Andhra Pradesh,AI,4
2019,Andhra Pradesh,Green Technology,6
2019,Andhra Pradesh,Events,1
2019,Andhra Pradesh,Finance Technology,1
2019,Andhra Pradesh,Enterprise Software,2
2019,Andhra Pradesh,Food & Beverages,7
2019,Andhra Pradesh,Design,2
2019,Andhra Pradesh,Education,8
2019,Andhra Pradesh,Renewable Energy,4
2019,Andhra Pradesh,Technology Hardware,6
2019,Andhra Pradesh,Healthcare & Lifesciences,16
2019,Andhra Pradesh,Internet of Things,5
2019,Andhra Pradesh,IT Services,38
2019,Andhra Pradesh,Human Resources,1
2019,Andhra Pradesh,Marketing,3
2019,Andhra Pradesh,Media & Entertainment,2
2019,Andhra Pradesh,Retail,5
2019,Andhra Pradesh,House-Hold Services,2
2019,Andhra Pradesh,Professional & Commercial Services,10
2019,Andhra Pradesh,Social Impact,1
2019,Andhra Pradesh,Social Network,2
2019,Andhra Pradesh,Textiles & Apparel,3
2019,Andhra Pradesh,Transportation & Storage,4
2019,Andhra Pradesh,Security Solutions,3
2019,Andhra Pradesh,Real Estate,3
2019,Andhra Pradesh,Other Specialty Retailers,1
2019,Andhra Pradesh,Robotics,5
2019,Arunachal Pradesh,Travel & Tourism,2
2019,Andaman and Nicobar Islands,Agriculture,1
2019,Andaman and Nicobar Islands,IT Services,2
2019,Andaman and Nicobar Islands,Professional & Commercial Services,1
2019,Andaman and Nicobar Islands,Travel & Tourism,3
2019,Andaman and Nicobar Islands,Other Specialty Retailers,1
2019,Manipur,Construction,2
2019,Manipur,Renewable Energy,1
2019,Manipur,Healthcare & Lifesciences,1
2019,Manipur,Retail,1
2019,Manipur,Textiles & Apparel,1
2019,Mizoram,Telecommunication & Networking,1
2019,Rajasthan,Analytics,2
2019,Rajasthan,Advertising,3
2019,Rajasthan,Architecture Interior Design,3
2019,Rajasthan,AR VR (Augmented + Virtual Reality),3
2019,Rajasthan,Automotive,4
2019,Rajasthan,Art & Photography,3
2019,Rajasthan,Computer Vision,1
2019,Rajasthan,Telecommunication & Networking,5
2019,Rajasthan,Construction,18
2019,Rajasthan,Agriculture,15
2019,Rajasthan,AI,5
2019,Rajasthan,Green Technology,15
2019,Rajasthan,Events,3
2019,Rajasthan,Fashion,10
2019,Rajasthan,Finance Technology,15
2019,Rajasthan,Enterprise Software,3
2019,Rajasthan,Food & Beverages,19
2019,Rajasthan,Design,4
2019,Rajasthan,Dating Matrimonial,1
2019,Rajasthan,Education,35
2019,Rajasthan,Renewable Energy,14
2019,Rajasthan,Technology Hardware,10
2019,Rajasthan,Healthcare & Lifesciences,22
2019,Rajasthan,Internet of Things,6
2019,Rajasthan,IT Services,35
2019,Rajasthan,Human Resources,5
2019,Rajasthan,Marketing,9
2019,Rajasthan,Pets & Animals,1
2019,Rajasthan,Media & Entertainment,6
2019,Rajasthan,Retail,10
2019,Rajasthan,House-Hold Services,5
2019,Rajasthan,Professional & Commercial Services,23
2019,Rajasthan,Sports,1
2019,Rajasthan,Social Impact,3
2019,Rajasthan,Social Network,6
2019,Rajasthan,Textiles & Apparel,8
2019,Rajasthan,Transportation & Storage,9
2019,Rajasthan,Travel & Tourism,6
2019,Rajasthan,Security Solutions,2
2019,Rajasthan,Real Estate,3
2019,Rajasthan,Other Specialty Retailers,3
2019,Rajasthan,Safety,1
2019,Rajasthan,Robotics,3
2019,Sikkim,Construction,1
2019,Sikkim,IT Services,1
2019,Tamil Nadu,Analytics,8
2019,Tamil Nadu,Advertising,7
2019,Tamil Nadu,Architecture Interior Design,3
2019,Tamil Nadu,AR VR (Augmented + Virtual Reality),11
2019,Tamil Nadu,Automotive,13
2019,Tamil Nadu,Chemicals,4
2019,Tamil Nadu,Computer Vision,2
2019,Tamil Nadu,Telecommunication & Networking,5
2019,Tamil Nadu,Construction,8
2019,Tamil Nadu,Agriculture,32
2019,Tamil Nadu,Aeronautics Aerospace & Defence,11
2019,Tamil Nadu,AI,15
2019,Tamil Nadu,Green Technology,23
2019,Tamil Nadu,Events,3
2019,Tamil Nadu,Fashion,6
2019,Tamil Nadu,Finance Technology,32
2019,Tamil Nadu,Enterprise Software,33
2019,Tamil Nadu,Food & Beverages,24
2019,Tamil Nadu,Design,8
2019,Tamil Nadu,Dating Matrimonial,1
2019,Tamil Nadu,Education,27
2019,Tamil Nadu,Renewable Energy,14
2019,Tamil Nadu,Technology Hardware,23
2019,Tamil Nadu,Healthcare & Lifesciences,60
2019,Tamil Nadu,Internet of Things,25
2019,Tamil Nadu,IT Services,101
2019,Tamil Nadu,Human Resources,8
2019,Tamil Nadu,Marketing,11
2019,Tamil Nadu,Nanotechnology,1
2019,Tamil Nadu,Non- Renewable Energy,2
2019,Tamil Nadu,Pets & Animals,4
2019,Tamil Nadu,Media & Entertainment,8
2019,Tamil Nadu,Retail,12
2019,Tamil Nadu,House-Hold Services,6
2019,Tamil Nadu,Professional & Commercial Services,19
2019,Tamil Nadu,Sports,3
2019,Tamil Nadu,Social Impact,3
2019,Tamil Nadu,Social Network,6
2019,Tamil Nadu,Textiles & Apparel,10
2019,Tamil Nadu,Transportation & Storage,11
2019,Tamil Nadu,Travel & Tourism,7
2019,Tamil Nadu,Security Solutions,5
2019,Tamil Nadu,Real Estate,5
2019,Tamil Nadu,Other Specialty Retailers,5
2019,Tamil Nadu,Safety,1
2019,Tamil Nadu,Robotics,5
2019,Madhya Pradesh,Analytics,1
2019,Madhya Pradesh,Advertising,3
2019,Madhya Pradesh,Architecture Interior Design,3
2019,Madhya Pradesh,Automotive,6
2019,Madhya Pradesh,Art & Photography,1
2019,Madhya Pradesh,Animation,1
2019,Madhya Pradesh,Chemicals,1
2019,Madhya Pradesh,Computer Vision,1
2019,Madhya Pradesh,Telecommunication & Networking,1
2019,Madhya Pradesh,Construction,18
2019,Madhya Pradesh,Agriculture,25
2019,Madhya Pradesh,Aeronautics Aerospace & Defence,2
2019,Madhya Pradesh,AI,4
2019,Madhya Pradesh,Green Technology,16
2019,Madhya Pradesh,Events,4
2019,Madhya Pradesh,Fashion,4
2019,Madhya Pradesh,Finance Technology,7
2019,Madhya Pradesh,Enterprise Software,7
2019,Madhya Pradesh,Food & Beverages,22
2019,Madhya Pradesh,Education,27
2019,Madhya Pradesh,Renewable Energy,7
2019,Madhya Pradesh,Technology Hardware,12
2019,Madhya Pradesh,Healthcare & Lifesciences,20
2019,Madhya Pradesh,Internet of Things,4
2019,Madhya Pradesh,IT Services,50
2019,Madhya Pradesh,Human Resources,9
2019,Madhya Pradesh,Marketing,8
2019,Madhya Pradesh,Non- Renewable Energy,2
2019,Madhya Pradesh,Media & Entertainment,4
2019,Madhya Pradesh,Retail,6
2019,Madhya Pradesh,House-Hold Services,4
2019,Madhya Pradesh,Professional & Commercial Services,17
2019,Madhya Pradesh,Social Impact,2
2019,Madhya Pradesh,Textiles & Apparel,2
2019,Madhya Pradesh,Transportation & Storage,8
2019,Madhya Pradesh,Travel & Tourism,8
2019,Madhya Pradesh,Security Solutions,4
2019,Madhya Pradesh,Real Estate,7
2019,Madhya Pradesh,Other Specialty Retailers,1
2019,Madhya Pradesh,Safety,2
2019,Madhya Pradesh,Robotics,3
2019,Madhya Pradesh,Biotechnology,1
2019,Tripura,Construction,1
2019,Tripura,Agriculture,1
2019,Tripura,Education,1
2019,Tripura,IT Services,1
2019,Tripura,Retail,1
2019,Tripura,Professional & Commercial Services,1
2019,Tripura,Social Impact,1
2019,Nagaland,IT Services,1
2019,Nagaland,Media & Entertainment,1
2019,Telangana,Analytics,8
2019,Telangana,Advertising,6
2019,Telangana,Architecture Interior Design,3
2019,Telangana,AR VR (Augmented + Virtual Reality),8
2019,Telangana,Automotive,19
2019,Telangana,Art & Photography,2
2019,Telangana,Animation,1
2019,Telangana,Chemicals,7
2019,Telangana,Computer Vision,5
2019,Telangana,Telecommunication & Networking,6
2019,Telangana,Construction,6
2019,Telangana,Agriculture,33
2019,Telangana,Aeronautics Aerospace & Defence,13
2019,Telangana,AI,25
2019,Telangana,Green Technology,19
2019,Telangana,Events,1
2019,Telangana,Fashion,6
2019,Telangana,Finance Technology,21
2019,Telangana,Enterprise Software,16
2019,Telangana,Food & Beverages,30
2019,Telangana,Design,6
2019,Telangana,Education,40
2019,Telangana,Renewable Energy,14
2019,Telangana,Technology Hardware,18
2019,Telangana,Healthcare & Lifesciences,62
2019,Telangana,Internet of Things,18
2019,Telangana,IT Services,105
2019,Telangana,Human Resources,6
2019,Telangana,Marketing,7
2019,Telangana,Pets & Animals,2
2019,Telangana,Media & Entertainment,6
2019,Telangana,Retail,12
2019,Telangana,House-Hold Services,2
2019,Telangana,Professional & Commercial Services,14
2019,Telangana,Sports,1
2019,Telangana,Social Impact,5
2019,Telangana,Social Network,8
2019,Telangana,Textiles & Apparel,1
2019,Telangana,Transportation & Storage,20
2019,Telangana,Travel & Tourism,4
2019,Telangana,Security Solutions,6
2019,Telangana,Real Estate,10
2019,Telangana,Other Specialty Retailers,6
2019,Telangana,Safety,3
2019,Telangana,Robotics,9
2019,Uttarakhand,Chemicals,1
2019,Uttarakhand,Telecommunication & Networking,3
2019,Uttarakhand,Construction,6
2019,Uttarakhand,Agriculture,9
2019,Uttarakhand,Aeronautics Aerospace & Defence,1
2019,Uttarakhand,AI,2
2019,Uttarakhand,Green Technology,5
2019,Uttarakhand,Finance Technology,2
2019,Uttarakhand,Food & Beverages,7
2019,Uttarakhand,Education,9
2019,Uttarakhand,Renewable Energy,4
2019,Uttarakhand,Technology Hardware,2
2019,Uttarakhand,Healthcare & Lifesciences,9
2019,Uttarakhand,Internet of Things,2
2019,Uttarakhand,IT Services,12
2019,Uttarakhand,Human Resources,3
2019,Uttarakhand,Marketing,3
2019,Uttarakhand,Media & Entertainment,1
2019,Uttarakhand,House-Hold Services,1
2019,Uttarakhand,Professional & Commercial Services,2
2019,Uttarakhand,Social Impact,1
2019,Uttarakhand,Social Network,2
2019,Uttarakhand,Transportation & Storage,3
2019,Uttarakhand,Travel & Tourism,5
2019,Uttarakhand,Real Estate,1
2019,Uttarakhand,Other Specialty Retailers,1
2019,Uttarakhand,Robotics,1
2019,West Bengal,Analytics,3
2019,West Bengal,Advertising,3
2019,West Bengal,AR VR (Augmented + Virtual Reality),1
2019,West Bengal,Automotive,3
2019,West Bengal,Art & Photography,2
2019,West Bengal,Chemicals,2
2019,West Bengal,Computer Vision,1
2019,West Bengal,Telecommunication & Networking,3
2019,West Bengal,Construction,5
2019,West Bengal,Agriculture,9
2019,West Bengal,Aeronautics Aerospace & Defence,3
2019,West Bengal,AI,3
2019,West Bengal,Green Technology,15
2019,West Bengal,Events,6
2019,West Bengal,Fashion,4
2019,West Bengal,Finance Technology,16
2019,West Bengal,Enterprise Software,6
2019,West Bengal,Food & Beverages,17
2019,West Bengal,Dating Matrimonial,2
2019,West Bengal,Education,19
2019,West Bengal,Renewable Energy,3
2019,West Bengal,Technology Hardware,6
2019,West Bengal,Healthcare & Lifesciences,28
2019,West Bengal,Internet of Things,7
2019,West Bengal,IT Services,56
2019,West Bengal,Human Resources,6
2019,West Bengal,Marketing,10
2019,West Bengal,Pets & Animals,1
2019,West Bengal,Media & Entertainment,5
2019,West Bengal,Retail,12
2019,West Bengal,House-Hold Services,4
2019,West Bengal,Professional & Commercial Services,12
2019,West Bengal,Sports,2
2019,West Bengal,Social Impact,3
2019,West Bengal,Social Network,4
2019,West Bengal,Textiles & Apparel,5
2019,West Bengal,Transportation & Storage,10
2019,West Bengal,Travel & Tourism,10
2019,West Bengal,Security Solutions,3
2019,West Bengal,Real Estate,4
2019,West Bengal,Other Specialty Retailers,4
2019,West Bengal,Robotics,2
2019,Uttar Pradesh,Analytics,13
2019,Uttar Pradesh,Advertising,11
2019,Uttar Pradesh,Architecture Interior Design,4
2019,Uttar Pradesh,AR VR (Augmented + Virtual Reality),4
2019,Uttar Pradesh,Automotive,12
2019,Uttar Pradesh,Art & Photography,2
2019,Uttar Pradesh,Chemicals,4
2019,Uttar Pradesh,Computer Vision,3
2019,Uttar Pradesh,Telecommunication & Networking,10
2019,Uttar Pradesh,Construction,31
2019,Uttar Pradesh,Agriculture,41
2019,Uttar Pradesh,Aeronautics Aerospace & Defence,4
2019,Uttar Pradesh,AI,20
2019,Uttar Pradesh,Green Technology,37
2019,Uttar Pradesh,Events,4
2019,Uttar Pradesh,Fashion,12
2019,Uttar Pradesh,Finance Technology,20
2019,Uttar Pradesh,Enterprise Software,18
2019,Uttar Pradesh,Food & Beverages,39
2019,Uttar Pradesh,Design,7
2019,Uttar Pradesh,Education,68
2019,Uttar Pradesh,Renewable Energy,36
2019,Uttar Pradesh,Technology Hardware,20
2019,Uttar Pradesh,Healthcare & Lifesciences,46
2019,Uttar Pradesh,Internet of Things,19
2019,Uttar Pradesh,IT Services,153
2019,Uttar Pradesh,Human Resources,25
2019,Uttar Pradesh,Marketing,19
2019,Uttar Pradesh,Nanotechnology,3
2019,Uttar Pradesh,Non- Renewable Energy,7
2019,Uttar Pradesh,Pets & Animals,2
2019,Uttar Pradesh,Media & Entertainment,15
2019,Uttar Pradesh,Retail,29
2019,Uttar Pradesh,House-Hold Services,6
2019,Uttar Pradesh,Professional & Commercial Services,51
2019,Uttar Pradesh,Sports,5
2019,Uttar Pradesh,Social Impact,6
2019,Uttar Pradesh,Social Network,10
2019,Uttar Pradesh,Textiles & Apparel,15
2019,Uttar Pradesh,Transportation & Storage,18
2019,Uttar Pradesh,Travel & Tourism,19
2019,Uttar Pradesh,Security Solutions,9
2019,Uttar Pradesh,Real Estate,16
2019,Uttar Pradesh,Other Specialty Retailers,8
2019,Uttar Pradesh,Safety,3
2019,Uttar Pradesh,Robotics,1
2019,Maharashtra,Analytics,13
2019,Maharashtra,Advertising,18
2019,Maharashtra,Architecture Interior Design,20
2019,Maharashtra,AR VR (Augmented + Virtual Reality),13
2019,Maharashtra,Automotive,33
2019,Maharashtra,Art & Photography,7
2019,Maharashtra,Animation,4
2019,Maharashtra,Chemicals,15
2019,Maharashtra,Computer Vision,9
2019,Maharashtra,Telecommunication & Networking,14
2019,Maharashtra,Construction,44
2019,Maharashtra,Agriculture,98
2019,Maharashtra,Aeronautics Aerospace & Defence,18
2019,Maharashtra,AI,76
2019,Maharashtra,Green Technology,73
2019,Maharashtra,Events,10
2019,Maharashtra,Fashion,27
2019,Maharashtra,Finance Technology,125
2019,Maharashtra,Enterprise Software,67
2019,Maharashtra,Food & Beverages,108
2019,Maharashtra,Design,23
2019,Maharashtra,Dating Matrimonial,1
2019,Maharashtra,Education,153
2019,Maharashtra,Renewable Energy,62
2019,Maharashtra,Technology Hardware,66
2019,Maharashtra,Healthcare & Lifesciences,232
2019,Maharashtra,Internet of Things,55
2019,Maharashtra,IT Services,278
2019,Maharashtra,Human Resources,41
2019,Maharashtra,Marketing,46
2019,Maharashtra,Nanotechnology,6
2019,Maharashtra,Non- Renewable Energy,7
2019,Maharashtra,Pets & Animals,6
2019,Maharashtra,Media & Entertainment,58
2019,Maharashtra,Retail,57
2019,Maharashtra,House-Hold Services,16
2019,Maharashtra,Professional & Commercial Services,87
2019,Maharashtra,Sports,15
2019,Maharashtra,Social Impact,19
2019,Maharashtra,Social Network,17
2019,Maharashtra,Textiles & Apparel,14
2019,Maharashtra,Transportation & Storage,47
2019,Maharashtra,Travel & Tourism,45
2019,Maharashtra,Security Solutions,17
2019,Maharashtra,Real Estate,35
2019,Maharashtra,Other Specialty Retailers,6
2019,Maharashtra,Safety,9
2019,Maharashtra,Robotics,19
2019,Dadra and Nagar Haveli and Daman and Diu,Advertising,1
2019,Dadra and Nagar Haveli and Daman and Diu,Healthcare & Lifesciences,1
2019,Dadra and Nagar Haveli and Daman and Diu,Retail,1
2019,Puducherry,Construction,1
2019,Puducherry,Food & Beverages,1
2019,Puducherry,Education,1
2019,Puducherry,Renewable Energy,1
2019,Puducherry,Technology Hardware,1
2019,Puducherry,Healthcare & Lifesciences,1
2019,Puducherry,IT Services,2
2019,Puducherry,Marketing,1
2019,Puducherry,Social Network,1
2019,Puducherry,Security Solutions,1
2019,Meghalaya,Enterprise Software,1
2019,Meghalaya,Food & Beverages,1
2019,Meghalaya,Education,1
2019,Meghalaya,IT Services,2
2019,Meghalaya,Professional & Commercial Services,1
2019,Odisha,Analytics,1
2019,Odisha,Advertising,2
2019,Odisha,Automotive,4
2019,Odisha,Art & Photography,1
2019,Odisha,Computer Vision,1
2019,Odisha,Construction,4
2019,Odisha,Agriculture,14
2019,Odisha,AI,2
2019,Odisha,Green Technology,3
2019,Odisha,Events,5
2019,Odisha,Finance Technology,4
2019,Odisha,Enterprise Software,4
2019,Odisha,Food & Beverages,19
2019,Odisha,Design,2
2019,Odisha,Dating Matrimonial,1
2019,Odisha,Education,13
2019,Odisha,Renewable Energy,10
2019,Odisha,Technology Hardware,4
2019,Odisha,Healthcare & Lifesciences,12
2019,Odisha,Internet of Things,8
2019,Odisha,IT Services,28
2019,Odisha,Human Resources,3
2019,Odisha,Marketing,4
2019,Odisha,Media & Entertainment,3
2019,Odisha,Retail,4
2019,Odisha,House-Hold Services,2
2019,Odisha,Professional & Commercial Services,6
2019,Odisha,Social Network,4
2019,Odisha,Textiles & Apparel,4
2019,Odisha,Transportation & Storage,3
2019,Odisha,Travel & Tourism,7
2019,Odisha,Security Solutions,2
2019,Odisha,Real Estate,1
2019,Odisha,Other Specialty Retailers,1
2019,Odisha,Robotics,1
2019,Punjab,Analytics,4
2019,Punjab,AR VR (Augmented + Virtual Reality),3
2019,Punjab,Automotive,1
2019,Punjab,Chemicals,1
2019,Punjab,Construction,2
2019,Punjab,Agriculture,7
2019,Punjab,AI,2
2019,Punjab,Green Technology,1
2019,Punjab,Fashion,1
2019,Punjab,Finance Technology,1
2019,Punjab,Enterprise Software,1
2019,Punjab,Food & Beverages,3
2019,Punjab,Design,1
2019,Punjab,Education,4
2019,Punjab,Renewable Energy,2
2019,Punjab,Technology Hardware,1
2019,Punjab,Healthcare & Lifesciences,11
2019,Punjab,Internet of Things,2
2019,Punjab,IT Services,24
2019,Punjab,Human Resources,3
2019,Punjab,Media & Entertainment,1
2019,Punjab,Retail,3
2019,Punjab,Professional & Commercial Services,4
2019,Punjab,Textiles & Apparel,4
2019,Punjab,Transportation & Storage,3
2019,Punjab,Travel & Tourism,3
2019,Punjab,Security Solutions,1
2019,Punjab,Real Estate,1
2019,Punjab,Other Specialty Retailers,3
2019,Punjab,Safety,1
2018,Assam,Architecture Interior Design,2
2018,Assam,Computer Vision,1
2018,Assam,Telecommunication & Networking,1
2018,Assam,Construction,6
2018,Assam,Agriculture,4
2018,Assam,Aeronautics Aerospace & Defence,2
2018,Assam,Green Technology,3
2018,Assam,Fashion,2
2018,Assam,Food & Beverages,2
2018,Assam,Design,1
2018,Assam,Education,4
2018,Assam,Healthcare & Lifesciences,4
2018,Assam,IT Services,8
2018,Assam,Human Resources,5
2018,Assam,Marketing,3
2018,Assam,Non- Renewable Energy,1
2018,Assam,Media & Entertainment,1
2018,Assam,Retail,2
2018,Assam,House-Hold Services,1
2018,Assam,Professional & Commercial Services,3
2018,Assam,Transportation & Storage,2
2018,Assam,Travel & Tourism,6
2018,Assam,Security Solutions,2
2018,Assam,Others,2
2018,Chandigarh,Advertising,1
2018,Chandigarh,Architecture Interior Design,1
2018,Chandigarh,Construction,1
2018,Chandigarh,Green Technology,1
2018,Chandigarh,Enterprise Software,2
2018,Chandigarh,Food & Beverages,3
2018,Chandigarh,Education,2
2018,Chandigarh,Renewable Energy,1
2018,Chandigarh,Healthcare & Lifesciences,5
2018,Chandigarh,IT Services,3
2018,Chandigarh,Human Resources,1
2018,Chandigarh,Retail,2
2018,Chandigarh,House-Hold Services,1
2018,Chandigarh,Professional & Commercial Services,2
2018,Chandigarh,Social Network,1
2018,Goa,Analytics,1
2018,Goa,Advertising,1
2018,Goa,Automotive,1
2018,Goa,Animation,1
2018,Goa,Construction,1
2018,Goa,Green Technology,2
2018,Goa,Enterprise Software,1
2018,Goa,Food & Beverages,2
2018,Goa,Design,1
2018,Goa,Education,3
2018,Goa,Healthcare & Lifesciences,3
2018,Goa,Internet of Things,2
2018,Goa,IT Services,13
2018,Goa,Human Resources,1
2018,Goa,Marketing,4
2018,Goa,Media & Entertainment,1
2018,Goa,House-Hold Services,1
2018,Goa,Professional & Commercial Services,3
2018,Goa,Transportation & Storage,1
2018,Goa,Travel & Tourism,1
2018,Delhi,Analytics,9
2018,Delhi,Advertising,12
2018,Delhi,Architecture Interior Design,2
2018,Delhi,AR VR (Augmented + Virtual Reality),4
2018,Delhi,Automotive,16
2018,Delhi,Art & Photography,4
2018,Delhi,Animation,2
2018,Delhi,Chemicals,2
2018,Delhi,Computer Vision,4
2018,Delhi,Telecommunication & Networking,18
2018,Delhi,Construction,31
2018,Delhi,Agriculture,29
2018,Delhi,Aeronautics Aerospace & Defence,13
2018,Delhi,AI,29
2018,Delhi,Green Technology,30
2018,Delhi,Events,9
2018,Delhi,Fashion,19
2018,Delhi,Finance Technology,32
2018,Delhi,Enterprise Software,21
2018,Delhi,Food & Beverages,40
2018,Delhi,Design,17
2018,Delhi,Dating Matrimonial,1
2018,Delhi,Education,119
2018,Delhi,Renewable Energy,51
2018,Delhi,Technology Hardware,27
2018,Delhi,Healthcare & Lifesciences,95
2018,Delhi,Internet of Things,23
2018,Delhi,IT Services,156
2018,Delhi,Human Resources,28
2018,Delhi,Marketing,37
2018,Delhi,Nanotechnology,2
2018,Delhi,Non- Renewable Energy,6
2018,Delhi,Pets & Animals,1
2018,Delhi,Media & Entertainment,29
2018,Delhi,Retail,29
2018,Delhi,House-Hold Services,12
2018,Delhi,Professional & Commercial Services,68
2018,Delhi,Sports,6
2018,Delhi,Social Impact,18
2018,Delhi,Social Network,15
2018,Delhi,Textiles & Apparel,11
2018,Delhi,Transportation & Storage,35
2018,Delhi,Travel & Tourism,33
2018,Delhi,Security Solutions,19
2018,Delhi,Real Estate,9
2018,Delhi,Other Specialty Retailers,8
2018,Delhi,Safety,6
2018,Delhi,Robotics,2
2018,Gujarat,Analytics,3
2018,Gujarat,Advertising,3
2018,Gujarat,Architecture Interior Design,6
2018,Gujarat,AR VR (Augmented + Virtual Reality),5
2018,Gujarat,Automotive,4
2018,Gujarat,Animation,1
2018,Gujarat,Chemicals,5
2018,Gujarat,Computer Vision,1
2018,Gujarat,Telecommunication & Networking,10
2018,Gujarat,Construction,18
2018,Gujarat,Agriculture,20
2018,Gujarat,Aeronautics Aerospace & Defence,4
2018,Gujarat,AI,3
2018,Gujarat,Green Technology,22
2018,Gujarat,Events,3
2018,Gujarat,Fashion,7
2018,Gujarat,Finance Technology,8
2018,Gujarat,Enterprise Software,6
2018,Gujarat,Food & Beverages,21
2018,Gujarat,Design,5
2018,Gujarat,Education,20
2018,Gujarat,Renewable Energy,21
2018,Gujarat,Technology Hardware,19
2018,Gujarat,Healthcare & Lifesciences,47
2018,Gujarat,Internet of Things,11
2018,Gujarat,IT Services,70
2018,Gujarat,Human Resources,3
2018,Gujarat,Marketing,10
2018,Gujarat,Nanotechnology,1
2018,Gujarat,Non- Renewable Energy,7
2018,Gujarat,Pets & Animals,1
2018,Gujarat,Media & Entertainment,9
2018,Gujarat,Retail,6
2018,Gujarat,House-Hold Services,2
2018,Gujarat,Professional & Commercial Services,17
2018,Gujarat,Sports,3
2018,Gujarat,Social Network,5
2018,Gujarat,Textiles & Apparel,6
2018,Gujarat,Transportation & Storage,9
2018,Gujarat,Travel & Tourism,9
2018,Gujarat,Security Solutions,8
2018,Gujarat,Real Estate,2
2018,Gujarat,Safety,3
2018,Gujarat,Robotics,5
2018,Himachal Pradesh,Chemicals,1
2018,Himachal Pradesh,Agriculture,2
2018,Himachal Pradesh,Food & Beverages,1
2018,Himachal Pradesh,Education,1
2018,Himachal Pradesh,Renewable Energy,2
2018,Himachal Pradesh,Healthcare & Lifesciences,2
2018,Himachal Pradesh,IT Services,1
2018,Himachal Pradesh,Human Resources,1
2018,Himachal Pradesh,Pets & Animals,1
2018,Himachal Pradesh,Professional & Commercial Services,1
2018,Himachal Pradesh,Textiles & Apparel,1
2018,Himachal Pradesh,Travel & Tourism,2
2018,Himachal Pradesh,Security Solutions,1
2018,Haryana,Analytics,8
2018,Haryana,Advertising,6
2018,Haryana,Architecture Interior Design,3
2018,Haryana,AR VR (Augmented + Virtual Reality),3
2018,Haryana,Automotive,6
2018,Haryana,Art & Photography,2
2018,Haryana,Chemicals,3
2018,Haryana,Computer Vision,2
2018,Haryana,Telecommunication & Networking,3
2018,Haryana,Construction,15
2018,Haryana,Agriculture,11
2018,Haryana,Aeronautics Aerospace & Defence,6
2018,Haryana,AI,16
2018,Haryana,Green Technology,15
2018,Haryana,Events,1
2018,Haryana,Fashion,5
2018,Haryana,Finance Technology,19
2018,Haryana,Enterprise Software,15
2018,Haryana,Food & Beverages,21
2018,Haryana,Design,4
2018,Haryana,Dating Matrimonial,1
2018,Haryana,Education,42
2018,Haryana,Renewable Energy,26
2018,Haryana,Technology Hardware,14
2018,Haryana,Healthcare & Lifesciences,44
2018,Haryana,Internet of Things,11
2018,Haryana,IT Services,61
2018,Haryana,Human Resources,8
2018,Haryana,Marketing,12
2018,Haryana,Media & Entertainment,7
2018,Haryana,Retail,13
2018,Haryana,House-Hold Services,2
2018,Haryana,Professional & Commercial Services,20
2018,Haryana,Sports,3
2018,Haryana,Social Impact,3
2018,Haryana,Social Network,2
2018,Haryana,Textiles & Apparel,5
2018,Haryana,Transportation & Storage,14
2018,Haryana,Travel & Tourism,11
2018,Haryana,Security Solutions,4
2018,Haryana,Real Estate,12
2018,Haryana,Other Specialty Retailers,3
2018,Haryana,Robotics,5
2018,Haryana,Others,1
2018,Jammu and Kashmir,Advertising,1
2018,Jammu and Kashmir,Telecommunication & Networking,3
2018,Jammu and Kashmir,Construction,4
2018,Jammu and Kashmir,Agriculture,1
2018,Jammu and Kashmir,Events,1
2018,Jammu and Kashmir,Food & Beverages,1
2018,Jammu and Kashmir,Design,1
2018,Jammu and Kashmir,Education,12
2018,Jammu and Kashmir,Healthcare & Lifesciences,2
2018,Jammu and Kashmir,Internet of Things,1
2018,Jammu and Kashmir,IT Services,9
2018,Jammu and Kashmir,Human Resources,1
2018,Jammu and Kashmir,Marketing,1
2018,Jammu and Kashmir,Media & Entertainment,2
2018,Jammu and Kashmir,Retail,2
2018,Jammu and Kashmir,Professional & Commercial Services,3
2018,Jammu and Kashmir,Travel & Tourism,1
2018,Jammu and Kashmir,Other Specialty Retailers,1
2018,Jharkhand,Analytics,2
2018,Jharkhand,AR VR (Augmented + Virtual Reality),1
2018,Jharkhand,Art & Photography,1
2018,Jharkhand,Computer Vision,2
2018,Jharkhand,Telecommunication & Networking,2
2018,Jharkhand,Construction,4
2018,Jharkhand,Agriculture,2
2018,Jharkhand,AI,1
2018,Jharkhand,Green Technology,9
2018,Jharkhand,Fashion,4
2018,Jharkhand,Finance Technology,1
2018,Jharkhand,Enterprise Software,1
2018,Jharkhand,Food & Beverages,9
2018,Jharkhand,Design,1
2018,Jharkhand,Education,9
2018,Jharkhand,Renewable Energy,2
2018,Jharkhand,Technology Hardware,3
2018,Jharkhand,Healthcare & Lifesciences,2
2018,Jharkhand,Internet of Things,1
2018,Jharkhand,IT Services,11
2018,Jharkhand,Marketing,5
2018,Jharkhand,Media & Entertainment,2
2018,Jharkhand,Retail,1
2018,Jharkhand,House-Hold Services,4
2018,Jharkhand,Professional & Commercial Services,3
2018,Jharkhand,Social Impact,1
2018,Jharkhand,Textiles & Apparel,1
2018,Jharkhand,Travel & Tourism,1
2018,Jharkhand,Robotics,2
2018,Bihar,Analytics,1
2018,Bihar,Advertising,2
2018,Bihar,Architecture Interior Design,1
2018,Bihar,Automotive,3
2018,Bihar,Art & Photography,2
2018,Bihar,Chemicals,1
2018,Bihar,Telecommunication & Networking,3
2018,Bihar,Construction,7
2018,Bihar,Agriculture,11
2018,Bihar,AI,1
2018,Bihar,Green Technology,5
2018,Bihar,Fashion,2
2018,Bihar,Enterprise Software,1
2018,Bihar,Food & Beverages,7
2018,Bihar,Design,1
2018,Bihar,Education,13
2018,Bihar,Renewable Energy,2
2018,Bihar,Technology Hardware,2
2018,Bihar,Healthcare & Lifesciences,13
2018,Bihar,Internet of Things,3
2018,Bihar,IT Services,23
2018,Bihar,Human Resources,2
2018,Bihar,Marketing,5
2018,Bihar,Media & Entertainment,4
2018,Bihar,Retail,2
2018,Bihar,House-Hold Services,4
2018,Bihar,Professional & Commercial Services,6
2018,Bihar,Social Impact,3
2018,Bihar,Social Network,3
2018,Bihar,Textiles & Apparel,1
2018,Bihar,Transportation & Storage,2
2018,Bihar,Travel & Tourism,4
2018,Bihar,Security Solutions,3
2018,Bihar,Real Estate,2
2018,Bihar,Other Specialty Retailers,1
2018,Bihar,Robotics,2
2018,Kerala,Analytics,7
2018,Kerala,Advertising,5
2018,Kerala,Architecture Interior Design,1
2018,Kerala,AR VR (Augmented + Virtual Reality),2
2018,Kerala,Automotive,2
2018,Kerala,Telecommunication & Networking,6
2018,Kerala,Construction,6
2018,Kerala,Agriculture,7
2018,Kerala,Aeronautics Aerospace & Defence,1
2018,Kerala,AI,16
2018,Kerala,Green Technology,10
2018,Kerala,Fashion,1
2018,Kerala,Finance Technology,6
2018,Kerala,Enterprise Software,18
2018,Kerala,Food & Beverages,10
2018,Kerala,Design,2
2018,Kerala,Education,24
2018,Kerala,Renewable Energy,4
2018,Kerala,Technology Hardware,16
2018,Kerala,Healthcare & Lifesciences,33
2018,Kerala,Internet of Things,9
2018,Kerala,IT Services,78
2018,Kerala,Human Resources,3
2018,Kerala,Marketing,7
2018,Kerala,Pets & Animals,1
2018,Kerala,Media & Entertainment,7
2018,Kerala,Retail,11
2018,Kerala,House-Hold Services,1
2018,Kerala,Professional & Commercial Services,7
2018,Kerala,Sports,3
2018,Kerala,Social Impact,1
2018,Kerala,Social Network,4
2018,Kerala,Textiles & Apparel,4
2018,Kerala,Travel & Tourism,6
2018,Kerala,Security Solutions,2
2018,Kerala,Real Estate,1
2018,Kerala,Other Specialty Retailers,1
2018,Kerala,Robotics,10
2018,Karnataka,Analytics,18
2018,Karnataka,Advertising,17
2018,Karnataka,Architecture Interior Design,9
2018,Karnataka,AR VR (Augmented + Virtual Reality),16
2018,Karnataka,Automotive,18
2018,Karnataka,Art & Photography,7
2018,Karnataka,Animation,3
2018,Karnataka,Chemicals,1
2018,Karnataka,Computer Vision,4
2018,Karnataka,Telecommunication & Networking,6
2018,Karnataka,Construction,13
2018,Karnataka,Agriculture,37
2018,Karnataka,Aeronautics Aerospace & Defence,14
2018,Karnataka,AI,54
2018,Karnataka,Green Technology,41
2018,Karnataka,Events,5
2018,Karnataka,Fashion,6
2018,Karnataka,Finance Technology,46
2018,Karnataka,Enterprise Software,60
2018,Karnataka,Food & Beverages,37
2018,Karnataka,Design,19
2018,Karnataka,Dating Matrimonial,3
2018,Karnataka,Education,95
2018,Karnataka,Renewable Energy,23
2018,Karnataka,Technology Hardware,33
2018,Karnataka,Healthcare & Lifesciences,110
2018,Karnataka,Internet of Things,52
2018,Karnataka,IT Services,189
2018,Karnataka,Human Resources,14
2018,Karnataka,Marketing,24
2018,Karnataka,Nanotechnology,2
2018,Karnataka,Non- Renewable Energy,2
2018,Karnataka,Pets & Animals,3
2018,Karnataka,Media & Entertainment,21
2018,Karnataka,Retail,29
2018,Karnataka,House-Hold Services,6
2018,Karnataka,Professional & Commercial Services,43
2018,Karnataka,Sports,4
2018,Karnataka,Social Impact,5
2018,Karnataka,Social Network,12
2018,Karnataka,Textiles & Apparel,9
2018,Karnataka,Transportation & Storage,25
2018,Karnataka,Travel & Tourism,31
2018,Karnataka,Security Solutions,12
2018,Karnataka,Real Estate,14
2018,Karnataka,Other Specialty Retailers,12
2018,Karnataka,Robotics,9
2018,Chhattisgarh,Advertising,1
2018,Chhattisgarh,Automotive,2
2018,Chhattisgarh,Art & Photography,3
2018,Chhattisgarh,Chemicals,1
2018,Chhattisgarh,Telecommunication & Networking,2
2018,Chhattisgarh,Construction,3
2018,Chhattisgarh,Agriculture,2
2018,Chhattisgarh,Aeronautics Aerospace & Defence,1
2018,Chhattisgarh,Green Technology,4
2018,Chhattisgarh,Finance Technology,1
2018,Chhattisgarh,Enterprise Software,3
2018,Chhattisgarh,Food & Beverages,5
2018,Chhattisgarh,Design,2
2018,Chhattisgarh,Education,14
2018,Chhattisgarh,Renewable Energy,16
2018,Chhattisgarh,Technology Hardware,4
2018,Chhattisgarh,Healthcare & Lifesciences,8
2018,Chhattisgarh,Internet of Things,1
2018,Chhattisgarh,IT Services,19
2018,Chhattisgarh,Human Resources,1
2018,Chhattisgarh,Marketing,5
2018,Chhattisgarh,Non- Renewable Energy,1
2018,Chhattisgarh,Media & Entertainment,1
2018,Chhattisgarh,Retail,2
2018,Chhattisgarh,House-Hold Services,1
2018,Chhattisgarh,Professional & Commercial Services,8
2018,Chhattisgarh,Sports,1
2018,Chhattisgarh,Social Network,1
2018,Chhattisgarh,Textiles & Apparel,1
2018,Chhattisgarh,Transportation & Storage,1
2018,Chhattisgarh,Travel & Tourism,3
2018,Chhattisgarh,Security Solutions,1
2018,Chhattisgarh,Real Estate,1
2018,Chhattisgarh,Safety,1
2018,Andhra Pradesh,Analytics,3
2018,Andhra Pradesh,AR VR (Augmented + Virtual Reality),2
2018,Andhra Pradesh,Automotive,2
2018,Andhra Pradesh,Animation,2
2018,Andhra Pradesh,Construction,5
2018,Andhra Pradesh,Agriculture,11
2018,Andhra Pradesh,Aeronautics Aerospace & Defence,1
2018,Andhra Pradesh,AI,6
2018,Andhra Pradesh,Green Technology,2
2018,Andhra Pradesh,Events,1
2018,Andhra Pradesh,Finance Technology,1
2018,Andhra Pradesh,Enterprise Software,4
2018,Andhra Pradesh,Food & Beverages,5
2018,Andhra Pradesh,Design,2
2018,Andhra Pradesh,Dating Matrimonial,1
2018,Andhra Pradesh,Education,18
2018,Andhra Pradesh,Renewable Energy,1
2018,Andhra Pradesh,Technology Hardware,8
2018,Andhra Pradesh,Healthcare & Lifesciences,15
2018,Andhra Pradesh,Internet of Things,8
2018,Andhra Pradesh,IT Services,30
2018,Andhra Pradesh,Human Resources,3
2018,Andhra Pradesh,Marketing,4
2018,Andhra Pradesh,Nanotechnology,2
2018,Andhra Pradesh,Pets & Animals,1
2018,Andhra Pradesh,Retail,5
2018,Andhra Pradesh,Professional & Commercial Services,2
2018,Andhra Pradesh,Sports,1
2018,Andhra Pradesh,Social Network,2
2018,Andhra Pradesh,Textiles & Apparel,2
2018,Andhra Pradesh,Transportation & Storage,7
2018,Andhra Pradesh,Travel & Tourism,1
2018,Andhra Pradesh,Security Solutions,1
2018,Andhra Pradesh,Safety,1
2018,Andhra Pradesh,Robotics,1
2018,Arunachal Pradesh,Telecommunication & Networking,1
2018,Arunachal Pradesh,Construction,1
2018,Andaman and Nicobar Islands,Textiles & Apparel,1
2018,Andaman and Nicobar Islands,Travel & Tourism,1
2018,Manipur,Advertising,1
2018,Manipur,Food & Beverages,1
2018,Manipur,Technology Hardware,1
2018,Manipur,Healthcare & Lifesciences,1
2018,Manipur,IT Services,1
2018,Manipur,Media & Entertainment,1
2018,Manipur,Real Estate,1
2018,Mizoram,Telecommunication & Networking,1
2018,Mizoram,Transportation & Storage,1
2018,Rajasthan,Analytics,3
2018,Rajasthan,Advertising,2
2018,Rajasthan,Architecture Interior Design,1
2018,Rajasthan,AR VR (Augmented + Virtual Reality),1
2018,Rajasthan,Automotive,3
2018,Rajasthan,Chemicals,2
2018,Rajasthan,Computer Vision,1
2018,Rajasthan,Construction,7
2018,Rajasthan,Agriculture,11
2018,Rajasthan,AI,2
2018,Rajasthan,Green Technology,5
2018,Rajasthan,Events,3
2018,Rajasthan,Fashion,3
2018,Rajasthan,Finance Technology,2
2018,Rajasthan,Enterprise Software,5
2018,Rajasthan,Food & Beverages,12
2018,Rajasthan,Design,4
2018,Rajasthan,Education,35
2018,Rajasthan,Renewable Energy,10
2018,Rajasthan,Technology Hardware,5
2018,Rajasthan,Healthcare & Lifesciences,11
2018,Rajasthan,Internet of Things,5
2018,Rajasthan,IT Services,48
2018,Rajasthan,Human Resources,3
2018,Rajasthan,Marketing,11
2018,Rajasthan,Pets & Animals,1
2018,Rajasthan,Media & Entertainment,5
2018,Rajasthan,Retail,7
2018,Rajasthan,House-Hold Services,3
2018,Rajasthan,Professional & Commercial Services,13
2018,Rajasthan,Social Impact,1
2018,Rajasthan,Social Network,4
2018,Rajasthan,Textiles & Apparel,2
2018,Rajasthan,Transportation & Storage,4
2018,Rajasthan,Travel & Tourism,3
2018,Rajasthan,Security Solutions,2
2018,Rajasthan,Real Estate,2
2018,Rajasthan,Other Specialty Retailers,3
2018,Rajasthan,Safety,1
2018,Tamil Nadu,Analytics,10
2018,Tamil Nadu,Advertising,4
2018,Tamil Nadu,Architecture Interior Design,2
2018,Tamil Nadu,AR VR (Augmented + Virtual Reality),7
2018,Tamil Nadu,Automotive,12
2018,Tamil Nadu,Art & Photography,1
2018,Tamil Nadu,Chemicals,1
2018,Tamil Nadu,Computer Vision,2
2018,Tamil Nadu,Telecommunication & Networking,5
2018,Tamil Nadu,Construction,5
2018,Tamil Nadu,Agriculture,16
2018,Tamil Nadu,Aeronautics Aerospace & Defence,9
2018,Tamil Nadu,AI,12
2018,Tamil Nadu,Green Technology,11
2018,Tamil Nadu,Fashion,3
2018,Tamil Nadu,Finance Technology,10
2018,Tamil Nadu,Enterprise Software,21
2018,Tamil Nadu,Food & Beverages,18
2018,Tamil Nadu,Design,9
2018,Tamil Nadu,Education,32
2018,Tamil Nadu,Renewable Energy,19
2018,Tamil Nadu,Technology Hardware,17
2018,Tamil Nadu,Healthcare & Lifesciences,48
2018,Tamil Nadu,Internet of Things,15
2018,Tamil Nadu,IT Services,71
2018,Tamil Nadu,Human Resources,3
2018,Tamil Nadu,Marketing,9
2018,Tamil Nadu,Nanotechnology,2
2018,Tamil Nadu,Pets & Animals,1
2018,Tamil Nadu,Media & Entertainment,6
2018,Tamil Nadu,Retail,16
2018,Tamil Nadu,House-Hold Services,2
2018,Tamil Nadu,Professional & Commercial Services,17
2018,Tamil Nadu,Sports,7
2018,Tamil Nadu,Social Impact,2
2018,Tamil Nadu,Social Network,3
2018,Tamil Nadu,Textiles & Apparel,7
2018,Tamil Nadu,Transportation & Storage,5
2018,Tamil Nadu,Travel & Tourism,5
2018,Tamil Nadu,Security Solutions,3
2018,Tamil Nadu,Real Estate,1
2018,Tamil Nadu,Other Specialty Retailers,2
2018,Tamil Nadu,Safety,1
2018,Tamil Nadu,Robotics,6
2018,Tamil Nadu,Others,1
2018,Madhya Pradesh,Analytics,2
2018,Madhya Pradesh,Advertising,3
2018,Madhya Pradesh,Architecture Interior Design,2
2018,Madhya Pradesh,AR VR (Augmented + Virtual Reality),3
2018,Madhya Pradesh,Automotive,5
2018,Madhya Pradesh,Chemicals,1
2018,Madhya Pradesh,Computer Vision,1
2018,Madhya Pradesh,Telecommunication & Networking,5
2018,Madhya Pradesh,Construction,15
2018,Madhya Pradesh,Agriculture,12
2018,Madhya Pradesh,Aeronautics Aerospace & Defence,1
2018,Madhya Pradesh,AI,4
2018,Madhya Pradesh,Green Technology,10
2018,Madhya Pradesh,Events,4
2018,Madhya Pradesh,Fashion,5
2018,Madhya Pradesh,Finance Technology,3
2018,Madhya Pradesh,Enterprise Software,4
2018,Madhya Pradesh,Food & Beverages,13
2018,Madhya Pradesh,Dating Matrimonial,1
2018,Madhya Pradesh,Education,41
2018,Madhya Pradesh,Renewable Energy,9
2018,Madhya Pradesh,Technology Hardware,7
2018,Madhya Pradesh,Healthcare & Lifesciences,19
2018,Madhya Pradesh,Internet of Things,6
2018,Madhya Pradesh,IT Services,53
2018,Madhya Pradesh,Human Resources,7
2018,Madhya Pradesh,Marketing,6
2018,Madhya Pradesh,Media & Entertainment,5
2018,Madhya Pradesh,Retail,5
2018,Madhya Pradesh,House-Hold Services,2
2018,Madhya Pradesh,Professional & Commercial Services,17
2018,Madhya Pradesh,Sports,1
2018,Madhya Pradesh,Social Impact,1
2018,Madhya Pradesh,Textiles & Apparel,4
2018,Madhya Pradesh,Transportation & Storage,3
2018,Madhya Pradesh,Travel & Tourism,6
2018,Madhya Pradesh,Real Estate,5
2018,Madhya Pradesh,Other Specialty Retailers,4
2018,Madhya Pradesh,Robotics,2
2018,Tripura,Art & Photography,1
2018,Tripura,IT Services,1
2018,Tripura,Retail,1
2018,Tripura,Other Specialty Retailers,1
2018,Nagaland,Construction,1
2018,Nagaland,Education,1
2018,Telangana,Analytics,1
2018,Telangana,Advertising,5
2018,Telangana,Architecture Interior Design,2
2018,Telangana,AR VR (Augmented + Virtual Reality),2
2018,Telangana,Automotive,11
2018,Telangana,Animation,1
2018,Telangana,Chemicals,5
2018,Telangana,Telecommunication & Networking,5
2018,Telangana,Construction,8
2018,Telangana,Agriculture,14
2018,Telangana,Aeronautics Aerospace & Defence,5
2018,Telangana,AI,21
2018,Telangana,Green Technology,10
2018,Telangana,Events,7
2018,Telangana,Fashion,6
2018,Telangana,Finance Technology,19
2018,Telangana,Enterprise Software,16
2018,Telangana,Food & Beverages,20
2018,Telangana,Design,5
2018,Telangana,Education,43
2018,Telangana,Renewable Energy,8
2018,Telangana,Technology Hardware,17
2018,Telangana,Healthcare & Lifesciences,45
2018,Telangana,Internet of Things,26
2018,Telangana,IT Services,85
2018,Telangana,Human Resources,8
2018,Telangana,Marketing,16
2018,Telangana,Nanotechnology,3
2018,Telangana,Pets & Animals,3
2018,Telangana,Media & Entertainment,9
2018,Telangana,Retail,14
2018,Telangana,House-Hold Services,9
2018,Telangana,Professional & Commercial Services,15
2018,Telangana,Sports,1
2018,Telangana,Social Impact,4
2018,Telangana,Social Network,8
2018,Telangana,Textiles & Apparel,3
2018,Telangana,Transportation & Storage,8
2018,Telangana,Travel & Tourism,6
2018,Telangana,Security Solutions,3
2018,Telangana,Real Estate,2
2018,Telangana,Other Specialty Retailers,6
2018,Telangana,Safety,1
2018,Telangana,Robotics,6
2018,Uttarakhand,Analytics,3
2018,Uttarakhand,Advertising,1
2018,Uttarakhand,Construction,1
2018,Uttarakhand,Agriculture,2
2018,Uttarakhand,AI,2
2018,Uttarakhand,Events,1
2018,Uttarakhand,Fashion,1
2018,Uttarakhand,Food & Beverages,5
2018,Uttarakhand,Education,4
2018,Uttarakhand,Renewable Energy,3
2018,Uttarakhand,Technology Hardware,1
2018,Uttarakhand,Healthcare & Lifesciences,6
2018,Uttarakhand,Internet of Things,1
2018,Uttarakhand,IT Services,11
2018,Uttarakhand,Human Resources,2
2018,Uttarakhand,Marketing,3
2018,Uttarakhand,Nanotechnology,1
2018,Uttarakhand,Media & Entertainment,1
2018,Uttarakhand,Retail,3
2018,Uttarakhand,Professional & Commercial Services,3
2018,Uttarakhand,Social Network,1
2018,Uttarakhand,Textiles & Apparel,1
2018,Uttarakhand,Transportation & Storage,1
2018,Uttarakhand,Travel & Tourism,8
2018,Uttarakhand,Security Solutions,1
2018,Uttarakhand,Real Estate,1
2018,West Bengal,Analytics,3
2018,West Bengal,Advertising,1
2018,West Bengal,Architecture Interior Design,2
2018,West Bengal,AR VR (Augmented + Virtual Reality),1
2018,West Bengal,Automotive,4
2018,West Bengal,Art & Photography,2
2018,West Bengal,Animation,1
2018,West Bengal,Chemicals,1
2018,West Bengal,Computer Vision,1
2018,West Bengal,Telecommunication & Networking,3
2018,West Bengal,Construction,10
2018,West Bengal,Agriculture,14
2018,West Bengal,Aeronautics Aerospace & Defence,1
2018,West Bengal,AI,4
2018,West Bengal,Green Technology,5
2018,West Bengal,Fashion,5
2018,West Bengal,Finance Technology,7
2018,West Bengal,Enterprise Software,4
2018,West Bengal,Food & Beverages,14
2018,West Bengal,Design,5
2018,West Bengal,Education,29
2018,West Bengal,Renewable Energy,3
2018,West Bengal,Technology Hardware,3
2018,West Bengal,Healthcare & Lifesciences,23
2018,West Bengal,Internet of Things,11
2018,West Bengal,IT Services,39
2018,West Bengal,Human Resources,6
2018,West Bengal,Marketing,6
2018,West Bengal,Nanotechnology,1
2018,West Bengal,Pets & Animals,2
2018,West Bengal,Media & Entertainment,4
2018,West Bengal,Retail,15
2018,West Bengal,House-Hold Services,4
2018,West Bengal,Professional & Commercial Services,15
2018,West Bengal,Social Impact,1
2018,West Bengal,Textiles & Apparel,7
2018,West Bengal,Transportation & Storage,1
2018,West Bengal,Travel & Tourism,8
2018,West Bengal,Real Estate,1
2018,West Bengal,Other Specialty Retailers,4
2018,West Bengal,Safety,3
2018,West Bengal,Robotics,2
2018,Uttar Pradesh,Analytics,5
2018,Uttar Pradesh,Advertising,5
2018,Uttar Pradesh,Architecture Interior Design,2
2018,Uttar Pradesh,AR VR (Augmented + Virtual Reality),5
2018,Uttar Pradesh,Automotive,9
2018,Uttar Pradesh,Art & Photography,1
2018,Uttar Pradesh,Chemicals,3
2018,Uttar Pradesh,Computer Vision,8
2018,Uttar Pradesh,Telecommunication & Networking,11
2018,Uttar Pradesh,Construction,18
2018,Uttar Pradesh,Agriculture,28
2018,Uttar Pradesh,Aeronautics Aerospace & Defence,9
2018,Uttar Pradesh,AI,11
2018,Uttar Pradesh,Green Technology,28
2018,Uttar Pradesh,Events,3
2018,Uttar Pradesh,Fashion,14
2018,Uttar Pradesh,Finance Technology,16
2018,Uttar Pradesh,Enterprise Software,16
2018,Uttar Pradesh,Food & Beverages,26
2018,Uttar Pradesh,Design,3
2018,Uttar Pradesh,Dating Matrimonial,1
2018,Uttar Pradesh,Education,88
2018,Uttar Pradesh,Renewable Energy,28
2018,Uttar Pradesh,Technology Hardware,16
2018,Uttar Pradesh,Healthcare & Lifesciences,46
2018,Uttar Pradesh,Internet of Things,23
2018,Uttar Pradesh,IT Services,136
2018,Uttar Pradesh,Human Resources,24
2018,Uttar Pradesh,Marketing,22
2018,Uttar Pradesh,Nanotechnology,3
2018,Uttar Pradesh,Non- Renewable Energy,2
2018,Uttar Pradesh,Pets & Animals,4
2018,Uttar Pradesh,Media & Entertainment,17
2018,Uttar Pradesh,Retail,32
2018,Uttar Pradesh,House-Hold Services,8
2018,Uttar Pradesh,Professional & Commercial Services,31
2018,Uttar Pradesh,Sports,2
2018,Uttar Pradesh,Social Impact,9
2018,Uttar Pradesh,Social Network,9
2018,Uttar Pradesh,Textiles & Apparel,21
2018,Uttar Pradesh,Transportation & Storage,14
2018,Uttar Pradesh,Travel & Tourism,11
2018,Uttar Pradesh,Security Solutions,6
2018,Uttar Pradesh,Real Estate,8
2018,Uttar Pradesh,Other Specialty Retailers,2
2018,Uttar Pradesh,Safety,2
2018,Uttar Pradesh,Robotics,4
2018,Ladakh,Construction,1
2018,Maharashtra,Analytics,22
2018,Maharashtra,Advertising,20
2018,Maharashtra,Architecture Interior Design,16
2018,Maharashtra,AR VR (Augmented + Virtual Reality),12
2018,Maharashtra,Automotive,40
2018,Maharashtra,Art & Photography,6
2018,Maharashtra,Animation,2
2018,Maharashtra,Chemicals,11
2018,Maharashtra,Computer Vision,3
2018,Maharashtra,Telecommunication & Networking,17
2018,Maharashtra,Construction,27
2018,Maharashtra,Agriculture,68
2018,Maharashtra,Aeronautics Aerospace & Defence,10
2018,Maharashtra,AI,36
2018,Maharashtra,Green Technology,58
2018,Maharashtra,Events,2
2018,Maharashtra,Fashion,26
2018,Maharashtra,Finance Technology,63
2018,Maharashtra,Enterprise Software,49
2018,Maharashtra,Food & Beverages,80
2018,Maharashtra,Design,20
2018,Maharashtra,Education,92
2018,Maharashtra,Renewable Energy,53
2018,Maharashtra,Technology Hardware,62
2018,Maharashtra,Healthcare & Lifesciences,163
2018,Maharashtra,Internet of Things,47
2018,Maharashtra,IT Services,245
2018,Maharashtra,Human Resources,20
2018,Maharashtra,Marketing,50
2018,Maharashtra,Nanotechnology,4
2018,Maharashtra,Non- Renewable Energy,7
2018,Maharashtra,Pets & Animals,3
2018,Maharashtra,Media & Entertainment,31
2018,Maharashtra,Retail,38
2018,Maharashtra,House-Hold Services,8
2018,Maharashtra,Professional & Commercial Services,77
2018,Maharashtra,Sports,8
2018,Maharashtra,Social Impact,15
2018,Maharashtra,Social Network,11
2018,Maharashtra,Textiles & Apparel,13
2018,Maharashtra,Transportation & Storage,26
2018,Maharashtra,Travel & Tourism,32
2018,Maharashtra,Security Solutions,17
2018,Maharashtra,Real Estate,16
2018,Maharashtra,Other Specialty Retailers,15
2018,Maharashtra,Safety,8
2018,Maharashtra,Robotics,12
2018,Maharashtra,Others,1
2018,Dadra and Nagar Haveli and Daman and Diu,Food & Beverages,1
2018,Puducherry,Chemicals,1
2018,Puducherry,Agriculture,1
2018,Puducherry,Aeronautics Aerospace & Defence,1
2018,Puducherry,Green Technology,1
2018,Puducherry,Design,1
2018,Puducherry,Education,2
2018,Puducherry,Healthcare & Lifesciences,1
2018,Puducherry,Internet of Things,1
2018,Puducherry,IT Services,3
2018,Puducherry,Professional & Commercial Services,1
2018,Puducherry,Travel & Tourism,1
2018,Puducherry,Security Solutions,1
2018,Puducherry,Robotics,1
2018,Meghalaya,IT Services,1
2018,Meghalaya,Non- Renewable Energy,1
2018,Odisha,Analytics,2
2018,Odisha,AR VR (Augmented + Virtual Reality),1
2018,Odisha,Automotive,3
2018,Odisha,Art & Photography,2
2018,Odisha,Chemicals,1
2018,Odisha,Computer Vision,1
2018,Odisha,Telecommunication & Networking,1
2018,Odisha,Construction,4
2018,Odisha,Agriculture,9
2018,Odisha,Green Technology,3
2018,Odisha,Fashion,1
2018,Odisha,Enterprise Software,1
2018,Odisha,Food & Beverages,7
2018,Odisha,Education,15
2018,Odisha,Renewable Energy,10
2018,Odisha,Technology Hardware,3
2018,Odisha,Healthcare & Lifesciences,17
2018,Odisha,Internet of Things,7
2018,Odisha,IT Services,38
2018,Odisha,Human Resources,3
2018,Odisha,Marketing,3
2018,Odisha,Nanotechnology,1
2018,Odisha,Media & Entertainment,1
2018,Odisha,Retail,5
2018,Odisha,House-Hold Services,5
2018,Odisha,Professional & Commercial Services,6
2018,Odisha,Sports,1
2018,Odisha,Social Network,1
2018,Odisha,Transportation & Storage,4
2018,Odisha,Travel & Tourism,6
2018,Odisha,Security Solutions,1
2018,Odisha,Other Specialty Retailers,3
2018,Odisha,Robotics,2
2018,Punjab,AR VR (Augmented + Virtual Reality),1
2018,Punjab,Chemicals,1
2018,Punjab,Computer Vision,1
2018,Punjab,Telecommunication & Networking,1
2018,Punjab,Construction,2
2018,Punjab,Agriculture,6
2018,Punjab,AI,1
2018,Punjab,Green Technology,1
2018,Punjab,Finance Technology,1
2018,Punjab,Enterprise Software,1
2018,Punjab,Food & Beverages,4
2018,Punjab,Education,9
2018,Punjab,Technology Hardware,1
2018,Punjab,Healthcare & Lifesciences,9
2018,Punjab,IT Services,15
2018,Punjab,Marketing,1
2018,Punjab,Media & Entertainment,2
2018,Punjab,Retail,1
2018,Punjab,Professional & Commercial Services,6
2018,Punjab,Transportation & Storage,2
2018,Punjab,Travel & Tourism,2
2018,Punjab,Real Estate,1
2018,Punjab,Safety,1
2017,Assam,Advertising,1
2017,Assam,Automotive,1
2017,Assam,Art & Photography,1
2017,Assam,Chemicals,1
2017,Assam,Construction,2
2017,Assam,Agriculture,3
2017,Assam,Green Technology,2
2017,Assam,Fashion,1
2017,Assam,Food & Beverages,1
2017,Assam,Renewable Energy,3
2017,Assam,Technology Hardware,1
2017,Assam,Healthcare & Lifesciences,2
2017,Assam,IT Services,6
2017,Assam,Marketing,1
2017,Assam,Media & Entertainment,1
2017,Assam,Textiles & Apparel,1
2017,Assam,Travel & Tourism,1
2017,Assam,Others,6
2017,Chandigarh,Architecture Interior Design,1
2017,Chandigarh,Green Technology,2
2017,Chandigarh,Finance Technology,1
2017,Chandigarh,Education,2
2017,Chandigarh,Healthcare & Lifesciences,1
2017,Chandigarh,Internet of Things,2
2017,Chandigarh,IT Services,6
2017,Chandigarh,Human Resources,1
2017,Chandigarh,Marketing,1
2017,Chandigarh,Media & Entertainment,1
2017,Chandigarh,Other Specialty Retailers,1
2017,Chandigarh,Robotics,1
2017,Chandigarh,Others,2
2017,Goa,Art & Photography,1
2017,Goa,Enterprise Software,1
2017,Goa,Renewable Energy,1
2017,Goa,Technology Hardware,1
2017,Goa,Healthcare & Lifesciences,2
2017,Goa,IT Services,5
2017,Goa,Human Resources,1
2017,Goa,Marketing,1
2017,Goa,Media & Entertainment,1
2017,Goa,Transportation & Storage,1
2017,Goa,Travel & Tourism,1
2017,Goa,Others,4
2017,Delhi,Analytics,9
2017,Delhi,Advertising,4
2017,Delhi,AR VR (Augmented + Virtual Reality),5
2017,Delhi,Automotive,13
2017,Delhi,Art & Photography,6
2017,Delhi,Chemicals,2
2017,Delhi,Computer Vision,4
2017,Delhi,Telecommunication & Networking,7
2017,Delhi,Construction,12
2017,Delhi,Agriculture,13
2017,Delhi,Aeronautics Aerospace & Defence,2
2017,Delhi,AI,8
2017,Delhi,Green Technology,18
2017,Delhi,Events,2
2017,Delhi,Fashion,11
2017,Delhi,Finance Technology,23
2017,Delhi,Enterprise Software,8
2017,Delhi,Food & Beverages,35
2017,Delhi,Design,3
2017,Delhi,Dating Matrimonial,1
2017,Delhi,Education,46
2017,Delhi,Renewable Energy,24
2017,Delhi,Technology Hardware,13
2017,Delhi,Healthcare & Lifesciences,58
2017,Delhi,Internet of Things,15
2017,Delhi,IT Services,56
2017,Delhi,Human Resources,6
2017,Delhi,Marketing,11
2017,Delhi,Nanotechnology,1
2017,Delhi,Non- Renewable Energy,2
2017,Delhi,Pets & Animals,3
2017,Delhi,Media & Entertainment,18
2017,Delhi,Retail,19
2017,Delhi,House-Hold Services,5
2017,Delhi,Professional & Commercial Services,44
2017,Delhi,Sports,3
2017,Delhi,Social Impact,10
2017,Delhi,Social Network,11
2017,Delhi,Textiles & Apparel,8
2017,Delhi,Indic Language Startups,15
2017,Delhi,Transportation & Storage,10
2017,Delhi,Travel & Tourism,11
2017,Delhi,Security Solutions,4
2017,Delhi,Real Estate,6
2017,Delhi,Other Specialty Retailers,8
2017,Delhi,Safety,3
2017,Delhi,Robotics,2
2017,Delhi,Others,144
2017,Gujarat,Analytics,1
2017,Gujarat,Advertising,6
2017,Gujarat,Architecture Interior Design,2
2017,Gujarat,AR VR (Augmented + Virtual Reality),3
2017,Gujarat,Automotive,3
2017,Gujarat,Art & Photography,1
2017,Gujarat,Computer Vision,1
2017,Gujarat,Telecommunication & Networking,1
2017,Gujarat,Construction,10
2017,Gujarat,Agriculture,13
2017,Gujarat,Aeronautics Aerospace & Defence,1
2017,Gujarat,AI,2
2017,Gujarat,Green Technology,9
2017,Gujarat,Events,3
2017,Gujarat,Fashion,3
2017,Gujarat,Finance Technology,9
2017,Gujarat,Enterprise Software,6
2017,Gujarat,Food & Beverages,9
2017,Gujarat,Design,4
2017,Gujarat,Education,18
2017,Gujarat,Renewable Energy,4
2017,Gujarat,Technology Hardware,15
2017,Gujarat,Healthcare & Lifesciences,34
2017,Gujarat,Internet of Things,5
2017,Gujarat,IT Services,28
2017,Gujarat,Marketing,2
2017,Gujarat,Nanotechnology,1
2017,Gujarat,Non- Renewable Energy,1
2017,Gujarat,Pets & Animals,1
2017,Gujarat,Media & Entertainment,4
2017,Gujarat,Retail,8
2017,Gujarat,House-Hold Services,3
2017,Gujarat,Professional & Commercial Services,10
2017,Gujarat,Social Impact,3
2017,Gujarat,Social Network,6
2017,Gujarat,Textiles & Apparel,1
2017,Gujarat,Indic Language Startups,5
2017,Gujarat,Transportation & Storage,7
2017,Gujarat,Travel & Tourism,2
2017,Gujarat,Real Estate,2
2017,Gujarat,Other Specialty Retailers,2
2017,Gujarat,Others,50
2017,Himachal Pradesh,Agriculture,1
2017,Himachal Pradesh,AI,1
2017,Himachal Pradesh,Finance Technology,1
2017,Himachal Pradesh,Food & Beverages,3
2017,Himachal Pradesh,IT Services,1
2017,Himachal Pradesh,Others,2
2017,Haryana,Analytics,2
2017,Haryana,Advertising,2
2017,Haryana,Architecture Interior Design,1
2017,Haryana,Automotive,2
2017,Haryana,Art & Photography,1
2017,Haryana,Computer Vision,1
2017,Haryana,Telecommunication & Networking,4
2017,Haryana,Construction,5
2017,Haryana,Agriculture,5
2017,Haryana,Aeronautics Aerospace & Defence,3
2017,Haryana,AI,6
2017,Haryana,Green Technology,12
2017,Haryana,Fashion,4
2017,Haryana,Finance Technology,6
2017,Haryana,Enterprise Software,8
2017,Haryana,Food & Beverages,14
2017,Haryana,Design,1
2017,Haryana,Education,13
2017,Haryana,Renewable Energy,3
2017,Haryana,Technology Hardware,2
2017,Haryana,Healthcare & Lifesciences,26
2017,Haryana,Internet of Things,13
2017,Haryana,IT Services,29
2017,Haryana,Human Resources,3
2017,Haryana,Marketing,3
2017,Haryana,Non- Renewable Energy,1
2017,Haryana,Media & Entertainment,5
2017,Haryana,Retail,5
2017,Haryana,House-Hold Services,2
2017,Haryana,Professional & Commercial Services,12
2017,Haryana,Sports,3
2017,Haryana,Social Impact,2
2017,Haryana,Social Network,4
2017,Haryana,Textiles & Apparel,2
2017,Haryana,Indic Language Startups,2
2017,Haryana,Transportation & Storage,14
2017,Haryana,Travel & Tourism,3
2017,Haryana,Security Solutions,1
2017,Haryana,Real Estate,2
2017,Haryana,Others,43
2017,Jammu and Kashmir,Advertising,1
2017,Jammu and Kashmir,Automotive,1
2017,Jammu and Kashmir,Art & Photography,1
2017,Jammu and Kashmir,Enterprise Software,1
2017,Jammu and Kashmir,Food & Beverages,1
2017,Jammu and Kashmir,Education,2
2017,Jammu and Kashmir,Healthcare & Lifesciences,1
2017,Jammu and Kashmir,IT Services,1
2017,Jammu and Kashmir,Marketing,1
2017,Jammu and Kashmir,Retail,1
2017,Jammu and Kashmir,Travel & Tourism,2
2017,Jammu and Kashmir,Others,2
2017,Jharkhand,Advertising,1
2017,Jharkhand,Art & Photography,1
2017,Jharkhand,Agriculture,1
2017,Jharkhand,Green Technology,2
2017,Jharkhand,Events,1
2017,Jharkhand,Fashion,1
2017,Jharkhand,Finance Technology,2
2017,Jharkhand,Enterprise Software,1
2017,Jharkhand,Food & Beverages,1
2017,Jharkhand,Design,1
2017,Jharkhand,Education,3
2017,Jharkhand,Healthcare & Lifesciences,2
2017,Jharkhand,IT Services,4
2017,Jharkhand,Nanotechnology,1
2017,Jharkhand,Retail,1
2017,Jharkhand,House-Hold Services,2
2017,Jharkhand,Professional & Commercial Services,2
2017,Jharkhand,Sports,1
2017,Jharkhand,Indic Language Startups,1
2017,Jharkhand,Other Specialty Retailers,1
2017,Jharkhand,Others,5
2017,Bihar,Analytics,1
2017,Bihar,Art & Photography,1
2017,Bihar,Computer Vision,1
2017,Bihar,Telecommunication & Networking,1
2017,Bihar,Construction,3
2017,Bihar,Agriculture,1
2017,Bihar,AI,2
2017,Bihar,Green Technology,3
2017,Bihar,Fashion,1
2017,Bihar,Enterprise Software,1
2017,Bihar,Food & Beverages,3
2017,Bihar,Design,1
2017,Bihar,Education,2
2017,Bihar,Renewable Energy,1
2017,Bihar,Technology Hardware,1
2017,Bihar,Healthcare & Lifesciences,4
2017,Bihar,IT Services,3
2017,Bihar,Retail,1
2017,Bihar,House-Hold Services,2
2017,Bihar,Professional & Commercial Services,3
2017,Bihar,Sports,1
2017,Bihar,Textiles & Apparel,2
2017,Bihar,Travel & Tourism,1
2017,Bihar,Security Solutions,1
2017,Bihar,Others,6
2017,Kerala,Analytics,2
2017,Kerala,Advertising,2
2017,Kerala,AR VR (Augmented + Virtual Reality),3
2017,Kerala,Automotive,3
2017,Kerala,Art & Photography,1
2017,Kerala,Computer Vision,1
2017,Kerala,Construction,2
2017,Kerala,Agriculture,5
2017,Kerala,Aeronautics Aerospace & Defence,1
2017,Kerala,AI,2
2017,Kerala,Green Technology,4
2017,Kerala,Events,1
2017,Kerala,Fashion,1
2017,Kerala,Finance Technology,3
2017,Kerala,Enterprise Software,3
2017,Kerala,Food & Beverages,1
2017,Kerala,Design,1
2017,Kerala,Education,9
2017,Kerala,Renewable Energy,1
2017,Kerala,Technology Hardware,9
2017,Kerala,Healthcare & Lifesciences,17
2017,Kerala,Internet of Things,2
2017,Kerala,IT Services,36
2017,Kerala,Human Resources,1
2017,Kerala,Marketing,1
2017,Kerala,Nanotechnology,1
2017,Kerala,Media & Entertainment,2
2017,Kerala,Retail,3
2017,Kerala,House-Hold Services,1
2017,Kerala,Professional & Commercial Services,3
2017,Kerala,Social Network,1
2017,Kerala,Textiles & Apparel,3
2017,Kerala,Indic Language Startups,4
2017,Kerala,Transportation & Storage,2
2017,Kerala,Travel & Tourism,1
2017,Kerala,Security Solutions,1
2017,Kerala,Other Specialty Retailers,1
2017,Kerala,Robotics,3
2017,Kerala,Others,34
2017,Karnataka,Analytics,19
2017,Karnataka,Advertising,4
2017,Karnataka,Architecture Interior Design,4
2017,Karnataka,AR VR (Augmented + Virtual Reality),8
2017,Karnataka,Automotive,19
2017,Karnataka,Art & Photography,8
2017,Karnataka,Chemicals,2
2017,Karnataka,Computer Vision,7
2017,Karnataka,Telecommunication & Networking,7
2017,Karnataka,Construction,9
2017,Karnataka,Agriculture,35
2017,Karnataka,Aeronautics Aerospace & Defence,15
2017,Karnataka,AI,24
2017,Karnataka,Green Technology,17
2017,Karnataka,Events,3
2017,Karnataka,Fashion,9
2017,Karnataka,Finance Technology,31
2017,Karnataka,Enterprise Software,41
2017,Karnataka,Food & Beverages,26
2017,Karnataka,Design,11
2017,Karnataka,Education,37
2017,Karnataka,Renewable Energy,14
2017,Karnataka,Technology Hardware,36
2017,Karnataka,Healthcare & Lifesciences,85
2017,Karnataka,Internet of Things,33
2017,Karnataka,IT Services,92
2017,Karnataka,Human Resources,11
2017,Karnataka,Marketing,7
2017,Karnataka,Nanotechnology,4
2017,Karnataka,Non- Renewable Energy,2
2017,Karnataka,Pets & Animals,1
2017,Karnataka,Media & Entertainment,11
2017,Karnataka,Retail,16
2017,Karnataka,House-Hold Services,3
2017,Karnataka,Professional & Commercial Services,16
2017,Karnataka,Sports,3
2017,Karnataka,Social Impact,5
2017,Karnataka,Social Network,7
2017,Karnataka,Textiles & Apparel,6
2017,Karnataka,Indic Language Startups,4
2017,Karnataka,Transportation & Storage,15
2017,Karnataka,Travel & Tourism,11
2017,Karnataka,Security Solutions,8
2017,Karnataka,Real Estate,11
2017,Karnataka,Other Specialty Retailers,2
2017,Karnataka,Robotics,6
2017,Karnataka,Others,144
2017,Chhattisgarh,Chemicals,1
2017,Chhattisgarh,Construction,2
2017,Chhattisgarh,Agriculture,3
2017,Chhattisgarh,AI,1
2017,Chhattisgarh,Green Technology,1
2017,Chhattisgarh,Enterprise Software,1
2017,Chhattisgarh,Food & Beverages,2
2017,Chhattisgarh,Education,3
2017,Chhattisgarh,Renewable Energy,3
2017,Chhattisgarh,Technology Hardware,1
2017,Chhattisgarh,Healthcare & Lifesciences,3
2017,Chhattisgarh,Internet of Things,1
2017,Chhattisgarh,IT Services,11
2017,Chhattisgarh,Marketing,2
2017,Chhattisgarh,Retail,2
2017,Chhattisgarh,House-Hold Services,1
2017,Chhattisgarh,Professional & Commercial Services,4
2017,Chhattisgarh,Textiles & Apparel,1
2017,Chhattisgarh,Indic Language Startups,1
2017,Chhattisgarh,Transportation & Storage,1
2017,Chhattisgarh,Robotics,1
2017,Chhattisgarh,Others,11
2017,Andhra Pradesh,Analytics,1
2017,Andhra Pradesh,Advertising,3
2017,Andhra Pradesh,AR VR (Augmented + Virtual Reality),1
2017,Andhra Pradesh,Automotive,2
2017,Andhra Pradesh,Chemicals,1
2017,Andhra Pradesh,Telecommunication & Networking,1
2017,Andhra Pradesh,Construction,4
2017,Andhra Pradesh,Agriculture,1
2017,Andhra Pradesh,AI,2
2017,Andhra Pradesh,Green Technology,5
2017,Andhra Pradesh,Finance Technology,2
2017,Andhra Pradesh,Enterprise Software,1
2017,Andhra Pradesh,Food & Beverages,3
2017,Andhra Pradesh,Design,2
2017,Andhra Pradesh,Education,7
2017,Andhra Pradesh,Renewable Energy,5
2017,Andhra Pradesh,Technology Hardware,6
2017,Andhra Pradesh,Healthcare & Lifesciences,9
2017,Andhra Pradesh,IT Services,18
2017,Andhra Pradesh,Marketing,2
2017,Andhra Pradesh,Non- Renewable Energy,1
2017,Andhra Pradesh,Media & Entertainment,1
2017,Andhra Pradesh,Retail,1
2017,Andhra Pradesh,House-Hold Services,1
2017,Andhra Pradesh,Professional & Commercial Services,1
2017,Andhra Pradesh,Sports,1
2017,Andhra Pradesh,Social Impact,1
2017,Andhra Pradesh,Textiles & Apparel,1
2017,Andhra Pradesh,Indic Language Startups,1
2017,Andhra Pradesh,Security Solutions,1
2017,Andhra Pradesh,Robotics,3
2017,Andhra Pradesh,Others,14
2017,Andaman and Nicobar Islands,Transportation & Storage,1
2017,Manipur,Agriculture,1
2017,Manipur,IT Services,1
2017,Manipur,Professional & Commercial Services,1
2017,Manipur,Textiles & Apparel,1
2017,Rajasthan,AR VR (Augmented + Virtual Reality),2
2017,Rajasthan,Automotive,4
2017,Rajasthan,Art & Photography,1
2017,Rajasthan,Telecommunication & Networking,2
2017,Rajasthan,Construction,4
2017,Rajasthan,Agriculture,6
2017,Rajasthan,AI,1
2017,Rajasthan,Green Technology,3
2017,Rajasthan,Fashion,4
2017,Rajasthan,Finance Technology,3
2017,Rajasthan,Enterprise Software,2
2017,Rajasthan,Food & Beverages,3
2017,Rajasthan,Design,3
2017,Rajasthan,Education,10
2017,Rajasthan,Renewable Energy,12
2017,Rajasthan,Technology Hardware,1
2017,Rajasthan,Healthcare & Lifesciences,10
2017,Rajasthan,IT Services,17
2017,Rajasthan,Human Resources,1
2017,Rajasthan,Marketing,3
2017,Rajasthan,Media & Entertainment,4
2017,Rajasthan,Retail,3
2017,Rajasthan,House-Hold Services,1
2017,Rajasthan,Professional & Commercial Services,3
2017,Rajasthan,Social Impact,1
2017,Rajasthan,Social Network,3
2017,Rajasthan,Textiles & Apparel,3
2017,Rajasthan,Indic Language Startups,2
2017,Rajasthan,Transportation & Storage,1
2017,Rajasthan,Travel & Tourism,6
2017,Rajasthan,Security Solutions,1
2017,Rajasthan,Other Specialty Retailers,1
2017,Rajasthan,Safety,1
2017,Rajasthan,Others,18
2017,Sikkim,Transportation & Storage,1
2017,Tamil Nadu,Analytics,2
2017,Tamil Nadu,Advertising,3
2017,Tamil Nadu,AR VR (Augmented + Virtual Reality),2
2017,Tamil Nadu,Automotive,6
2017,Tamil Nadu,Animation,1
2017,Tamil Nadu,Chemicals,1
2017,Tamil Nadu,Computer Vision,2
2017,Tamil Nadu,Telecommunication & Networking,1
2017,Tamil Nadu,Construction,3
2017,Tamil Nadu,Agriculture,9
2017,Tamil Nadu,Aeronautics Aerospace & Defence,2
2017,Tamil Nadu,AI,4
2017,Tamil Nadu,Green Technology,4
2017,Tamil Nadu,Events,2
2017,Tamil Nadu,Fashion,2
2017,Tamil Nadu,Finance Technology,5
2017,Tamil Nadu,Enterprise Software,10
2017,Tamil Nadu,Food & Beverages,11
2017,Tamil Nadu,Design,4
2017,Tamil Nadu,Education,16
2017,Tamil Nadu,Renewable Energy,7
2017,Tamil Nadu,Technology Hardware,7
2017,Tamil Nadu,Healthcare & Lifesciences,24
2017,Tamil Nadu,Internet of Things,11
2017,Tamil Nadu,IT Services,31
2017,Tamil Nadu,Marketing,4
2017,Tamil Nadu,Nanotechnology,2
2017,Tamil Nadu,Non- Renewable Energy,2
2017,Tamil Nadu,Media & Entertainment,2
2017,Tamil Nadu,Retail,6
2017,Tamil Nadu,House-Hold Services,1
2017,Tamil Nadu,Professional & Commercial Services,6
2017,Tamil Nadu,Sports,2
2017,Tamil Nadu,Textiles & Apparel,2
2017,Tamil Nadu,Indic Language Startups,5
2017,Tamil Nadu,Transportation & Storage,8
2017,Tamil Nadu,Travel & Tourism,2
2017,Tamil Nadu,Security Solutions,2
2017,Tamil Nadu,Real Estate,1
2017,Tamil Nadu,Safety,1
2017,Tamil Nadu,Robotics,1
2017,Tamil Nadu,Others,55
2017,Madhya Pradesh,Analytics,1
2017,Madhya Pradesh,Advertising,3
2017,Madhya Pradesh,Architecture Interior Design,1
2017,Madhya Pradesh,AR VR (Augmented + Virtual Reality),1
2017,Madhya Pradesh,Art & Photography,1
2017,Madhya Pradesh,Telecommunication & Networking,1
2017,Madhya Pradesh,Construction,1
2017,Madhya Pradesh,Agriculture,5
2017,Madhya Pradesh,Aeronautics Aerospace & Defence,1
2017,Madhya Pradesh,Enterprise Software,3
2017,Madhya Pradesh,Food & Beverages,1
2017,Madhya Pradesh,Design,2
2017,Madhya Pradesh,Education,7
2017,Madhya Pradesh,Renewable Energy,3
2017,Madhya Pradesh,Technology Hardware,4
2017,Madhya Pradesh,Healthcare & Lifesciences,13
2017,Madhya Pradesh,Internet of Things,3
2017,Madhya Pradesh,IT Services,19
2017,Madhya Pradesh,Marketing,2
2017,Madhya Pradesh,Nanotechnology,1
2017,Madhya Pradesh,Media & Entertainment,1
2017,Madhya Pradesh,Retail,1
2017,Madhya Pradesh,Professional & Commercial Services,6
2017,Madhya Pradesh,Social Network,2
2017,Madhya Pradesh,Textiles & Apparel,3
2017,Madhya Pradesh,Transportation & Storage,2
2017,Madhya Pradesh,Travel & Tourism,1
2017,Madhya Pradesh,Safety,1
2017,Madhya Pradesh,Others,18
2017,Nagaland,IT Services,1
2017,Nagaland,Media & Entertainment,1
2017,Nagaland,Travel & Tourism,1
2017,Nagaland,Others,1
2017,Telangana,Analytics,7
2017,Telangana,Advertising,4
2017,Telangana,Architecture Interior Design,1
2017,Telangana,AR VR (Augmented + Virtual Reality),5
2017,Telangana,Automotive,2
2017,Telangana,Animation,2
2017,Telangana,Computer Vision,2
2017,Telangana,Telecommunication & Networking,5
2017,Telangana,Construction,2
2017,Telangana,Agriculture,13
2017,Telangana,AI,3
2017,Telangana,Green Technology,7
2017,Telangana,Fashion,3
2017,Telangana,Finance Technology,6
2017,Telangana,Enterprise Software,13
2017,Telangana,Food & Beverages,5
2017,Telangana,Education,18
2017,Telangana,Renewable Energy,8
2017,Telangana,Technology Hardware,10
2017,Telangana,Healthcare & Lifesciences,49
2017,Telangana,Internet of Things,16
2017,Telangana,IT Services,41
2017,Telangana,Human Resources,4
2017,Telangana,Marketing,6
2017,Telangana,Nanotechnology,1
2017,Telangana,Non- Renewable Energy,1
2017,Telangana,Media & Entertainment,7
2017,Telangana,Retail,8
2017,Telangana,House-Hold Services,2
2017,Telangana,Professional & Commercial Services,10
2017,Telangana,Sports,1
2017,Telangana,Social Impact,1
2017,Telangana,Social Network,6
2017,Telangana,Textiles & Apparel,5
2017,Telangana,Indic Language Startups,8
2017,Telangana,Transportation & Storage,6
2017,Telangana,Travel & Tourism,1
2017,Telangana,Security Solutions,4
2017,Telangana,Other Specialty Retailers,3
2017,Telangana,Safety,1
2017,Telangana,Robotics,2
2017,Telangana,Others,29
2017,Uttarakhand,Advertising,2
2017,Uttarakhand,Telecommunication & Networking,2
2017,Uttarakhand,Construction,1
2017,Uttarakhand,Agriculture,2
2017,Uttarakhand,Green Technology,2
2017,Uttarakhand,Enterprise Software,1
2017,Uttarakhand,Food & Beverages,3
2017,Uttarakhand,Education,3
2017,Uttarakhand,Technology Hardware,1
2017,Uttarakhand,Healthcare & Lifesciences,2
2017,Uttarakhand,Internet of Things,1
2017,Uttarakhand,IT Services,6
2017,Uttarakhand,Human Resources,1
2017,Uttarakhand,Media & Entertainment,3
2017,Uttarakhand,House-Hold Services,1
2017,Uttarakhand,Professional & Commercial Services,1
2017,Uttarakhand,Indic Language Startups,1
2017,Uttarakhand,Travel & Tourism,4
2017,Uttarakhand,Security Solutions,1
2017,Uttarakhand,Others,7
2017,West Bengal,Analytics,4
2017,West Bengal,Advertising,2
2017,West Bengal,Automotive,3
2017,West Bengal,Art & Photography,1
2017,West Bengal,Chemicals,3
2017,West Bengal,Telecommunication & Networking,2
2017,West Bengal,Construction,1
2017,West Bengal,Agriculture,6
2017,West Bengal,AI,5
2017,West Bengal,Fashion,4
2017,West Bengal,Finance Technology,9
2017,West Bengal,Enterprise Software,4
2017,West Bengal,Food & Beverages,5
2017,West Bengal,Design,1
2017,West Bengal,Education,16
2017,West Bengal,Renewable Energy,4
2017,West Bengal,Technology Hardware,6
2017,West Bengal,Healthcare & Lifesciences,21
2017,West Bengal,Internet of Things,2
2017,West Bengal,IT Services,31
2017,West Bengal,Human Resources,1
2017,West Bengal,Marketing,1
2017,West Bengal,Media & Entertainment,5
2017,West Bengal,Retail,6
2017,West Bengal,Professional & Commercial Services,4
2017,West Bengal,Sports,1
2017,West Bengal,Social Impact,2
2017,West Bengal,Social Network,2
2017,West Bengal,Textiles & Apparel,1
2017,West Bengal,Indic Language Startups,1
2017,West Bengal,Transportation & Storage,4
2017,West Bengal,Travel & Tourism,3
2017,West Bengal,Security Solutions,1
2017,West Bengal,Real Estate,1
2017,West Bengal,Other Specialty Retailers,1
2017,West Bengal,Robotics,2
2017,West Bengal,Others,15
2017,Uttar Pradesh,Advertising,5
2017,Uttar Pradesh,Architecture Interior Design,2
2017,Uttar Pradesh,AR VR (Augmented + Virtual Reality),1
2017,Uttar Pradesh,Automotive,7
2017,Uttar Pradesh,Art & Photography,3
2017,Uttar Pradesh,Animation,1
2017,Uttar Pradesh,Chemicals,3
2017,Uttar Pradesh,Computer Vision,1
2017,Uttar Pradesh,Telecommunication & Networking,6
2017,Uttar Pradesh,Construction,7
2017,Uttar Pradesh,Agriculture,11
2017,Uttar Pradesh,Aeronautics Aerospace & Defence,2
2017,Uttar Pradesh,AI,6
2017,Uttar Pradesh,Green Technology,9
2017,Uttar Pradesh,Events,4
2017,Uttar Pradesh,Fashion,4
2017,Uttar Pradesh,Finance Technology,9
2017,Uttar Pradesh,Enterprise Software,8
2017,Uttar Pradesh,Food & Beverages,8
2017,Uttar Pradesh,Design,3
2017,Uttar Pradesh,Education,33
2017,Uttar Pradesh,Renewable Energy,23
2017,Uttar Pradesh,Technology Hardware,9
2017,Uttar Pradesh,Healthcare & Lifesciences,32
2017,Uttar Pradesh,Internet of Things,9
2017,Uttar Pradesh,IT Services,59
2017,Uttar Pradesh,Human Resources,3
2017,Uttar Pradesh,Marketing,6
2017,Uttar Pradesh,Non- Renewable Energy,1
2017,Uttar Pradesh,Pets & Animals,2
2017,Uttar Pradesh,Media & Entertainment,9
2017,Uttar Pradesh,Retail,7
2017,Uttar Pradesh,House-Hold Services,8
2017,Uttar Pradesh,Professional & Commercial Services,16
2017,Uttar Pradesh,Sports,4
2017,Uttar Pradesh,Social Impact,3
2017,Uttar Pradesh,Social Network,6
2017,Uttar Pradesh,Textiles & Apparel,7
2017,Uttar Pradesh,Indic Language Startups,4
2017,Uttar Pradesh,Transportation & Storage,6
2017,Uttar Pradesh,Travel & Tourism,8
2017,Uttar Pradesh,Security Solutions,4
2017,Uttar Pradesh,Real Estate,3
2017,Uttar Pradesh,Other Specialty Retailers,1
2017,Uttar Pradesh,Safety,2
2017,Uttar Pradesh,Robotics,1
2017,Uttar Pradesh,Others,48
2017,Maharashtra,Analytics,13
2017,Maharashtra,Advertising,9
2017,Maharashtra,Architecture Interior Design,7
2017,Maharashtra,AR VR (Augmented + Virtual Reality),6
2017,Maharashtra,Automotive,16
2017,Maharashtra,Art & Photography,5
2017,Maharashtra,Animation,1
2017,Maharashtra,Chemicals,7
2017,Maharashtra,Computer Vision,3
2017,Maharashtra,Telecommunication & Networking,12
2017,Maharashtra,Construction,15
2017,Maharashtra,Agriculture,35
2017,Maharashtra,Aeronautics Aerospace & Defence,3
2017,Maharashtra,AI,11
2017,Maharashtra,Green Technology,30
2017,Maharashtra,Events,4
2017,Maharashtra,Fashion,15
2017,Maharashtra,Finance Technology,50
2017,Maharashtra,Enterprise Software,35
2017,Maharashtra,Food & Beverages,33
2017,Maharashtra,Design,16
2017,Maharashtra,Dating Matrimonial,1
2017,Maharashtra,Education,66
2017,Maharashtra,Renewable Energy,20
2017,Maharashtra,Technology Hardware,30
2017,Maharashtra,Healthcare & Lifesciences,110
2017,Maharashtra,Internet of Things,30
2017,Maharashtra,IT Services,88
2017,Maharashtra,Human Resources,17
2017,Maharashtra,Marketing,14
2017,Maharashtra,Non- Renewable Energy,1
2017,Maharashtra,Pets & Animals,3
2017,Maharashtra,Media & Entertainment,18
2017,Maharashtra,Retail,25
2017,Maharashtra,House-Hold Services,6
2017,Maharashtra,Professional & Commercial Services,45
2017,Maharashtra,Sports,7
2017,Maharashtra,Social Impact,8
2017,Maharashtra,Social Network,10
2017,Maharashtra,Textiles & Apparel,9
2017,Maharashtra,Indic Language Startups,5
2017,Maharashtra,Transportation & Storage,19
2017,Maharashtra,Travel & Tourism,10
2017,Maharashtra,Security Solutions,8
2017,Maharashtra,Real Estate,8
2017,Maharashtra,Other Specialty Retailers,10
2017,Maharashtra,Safety,4
2017,Maharashtra,Robotics,6
2017,Maharashtra,Others,203
2017,Dadra and Nagar Haveli and Daman and Diu,Telecommunication & Networking,1
2017,Dadra and Nagar Haveli and Daman and Diu,Healthcare & Lifesciences,1
2017,Dadra and Nagar Haveli and Daman and Diu,Professional & Commercial Services,1
2017,Dadra and Nagar Haveli and Daman and Diu,Others,1
2017,Puducherry,Renewable Energy,1
2017,Puducherry,IT Services,1
2017,Puducherry,Textiles & Apparel,1
2017,Odisha,Analytics,1
2017,Odisha,Advertising,1
2017,Odisha,AR VR (Augmented + Virtual Reality),2
2017,Odisha,Automotive,3
2017,Odisha,Art & Photography,2
2017,Odisha,Agriculture,7
2017,Odisha,Green Technology,3
2017,Odisha,Events,2
2017,Odisha,Fashion,1
2017,Odisha,Finance Technology,1
2017,Odisha,Enterprise Software,1
2017,Odisha,Food & Beverages,9
2017,Odisha,Dating Matrimonial,1
2017,Odisha,Education,5
2017,Odisha,Renewable Energy,3
2017,Odisha,Technology Hardware,4
2017,Odisha,Healthcare & Lifesciences,10
2017,Odisha,Internet of Things,2
2017,Odisha,IT Services,22
2017,Odisha,Human Resources,1
2017,Odisha,Marketing,4
2017,Odisha,Pets & Animals,1
2017,Odisha,Media & Entertainment,1
2017,Odisha,Retail,2
2017,Odisha,Professional & Commercial Services,1
2017,Odisha,Social Impact,1
2017,Odisha,Textiles & Apparel,4
2017,Odisha,Indic Language Startups,1
2017,Odisha,Transportation & Storage,1
2017,Odisha,Travel & Tourism,2
2017,Odisha,Robotics,1
2017,Odisha,Others,15
2017,Punjab,Advertising,1
2017,Punjab,AR VR (Augmented + Virtual Reality),1
2017,Punjab,Construction,1
2017,Punjab,Agriculture,1
2017,Punjab,Food & Beverages,3
2017,Punjab,Education,1
2017,Punjab,Renewable Energy,2
2017,Punjab,Technology Hardware,1
2017,Punjab,Healthcare & Lifesciences,2
2017,Punjab,IT Services,4
2017,Punjab,Human Resources,1
2017,Punjab,Pets & Animals,1
2017,Punjab,Media & Entertainment,1
2017,Punjab,Retail,1
2017,Punjab,Social Network,1
2017,Punjab,Textiles & Apparel,1
2017,Punjab,Travel & Tourism,1
2017,Punjab,Others,7
2016,Assam,Healthcare & Lifesciences,1
2016,Assam,Others,9
2016,Chandigarh,Healthcare & Lifesciences,2
2016,Chandigarh,Others,7
2016,Goa,Healthcare & Lifesciences,1
2016,Goa,Others,1
2016,Delhi,Green Technology,1
2016,Delhi,Fashion,1
2016,Delhi,Healthcare & Lifesciences,5
2016,Delhi,Social Impact,1
2016,Delhi,Indic Language Startups,4
2016,Delhi,Others,62
2016,Gujarat,Renewable Energy,1
2016,Gujarat,Healthcare & Lifesciences,2
2016,Gujarat,Indic Language Startups,2
2016,Gujarat,Others,24
2016,Haryana,Telecommunication & Networking,1
2016,Haryana,Construction,1
2016,Haryana,Fashion,1
2016,Haryana,Healthcare & Lifesciences,1
2016,Haryana,Transportation & Storage,1
2016,Haryana,Others,23
2016,Jammu and Kashmir,Others,2
2016,Jharkhand,Others,2
2016,Bihar,Others,1
2016,Kerala,Analytics,1
2016,Kerala,Enterprise Software,1
2016,Kerala,Renewable Energy,1
2016,Kerala,Technology Hardware,1
2016,Kerala,Healthcare & Lifesciences,3
2016,Kerala,Others,18
2016,Karnataka,Construction,1
2016,Karnataka,Renewable Energy,1
2016,Karnataka,Healthcare & Lifesciences,9
2016,Karnataka,Others,56
2016,Chhattisgarh,Healthcare & Lifesciences,2
2016,Chhattisgarh,Others,9
2016,Andhra Pradesh,Others,4
2016,Rajasthan,Agriculture,1
2016,Rajasthan,Others,13
2016,Tamil Nadu,Automotive,1
2016,Tamil Nadu,Healthcare & Lifesciences,4
2016,Tamil Nadu,IT Services,1
2016,Tamil Nadu,Robotics,1
2016,Tamil Nadu,Others,45
2016,Madhya Pradesh,Healthcare & Lifesciences,1
2016,Madhya Pradesh,Others,6
2016,Nagaland,Others,1
2016,Telangana,Healthcare & Lifesciences,3
2016,Telangana,Others,17
2016,Uttarakhand,Indic Language Startups,1
2016,Uttarakhand,Others,3
2016,West Bengal,Technology Hardware,1
2016,West Bengal,Healthcare & Lifesciences,1
2016,West Bengal,Others,6
2016,Uttar Pradesh,Healthcare & Lifesciences,2
2016,Uttar Pradesh,Indic Language Startups,3
2016,Uttar Pradesh,Others,23
2016,Maharashtra,Healthcare & Lifesciences,9
2016,Maharashtra,Indic Language Startups,5
2016,Maharashtra,Travel & Tourism,1
2016,Maharashtra,Others,78
2016,Odisha,Others,4
2016,Punjab,Others,7
